parent_a,parent_b,labels_a,labels_b,a_per_class,b_per_class,a_per_task,b_per_task,child_joint,child_per_task,child_task_a,child_task_b,child_per_class,regime,preset,eta,head,type_A,type_B,type_C,type_E,type_D_plus,type_D_minus,norm_ratio_min,norm_ratio_med,norm_ratio_max,typed_frac_mean,layers_analysed,merging_fn,population,core,time_s
09111d7d,1887bcd2,0_7_8,2_7_9,"[0.7740000486373901, 0.0, 0.0, 0.0, 0.0, 0.0, 0.0, 0.4820000231266022, 0.45100003480911255, 0.0]","[0.0, 0.0, 0.8840000629425049, 0.0, 0.0, 0.0, 0.0, 0.3330000042915344, 0.0, 0.5390000343322754]",0.5690000057220459,0.5853333473205566,0.248,0.39749999999999996,0.44266666666666665,0.35233333333333333,"[0.34, null, 0.037, null, null, null, null, 0.988, 0.0, 0.032]",average@0.80@average,average,0.8,average,0.02472094857131245,0.09176184542505336,0.16878925277972026,0.2566994158143108,0.4145177500319542,0.043510787377648755,0.6179449605208897,0.694364573760993,0.8062347598383578,0.715300261694725,21,globa_v2,runs_exp2d/seed0/population,runs_ssl/simsiam_e50_seed0/backbone_e9.pth.tar,14.2
09111d7d,1887bcd2,0_7_8,2_7_9,"[0.7740000486373901, 0.0, 0.0, 0.0, 0.0, 0.0, 0.0, 0.4820000231266022, 0.45100003480911255, 0.0]","[0.0, 0.0, 0.8840000629425049, 0.0, 0.0, 0.0, 0.0, 0.3330000042915344, 0.0, 0.5390000343322754]",0.5690000057220459,0.5853333473205566,0.3694,0.4375,0.36533333333333334,0.5096666666666667,"[0.613, null, 0.9, null, null, null, null, 0.054, 0.429, 0.575]",average@0.80@label,average,0.8,label,0.02472094857131245,0.09176184542505336,0.16878925277972026,0.2566994158143108,0.4145177500319542,0.043510787377648755,0.6179449605208897,0.694364573760993,0.8062347598383578,0.715300261694725,21,globa_v2,runs_exp2d/seed0/population,runs_ssl/simsiam_e50_seed0/backbone_e9.pth.tar,15.0
09111d7d,1887bcd2,0_7_8,2_7_9,"[0.7740000486373901, 0.0, 0.0, 0.0, 0.0, 0.0, 0.0, 0.4820000231266022, 0.45100003480911255, 0.0]","[0.0, 0.0, 0.8840000629425049, 0.0, 0.0, 0.0, 0.0, 0.3330000042915344, 0.0, 0.5390000343322754]",0.5690000057220459,0.5853333473205566,0.2562,0.4295,0.492,0.367,"[0.49, null, 0.062, null, null, null, null, 0.986, 0.0, 0.053]",single-full@0.80@average,single-full,0.8,average,0.02472094857131245,0.09176184542505336,0.16878925277972026,0.2566994158143108,0.4145177500319542,0.043510787377648755,0.8879385809266807,0.9892162156292094,1.1171064147793999,0.715300261694725,21,globa_v2,runs_exp2d/seed0/population,runs_ssl/simsiam_e50_seed0/backbone_e9.pth.tar,14.4
09111d7d,1887bcd2,0_7_8,2_7_9,"[0.7740000486373901, 0.0, 0.0, 0.0, 0.0, 0.0, 0.0, 0.4820000231266022, 0.45100003480911255, 0.0]","[0.0, 0.0, 0.8840000629425049, 0.0, 0.0, 0.0, 0.0, 0.3330000042915344, 0.0, 0.5390000343322754]",0.5690000057220459,0.5853333473205566,0.3768,0.4611666666666666,0.37966666666666665,0.5426666666666666,"[0.684, null, 0.892, null, null, null, null, 0.118, 0.337, 0.618]",single-full@0.80@label,single-full,0.8,label,0.02472094857131245,0.09176184542505336,0.16878925277972026,0.2566994158143108,0.4145177500319542,0.043510787377648755,0.8879385809266807,0.9892162156292094,1.1171064147793999,0.715300261694725,21,globa_v2,runs_exp2d/seed0/population,runs_ssl/simsiam_e50_seed0/backbone_e9.pth.tar,14.5
09111d7d,366f9057,0_7_8,3_5_9,"[0.7740000486373901, 0.0, 0.0, 0.0, 0.0, 0.0, 0.0, 0.4820000231266022, 0.45100003480911255, 0.0]","[0.0, 0.0, 0.0, 0.6830000281333923, 0.0, 0.4230000078678131, 0.0, 0.0, 0.0, 0.6110000014305115]",0.5690000057220459,0.5723333358764648,0.2648333333333333,0.4641666666666666,0.39866666666666667,0.5296666666666666,"[0.98, null, null, 0.869, null, 0.001, null, 0.213, 0.003, 0.719]",average@0.80@average,average,0.8,average,0.024315381173015314,0.029567070446433627,0.10470166769112761,0.3438348659489635,0.4593244946776393,0.03825652006282058,0.5549956523048196,0.6841754971788251,0.7307853727590087,0.7164535828469145,21,globa_v2,runs_exp2d/seed0/population,runs_ssl/simsiam_e50_seed0/backbone_e9.pth.tar,14.6
09111d7d,366f9057,0_7_8,3_5_9,"[0.7740000486373901, 0.0, 0.0, 0.0, 0.0, 0.0, 0.0, 0.4820000231266022, 0.45100003480911255, 0.0]","[0.0, 0.0, 0.0, 0.6830000281333923, 0.0, 0.4230000078678131, 0.0, 0.0, 0.0, 0.6110000014305115]",0.5690000057220459,0.5723333358764648,0.24483333333333332,0.5285,0.524,0.533,"[0.607, null, null, 0.812, null, 0.221, null, 0.531, 0.434, 0.566]",average@0.80@label,average,0.8,label,0.024315381173015314,0.029567070446433627,0.10470166769112761,0.3438348659489635,0.4593244946776393,0.03825652006282058,0.5549956523048196,0.6841754971788251,0.7307853727590087,0.7164535828469145,21,globa_v2,runs_exp2d/seed0/population,runs_ssl/simsiam_e50_seed0/backbone_e9.pth.tar,14.7
09111d7d,366f9057,0_7_8,3_5_9,"[0.7740000486373901, 0.0, 0.0, 0.0, 0.0, 0.0, 0.0, 0.4820000231266022, 0.45100003480911255, 0.0]","[0.0, 0.0, 0.0, 0.6830000281333923, 0.0, 0.4230000078678131, 0.0, 0.0, 0.0, 0.6110000014305115]",0.5690000057220459,0.5723333358764648,0.2615,0.4795,0.42633333333333334,0.5326666666666666,"[0.963, null, null, 0.921, null, 0.014, null, 0.312, 0.004, 0.663]",single-full@0.80@average,single-full,0.8,average,0.024315381173015314,0.029567070446433627,0.10470166769112761,0.3438348659489635,0.4593244946776393,0.03825652006282058,0.7307853727590087,0.9655983541655939,1.1212758205571156,0.7164535828469145,21,globa_v2,runs_exp2d/seed0/population,runs_ssl/simsiam_e50_seed0/backbone_e9.pth.tar,14.6
09111d7d,366f9057,0_7_8,3_5_9,"[0.7740000486373901, 0.0, 0.0, 0.0, 0.0, 0.0, 0.0, 0.4820000231266022, 0.45100003480911255, 0.0]","[0.0, 0.0, 0.0, 0.6830000281333923, 0.0, 0.4230000078678131, 0.0, 0.0, 0.0, 0.6110000014305115]",0.5690000057220459,0.5723333358764648,0.23683333333333334,0.5346666666666666,0.5203333333333333,0.549,"[0.644, null, null, 0.726, null, 0.329, null, 0.542, 0.375, 0.592]",single-full@0.80@label,single-full,0.8,label,0.024315381173015314,0.029567070446433627,0.10470166769112761,0.3438348659489635,0.4593244946776393,0.03825652006282058,0.7307853727590087,0.9655983541655939,1.1212758205571156,0.7164535828469145,21,globa_v2,runs_exp2d/seed0/population,runs_ssl/simsiam_e50_seed0/backbone_e9.pth.tar,14.6
09111d7d,5ffed8da,0_7_8,6_8_9,"[0.7740000486373901, 0.0, 0.0, 0.0, 0.0, 0.0, 0.0, 0.4820000231266022, 0.45100003480911255, 0.0]","[0.0, 0.0, 0.0, 0.0, 0.0, 0.0, 0.9120000600814819, 0.0, 0.7490000128746033, 0.6790000200271606]",0.5690000057220459,0.7800000309944153,0.1908,0.33366666666666667,0.33266666666666667,0.33466666666666667,"[0.0, null, null, null, null, null, 0.003, 0.0, 0.998, 0.003]",average@0.80@average,average,0.8,average,0.04235597094798581,0.007398115088928562,0.0804609111499296,0.1374205782186174,0.6584280707447283,0.07393635384981023,0.636296303840547,0.6868735922484945,0.7475033363371172,0.7168729204836326,21,globa_v2,runs_exp2d/seed0/population,runs_ssl/simsiam_e50_seed0/backbone_e9.pth.tar,14.5
09111d7d,5ffed8da,0_7_8,6_8_9,"[0.7740000486373901, 0.0, 0.0, 0.0, 0.0, 0.0, 0.0, 0.4820000231266022, 0.45100003480911255, 0.0]","[0.0, 0.0, 0.0, 0.0, 0.0, 0.0, 0.9120000600814819, 0.0, 0.7490000128746033, 0.6790000200271606]",0.5690000057220459,0.7800000309944153,0.3404,0.6133333333333333,0.4806666666666667,0.746,"[0.463, null, null, null, null, null, 0.768, 0.24, 0.739, 0.731]",average@0.80@label,average,0.8,label,0.04235597094798581,0.007398115088928562,0.0804609111499296,0.1374205782186174,0.6584280707447283,0.07393635384981023,0.636296303840547,0.6868735922484945,0.7475033363371172,0.7168729204836326,21,globa_v2,runs_exp2d/seed0/population,runs_ssl/simsiam_e50_seed0/backbone_e9.pth.tar,14.1
09111d7d,5ffed8da,0_7_8,6_8_9,"[0.7740000486373901, 0.0, 0.0, 0.0, 0.0, 0.0, 0.0, 0.4820000231266022, 0.45100003480911255, 0.0]","[0.0, 0.0, 0.0, 0.0, 0.0, 0.0, 0.9120000600814819, 0.0, 0.7490000128746033, 0.6790000200271606]",0.5690000057220459,0.7800000309944153,0.1932,0.3401666666666666,0.3323333333333333,0.348,"[0.0, null, null, null, null, null, 0.039, 0.0, 0.997, 0.008]",single-full@0.80@average,single-full,0.8,average,0.04235597094798581,0.007398115088928562,0.0804609111499296,0.1374205782186174,0.6584280707447283,0.07393635384981023,0.7475033363371172,0.9500057559665717,1.0753714382015263,0.7168729204836326,21,globa_v2,runs_exp2d/seed0/population,runs_ssl/simsiam_e50_seed0/backbone_e9.pth.tar,14.0
09111d7d,5ffed8da,0_7_8,6_8_9,"[0.7740000486373901, 0.0, 0.0, 0.0, 0.0, 0.0, 0.0, 0.4820000231266022, 0.45100003480911255, 0.0]","[0.0, 0.0, 0.0, 0.0, 0.0, 0.0, 0.9120000600814819, 0.0, 0.7490000128746033, 0.6790000200271606]",0.5690000057220459,0.7800000309944153,0.3318,0.62,0.4866666666666667,0.7533333333333333,"[0.427, null, null, null, null, null, 0.774, 0.246, 0.787, 0.699]",single-full@0.80@label,single-full,0.8,label,0.04235597094798581,0.007398115088928562,0.0804609111499296,0.1374205782186174,0.6584280707447283,0.07393635384981023,0.7475033363371172,0.9500057559665717,1.0753714382015263,0.7168729204836326,21,globa_v2,runs_exp2d/seed0/population,runs_ssl/simsiam_e50_seed0/backbone_e9.pth.tar,14.4
09111d7d,88ed44d1,0_7_8,3_6_7,"[0.7740000486373901, 0.0, 0.0, 0.0, 0.0, 0.0, 0.0, 0.4820000231266022, 0.45100003480911255, 0.0]","[0.0, 0.0, 0.0, 0.1810000091791153, 0.0, 0.0, 0.9600000381469727, 0.1340000033378601, 0.0, 0.0]",0.5690000057220459,0.42500004172325134,0.2142,0.3645,0.39566666666666667,0.3333333333333333,"[0.169, null, null, 0.0, null, null, 0.0, 1.0, 0.018, null]",average@0.80@average,average,0.8,average,0.05735127047357886,0.024871071433346003,0.1255078659771317,0.17342946044226284,0.5852636500300217,0.033576681643658866,0.6404279788479492,0.7197498669415224,0.7557757801842491,0.7175611155291285,21,globa_v2,runs_exp2d/seed0/population,runs_ssl/simsiam_e50_seed0/backbone_e9.pth.tar,14.2
09111d7d,88ed44d1,0_7_8,3_6_7,"[0.7740000486373901, 0.0, 0.0, 0.0, 0.0, 0.0, 0.0, 0.4820000231266022, 0.45100003480911255, 0.0]","[0.0, 0.0, 0.0, 0.1810000091791153, 0.0, 0.0, 0.9600000381469727, 0.1340000033378601, 0.0, 0.0]",0.5690000057220459,0.42500004172325134,0.285,0.4261666666666667,0.42433333333333334,0.428,"[0.682, null, null, 0.211, null, null, 0.948, 0.125, 0.466, null]",average@0.80@label,average,0.8,label,0.05735127047357886,0.024871071433346003,0.1255078659771317,0.17342946044226284,0.5852636500300217,0.033576681643658866,0.6404279788479492,0.7197498669415224,0.7557757801842491,0.7175611155291285,21,globa_v2,runs_exp2d/seed0/population,runs_ssl/simsiam_e50_seed0/backbone_e9.pth.tar,14.1
09111d7d,88ed44d1,0_7_8,3_6_7,"[0.7740000486373901, 0.0, 0.0, 0.0, 0.0, 0.0, 0.0, 0.4820000231266022, 0.45100003480911255, 0.0]","[0.0, 0.0, 0.0, 0.1810000091791153, 0.0, 0.0, 0.9600000381469727, 0.1340000033378601, 0.0, 0.0]",0.5690000057220459,0.42500004172325134,0.2106,0.38949999999999996,0.44566666666666666,0.3333333333333333,"[0.157, null, null, 0.0, null, null, 0.0, 1.0, 0.18, null]",single-full@0.80@average,single-full,0.8,average,0.05735127047357886,0.024871071433346003,0.1255078659771317,0.17342946044226284,0.5852636500300217,0.033576681643658866,0.8343911045813636,1.0097636410143276,1.203001285070801,0.7175611155291285,21,globa_v2,runs_exp2d/seed0/population,runs_ssl/simsiam_e50_seed0/backbone_e9.pth.tar,14.1
09111d7d,88ed44d1,0_7_8,3_6_7,"[0.7740000486373901, 0.0, 0.0, 0.0, 0.0, 0.0, 0.0, 0.4820000231266022, 0.45100003480911255, 0.0]","[0.0, 0.0, 0.0, 0.1810000091791153, 0.0, 0.0, 0.9600000381469727, 0.1340000033378601, 0.0, 0.0]",0.5690000057220459,0.42500004172325134,0.2968,0.4141666666666667,0.41733333333333333,0.411,"[0.665, null, null, 0.184, null, null, 0.949, 0.1, 0.487, null]",single-full@0.80@label,single-full,0.8,label,0.05735127047357886,0.024871071433346003,0.1255078659771317,0.17342946044226284,0.5852636500300217,0.033576681643658866,0.8343911045813636,1.0097636410143276,1.203001285070801,0.7175611155291285,21,globa_v2,runs_exp2d/seed0/population,runs_ssl/simsiam_e50_seed0/backbone_e9.pth.tar,14.1
09111d7d,905afff7,0_7_8,3_5_6,"[0.7740000486373901, 0.0, 0.0, 0.0, 0.0, 0.0, 0.0, 0.4820000231266022, 0.45100003480911255, 0.0]","[0.0, 0.0, 0.0, 0.08700000494718552, 0.0, 0.026000000536441803, 0.9790000319480896, 0.0, 0.0, 0.0]",0.5690000057220459,0.36399999260902405,0.1965,0.514,0.6,0.428,"[0.345, null, null, 0.514, null, 0.0, 0.77, 0.838, 0.617, null]",average@0.80@average,average,0.8,average,0.06320144269976885,0.012221788643394942,0.07959673441042495,0.12528059505440664,0.701418080741032,0.018281358450972788,0.6790309965678095,0.7461686264273233,0.7694691122401659,0.7135184273649782,21,globa_v2,runs_exp2d/seed0/population,runs_ssl/simsiam_e50_seed0/backbone_e9.pth.tar,14.4
09111d7d,905afff7,0_7_8,3_5_6,"[0.7740000486373901, 0.0, 0.0, 0.0, 0.0, 0.0, 0.0, 0.4820000231266022, 0.45100003480911255, 0.0]","[0.0, 0.0, 0.0, 0.08700000494718552, 0.0, 0.026000000536441803, 0.9790000319480896, 0.0, 0.0, 0.0]",0.5690000057220459,0.36399999260902405,0.32183333333333336,0.43333333333333335,0.492,0.37466666666666665,"[0.636, null, null, 0.141, null, 0.006, 0.977, 0.371, 0.469, null]",average@0.80@label,average,0.8,label,0.06320144269976885,0.012221788643394942,0.07959673441042495,0.12528059505440664,0.701418080741032,0.018281358450972788,0.6790309965678095,0.7461686264273233,0.7694691122401659,0.7135184273649782,21,globa_v2,runs_exp2d/seed0/population,runs_ssl/simsiam_e50_seed0/backbone_e9.pth.tar,14.4
09111d7d,905afff7,0_7_8,3_5_6,"[0.7740000486373901, 0.0, 0.0, 0.0, 0.0, 0.0, 0.0, 0.4820000231266022, 0.45100003480911255, 0.0]","[0.0, 0.0, 0.0, 0.08700000494718552, 0.0, 0.026000000536441803, 0.9790000319480896, 0.0, 0.0, 0.0]",0.5690000057220459,0.36399999260902405,0.22133333333333333,0.5116666666666667,0.588,0.43533333333333335,"[0.433, null, null, 0.559, null, 0.0, 0.747, 0.768, 0.563, null]",single-full@0.80@average,single-full,0.8,average,0.06320144269976885,0.012221788643394942,0.07959673441042495,0.12528059505440664,0.701418080741032,0.018281358450972788,0.7595546950901888,1.0102724985665192,1.086659102535024,0.7135184273649782,21,globa_v2,runs_exp2d/seed0/population,runs_ssl/simsiam_e50_seed0/backbone_e9.pth.tar,14.4
09111d7d,905afff7,0_7_8,3_5_6,"[0.7740000486373901, 0.0, 0.0, 0.0, 0.0, 0.0, 0.0, 0.4820000231266022, 0.45100003480911255, 0.0]","[0.0, 0.0, 0.0, 0.08700000494718552, 0.0, 0.026000000536441803, 0.9790000319480896, 0.0, 0.0, 0.0]",0.5690000057220459,0.36399999260902405,0.31833333333333336,0.4455,0.519,0.372,"[0.713, null, null, 0.133, null, 0.005, 0.978, 0.45, 0.394, null]",single-full@0.80@label,single-full,0.8,label,0.06320144269976885,0.012221788643394942,0.07959673441042495,0.12528059505440664,0.701418080741032,0.018281358450972788,0.7595546950901888,1.0102724985665192,1.086659102535024,0.7135184273649782,21,globa_v2,runs_exp2d/seed0/population,runs_ssl/simsiam_e50_seed0/backbone_e9.pth.tar,14.5
09111d7d,be2e50e9,0_7_8,3_6_7,"[0.7740000486373901, 0.0, 0.0, 0.0, 0.0, 0.0, 0.0, 0.4820000231266022, 0.45100003480911255, 0.0]","[0.0, 0.0, 0.0, 0.26100000739097595, 0.0, 0.0, 0.9020000696182251, 0.34200000762939453, 0.0, 0.0]",0.5690000057220459,0.5016667246818542,0.2016,0.35916666666666663,0.38466666666666666,0.33366666666666667,"[0.136, null, null, 0.001, null, null, 0.0, 1.0, 0.018, null]",average@0.80@average,average,0.8,average,0.02033933018436182,0.02043148509727421,0.0642219651907188,0.2628525326147972,0.5924705563888607,0.03968413052398732,0.6334467849515591,0.7383780478401686,0.7684817460579342,0.7131901920896672,21,globa_v2,runs_exp2d/seed0/population,runs_ssl/simsiam_e50_seed0/backbone_e9.pth.tar,14.1
09111d7d,be2e50e9,0_7_8,3_6_7,"[0.7740000486373901, 0.0, 0.0, 0.0, 0.0, 0.0, 0.0, 0.4820000231266022, 0.45100003480911255, 0.0]","[0.0, 0.0, 0.0, 0.26100000739097595, 0.0, 0.0, 0.9020000696182251, 0.34200000762939453, 0.0, 0.0]",0.5690000057220459,0.5016667246818542,0.275,0.42333333333333334,0.40066666666666667,0.446,"[0.646, null, null, 0.363, null, null, 0.858, 0.117, 0.439, null]",average@0.80@label,average,0.8,label,0.02033933018436182,0.02043148509727421,0.0642219651907188,0.2628525326147972,0.5924705563888607,0.03968413052398732,0.6334467849515591,0.7383780478401686,0.7684817460579342,0.7131901920896672,21,globa_v2,runs_exp2d/seed0/population,runs_ssl/simsiam_e50_seed0/backbone_e9.pth.tar,14.2
09111d7d,be2e50e9,0_7_8,3_6_7,"[0.7740000486373901, 0.0, 0.0, 0.0, 0.0, 0.0, 0.0, 0.4820000231266022, 0.45100003480911255, 0.0]","[0.0, 0.0, 0.0, 0.26100000739097595, 0.0, 0.0, 0.9020000696182251, 0.34200000762939453, 0.0, 0.0]",0.5690000057220459,0.5016667246818542,0.202,0.37416666666666665,0.4146666666666667,0.33366666666666667,"[0.154, null, null, 0.001, null, null, 0.0, 1.0, 0.09, null]",single-full@0.80@average,single-full,0.8,average,0.02033933018436182,0.02043148509727421,0.0642219651907188,0.2628525326147972,0.5924705563888607,0.03968413052398732,0.6334467849515591,1.0494456555285887,1.110675644717969,0.7131901920896672,21,globa_v2,runs_exp2d/seed0/population,runs_ssl/simsiam_e50_seed0/backbone_e9.pth.tar,14.0
09111d7d,be2e50e9,0_7_8,3_6_7,"[0.7740000486373901, 0.0, 0.0, 0.0, 0.0, 0.0, 0.0, 0.4820000231266022, 0.45100003480911255, 0.0]","[0.0, 0.0, 0.0, 0.26100000739097595, 0.0, 0.0, 0.9020000696182251, 0.34200000762939453, 0.0, 0.0]",0.5690000057220459,0.5016667246818542,0.2822,0.4231666666666667,0.409,0.43733333333333335,"[0.744, null, null, 0.322, null, null, 0.873, 0.117, 0.366, null]",single-full@0.80@label,single-full,0.8,label,0.02033933018436182,0.02043148509727421,0.0642219651907188,0.2628525326147972,0.5924705563888607,0.03968413052398732,0.6334467849515591,1.0494456555285887,1.110675644717969,0.7131901920896672,21,globa_v2,runs_exp2d/seed0/population,runs_ssl/simsiam_e50_seed0/backbone_e9.pth.tar,14.1
09111d7d,cb3a86af,0_7_8,1_6_7,"[0.7740000486373901, 0.0, 0.0, 0.0, 0.0, 0.0, 0.0, 0.4820000231266022, 0.45100003480911255, 0.0]","[0.0, 0.5400000214576721, 0.0, 0.0, 0.0, 0.0, 0.9630000591278076, 0.28700000047683716, 0.0, 0.0]",0.5690000057220459,0.5966666340827942,0.2088,0.37266666666666665,0.412,0.3333333333333333,"[0.219, 0.0, null, null, null, null, 0.0, 1.0, 0.017, null]",average@0.80@average,average,0.8,average,0.01844160965270994,0.09394072785143301,0.21922277340393478,0.3681175790172121,0.28758259246881507,0.012694717605895122,0.7035367288913126,0.753957950894081,0.8267477261981966,0.7123675794683975,21,globa_v2,runs_exp2d/seed0/population,runs_ssl/simsiam_e50_seed0/backbone_e9.pth.tar,14.2
09111d7d,cb3a86af,0_7_8,1_6_7,"[0.7740000486373901, 0.0, 0.0, 0.0, 0.0, 0.0, 0.0, 0.4820000231266022, 0.45100003480911255, 0.0]","[0.0, 0.5400000214576721, 0.0, 0.0, 0.0, 0.0, 0.9630000591278076, 0.28700000047683716, 0.0, 0.0]",0.5690000057220459,0.5966666340827942,0.3672,0.5973333333333333,0.5606666666666666,0.634,"[0.648, 0.503, null, null, null, null, 0.882, 0.517, 0.517, null]",average@0.80@label,average,0.8,label,0.01844160965270994,0.09394072785143301,0.21922277340393478,0.3681175790172121,0.28758259246881507,0.012694717605895122,0.7035367288913126,0.753957950894081,0.8267477261981966,0.7123675794683975,21,globa_v2,runs_exp2d/seed0/population,runs_ssl/simsiam_e50_seed0/backbone_e9.pth.tar,14.2
09111d7d,cb3a86af,0_7_8,1_6_7,"[0.7740000486373901, 0.0, 0.0, 0.0, 0.0, 0.0, 0.0, 0.4820000231266022, 0.45100003480911255, 0.0]","[0.0, 0.5400000214576721, 0.0, 0.0, 0.0, 0.0, 0.9630000591278076, 0.28700000047683716, 0.0, 0.0]",0.5690000057220459,0.5966666340827942,0.2094,0.41383333333333333,0.48833333333333334,0.3393333333333333,"[0.292, 0.016, null, null, null, null, 0.003, 0.999, 0.174, null]",single-full@0.80@average,single-full,0.8,average,0.01844160965270994,0.09394072785143301,0.21922277340393478,0.3681175790172121,0.28758259246881507,0.012694717605895122,0.8230974475047756,1.0469902217360754,1.2519265772900598,0.7123675794683975,21,globa_v2,runs_exp2d/seed0/population,runs_ssl/simsiam_e50_seed0/backbone_e9.pth.tar,14.5
09111d7d,cb3a86af,0_7_8,1_6_7,"[0.7740000486373901, 0.0, 0.0, 0.0, 0.0, 0.0, 0.0, 0.4820000231266022, 0.45100003480911255, 0.0]","[0.0, 0.5400000214576721, 0.0, 0.0, 0.0, 0.0, 0.9630000591278076, 0.28700000047683716, 0.0, 0.0]",0.5690000057220459,0.5966666340827942,0.3514,0.5726666666666667,0.528,0.6173333333333333,"[0.673, 0.584, null, null, null, null, 0.93, 0.338, 0.573, null]",single-full@0.80@label,single-full,0.8,label,0.01844160965270994,0.09394072785143301,0.21922277340393478,0.3681175790172121,0.28758259246881507,0.012694717605895122,0.8230974475047756,1.0469902217360754,1.2519265772900598,0.7123675794683975,21,globa_v2,runs_exp2d/seed0/population,runs_ssl/simsiam_e50_seed0/backbone_e9.pth.tar,14.6
09111d7d,d8bd0bc0,0_7_8,4_5_7,"[0.7740000486373901, 0.0, 0.0, 0.0, 0.0, 0.0, 0.0, 0.4820000231266022, 0.45100003480911255, 0.0]","[0.0, 0.0, 0.0, 0.0, 0.6810000538825989, 0.64000004529953, 0.0, 0.12700000405311584, 0.0, 0.0]",0.5690000057220459,0.4826667010784149,0.202,0.36383333333333334,0.3903333333333333,0.3373333333333333,"[0.129, null, null, null, 0.012, 0.0, null, 1.0, 0.042, null]",average@0.80@average,average,0.8,average,0.005269417024581676,0.05240471160492071,0.18996408212246013,0.30362043834183505,0.42161319560472943,0.027128155301472896,0.6941293226099833,0.7234269468227069,0.798823658589799,0.7145775959363375,21,globa_v2,runs_exp2d/seed0/population,runs_ssl/simsiam_e50_seed0/backbone_e9.pth.tar,14.7
09111d7d,d8bd0bc0,0_7_8,4_5_7,"[0.7740000486373901, 0.0, 0.0, 0.0, 0.0, 0.0, 0.0, 0.4820000231266022, 0.45100003480911255, 0.0]","[0.0, 0.0, 0.0, 0.0, 0.6810000538825989, 0.64000004529953, 0.0, 0.12700000405311584, 0.0, 0.0]",0.5690000057220459,0.4826667010784149,0.3362,0.396,0.36333333333333334,0.42866666666666664,"[0.496, null, null, null, 0.581, 0.68, null, 0.025, 0.569, null]",average@0.80@label,average,0.8,label,0.005269417024581676,0.05240471160492071,0.18996408212246013,0.30362043834183505,0.42161319560472943,0.027128155301472896,0.6941293226099833,0.7234269468227069,0.798823658589799,0.7145775959363375,21,globa_v2,runs_exp2d/seed0/population,runs_ssl/simsiam_e50_seed0/backbone_e9.pth.tar,14.2
09111d7d,d8bd0bc0,0_7_8,4_5_7,"[0.7740000486373901, 0.0, 0.0, 0.0, 0.0, 0.0, 0.0, 0.4820000231266022, 0.45100003480911255, 0.0]","[0.0, 0.0, 0.0, 0.0, 0.6810000538825989, 0.64000004529953, 0.0, 0.12700000405311584, 0.0, 0.0]",0.5690000057220459,0.4826667010784149,0.2028,0.40700000000000003,0.451,0.363,"[0.19, null, null, null, 0.095, 0.0, null, 0.994, 0.169, null]",single-full@0.80@average,single-full,0.8,average,0.005269417024581676,0.05240471160492071,0.18996408212246013,0.30362043834183505,0.42161319560472943,0.027128155301472896,0.798823658589799,1.001258068489269,1.2478435341656564,0.7145775959363375,21,globa_v2,runs_exp2d/seed0/population,runs_ssl/simsiam_e50_seed0/backbone_e9.pth.tar,14.2
09111d7d,d8bd0bc0,0_7_8,4_5_7,"[0.7740000486373901, 0.0, 0.0, 0.0, 0.0, 0.0, 0.0, 0.4820000231266022, 0.45100003480911255, 0.0]","[0.0, 0.0, 0.0, 0.0, 0.6810000538825989, 0.64000004529953, 0.0, 0.12700000405311584, 0.0, 0.0]",0.5690000057220459,0.4826667010784149,0.3496,0.4041666666666667,0.371,0.43733333333333335,"[0.481, null, null, null, 0.611, 0.686, null, 0.015, 0.617, null]",single-full@0.80@label,single-full,0.8,label,0.005269417024581676,0.05240471160492071,0.18996408212246013,0.30362043834183505,0.42161319560472943,0.027128155301472896,0.798823658589799,1.001258068489269,1.2478435341656564,0.7145775959363375,21,globa_v2,runs_exp2d/seed0/population,runs_ssl/simsiam_e50_seed0/backbone_e9.pth.tar,14.2
09111d7d,e1762771,0_7_8,1_2_4,"[0.7740000486373901, 0.0, 0.0, 0.0, 0.0, 0.0, 0.0, 0.4820000231266022, 0.45100003480911255, 0.0]","[0.0, 0.5320000052452087, 0.11600000411272049, 0.0, 0.9160000681877136, 0.0, 0.0, 0.0, 0.0, 0.0]",0.5690000057220459,0.5213333964347839,0.272,0.41533333333333333,0.479,0.3516666666666667,"[0.723, 0.083, 0.256, null, 0.716, null, null, 0.218, 0.496, null]",average@0.80@average,average,0.8,average,0.017744939640365606,0.07133986198633109,0.0554983818458464,0.27808442926001353,0.5547349143767291,0.02259747289071429,0.7085869071584409,0.7428083022779194,0.7942654816632643,0.7180987565336269,21,globa_v2,runs_exp2d/seed0/population,runs_ssl/simsiam_e50_seed0/backbone_e9.pth.tar,14.4
09111d7d,e1762771,0_7_8,1_2_4,"[0.7740000486373901, 0.0, 0.0, 0.0, 0.0, 0.0, 0.0, 0.4820000231266022, 0.45100003480911255, 0.0]","[0.0, 0.5320000052452087, 0.11600000411272049, 0.0, 0.9160000681877136, 0.0, 0.0, 0.0, 0.0, 0.0]",0.5690000057220459,0.5213333964347839,0.30516666666666664,0.48816666666666664,0.5073333333333333,0.469,"[0.614, 0.373, 0.416, null, 0.618, null, null, 0.375, 0.533, null]",average@0.80@label,average,0.8,label,0.017744939640365606,0.07133986198633109,0.0554983818458464,0.27808442926001353,0.5547349143767291,0.02259747289071429,0.7085869071584409,0.7428083022779194,0.7942654816632643,0.7180987565336269,21,globa_v2,runs_exp2d/seed0/population,runs_ssl/simsiam_e50_seed0/backbone_e9.pth.tar,14.6
09111d7d,e1762771,0_7_8,1_2_4,"[0.7740000486373901, 0.0, 0.0, 0.0, 0.0, 0.0, 0.0, 0.4820000231266022, 0.45100003480911255, 0.0]","[0.0, 0.5320000052452087, 0.11600000411272049, 0.0, 0.9160000681877136, 0.0, 0.0, 0.0, 0.0, 0.0]",0.5690000057220459,0.5213333964347839,0.2783333333333333,0.4445,0.5146666666666667,0.37433333333333335,"[0.691, 0.138, 0.25, null, 0.735, null, null, 0.323, 0.53, null]",single-full@0.80@average,single-full,0.8,average,0.017744939640365606,0.07133986198633109,0.0554983818458464,0.27808442926001353,0.5547349143767291,0.02259747289071429,0.7738621311808181,1.0289091295124708,1.159882603695871,0.7180987565336269,21,globa_v2,runs_exp2d/seed0/population,runs_ssl/simsiam_e50_seed0/backbone_e9.pth.tar,14.7
09111d7d,e1762771,0_7_8,1_2_4,"[0.7740000486373901, 0.0, 0.0, 0.0, 0.0, 0.0, 0.0, 0.4820000231266022, 0.45100003480911255, 0.0]","[0.0, 0.5320000052452087, 0.11600000411272049, 0.0, 0.9160000681877136, 0.0, 0.0, 0.0, 0.0, 0.0]",0.5690000057220459,0.5213333964347839,0.31166666666666665,0.5326666666666666,0.5483333333333333,0.517,"[0.624, 0.488, 0.363, null, 0.7, null, null, 0.456, 0.565, null]",single-full@0.80@label,single-full,0.8,label,0.017744939640365606,0.07133986198633109,0.0554983818458464,0.27808442926001353,0.5547349143767291,0.02259747289071429,0.7738621311808181,1.0289091295124708,1.159882603695871,0.7180987565336269,21,globa_v2,runs_exp2d/seed0/population,runs_ssl/simsiam_e50_seed0/backbone_e9.pth.tar,14.6
1887bcd2,366f9057,2_7_9,3_5_9,"[0.0, 0.0, 0.8840000629425049, 0.0, 0.0, 0.0, 0.0, 0.3330000042915344, 0.0, 0.5390000343322754]","[0.0, 0.0, 0.0, 0.6830000281333923, 0.0, 0.4230000078678131, 0.0, 0.0, 0.0, 0.6110000014305115]",0.5853333473205566,0.5723333358764648,0.1978,0.3378333333333333,0.3403333333333333,0.3353333333333333,"[null, null, 0.021, 0.006, null, 0.0, null, 0.0, null, 1.0]",average@0.80@average,average,0.8,average,0.001803299272599338,0.015649669332109283,0.12617801282245,0.2898857534406906,0.5168361161244174,0.049647149007733614,0.6544421697370795,0.6924763405556816,0.8265196759054343,0.72448384131052,21,globa_v2,runs_exp2d/seed0/population,runs_ssl/simsiam_e50_seed0/backbone_e9.pth.tar,14.2
1887bcd2,366f9057,2_7_9,3_5_9,"[0.0, 0.0, 0.8840000629425049, 0.0, 0.0, 0.0, 0.0, 0.3330000042915344, 0.0, 0.5390000343322754]","[0.0, 0.0, 0.0, 0.6830000281333923, 0.0, 0.4230000078678131, 0.0, 0.0, 0.0, 0.6110000014305115]",0.5853333473205566,0.5723333358764648,0.2356,0.439,0.43033333333333335,0.44766666666666666,"[null, null, 0.814, 0.852, null, 0.191, null, 0.177, null, 0.3]",average@0.80@label,average,0.8,label,0.001803299272599338,0.015649669332109283,0.12617801282245,0.2898857534406906,0.5168361161244174,0.049647149007733614,0.6544421697370795,0.6924763405556816,0.8265196759054343,0.72448384131052,21,globa_v2,runs_exp2d/seed0/population,runs_ssl/simsiam_e50_seed0/backbone_e9.pth.tar,14.2
1887bcd2,366f9057,2_7_9,3_5_9,"[0.0, 0.0, 0.8840000629425049, 0.0, 0.0, 0.0, 0.0, 0.3330000042915344, 0.0, 0.5390000343322754]","[0.0, 0.0, 0.0, 0.6830000281333923, 0.0, 0.4230000078678131, 0.0, 0.0, 0.0, 0.6110000014305115]",0.5853333473205566,0.5723333358764648,0.1996,0.37816666666666665,0.39766666666666667,0.3586666666666667,"[null, null, 0.193, 0.058, null, 0.018, null, 0.0, null, 1.0]",single-full@0.80@average,single-full,0.8,average,0.001803299272599338,0.015649669332109283,0.12617801282245,0.2898857534406906,0.5168361161244174,0.049647149007733614,0.8129811473789774,0.9901357636848552,1.188372260707242,0.72448384131052,21,globa_v2,runs_exp2d/seed0/population,runs_ssl/simsiam_e50_seed0/backbone_e9.pth.tar,14.2
1887bcd2,366f9057,2_7_9,3_5_9,"[0.0, 0.0, 0.8840000629425049, 0.0, 0.0, 0.0, 0.0, 0.3330000042915344, 0.0, 0.5390000343322754]","[0.0, 0.0, 0.0, 0.6830000281333923, 0.0, 0.4230000078678131, 0.0, 0.0, 0.0, 0.6110000014305115]",0.5853333473205566,0.5723333358764648,0.254,0.47433333333333333,0.481,0.4676666666666667,"[null, null, 0.801, 0.822, null, 0.247, null, 0.308, null, 0.334]",single-full@0.80@label,single-full,0.8,label,0.001803299272599338,0.015649669332109283,0.12617801282245,0.2898857534406906,0.5168361161244174,0.049647149007733614,0.8129811473789774,0.9901357636848552,1.188372260707242,0.72448384131052,21,globa_v2,runs_exp2d/seed0/population,runs_ssl/simsiam_e50_seed0/backbone_e9.pth.tar,14.1
1887bcd2,5ffed8da,2_7_9,6_8_9,"[0.0, 0.0, 0.8840000629425049, 0.0, 0.0, 0.0, 0.0, 0.3330000042915344, 0.0, 0.5390000343322754]","[0.0, 0.0, 0.0, 0.0, 0.0, 0.0, 0.9120000600814819, 0.0, 0.7490000128746033, 0.6790000200271606]",0.5853333473205566,0.7800000309944153,0.211,0.3501666666666667,0.3506666666666667,0.3496666666666667,"[null, null, 0.052, null, null, null, 0.049, 0.0, 0.0, 1.0]",average@0.80@average,average,0.8,average,0.026115480068007457,0.011095071988985157,0.11039663217885247,0.20892571576210475,0.5712270079578357,0.07224009204421446,0.7108745090238577,0.7413791085755193,0.8499175614279638,0.7270053112928624,21,globa_v2,runs_exp2d/seed0/population,runs_ssl/simsiam_e50_seed0/backbone_e9.pth.tar,14.5
1887bcd2,5ffed8da,2_7_9,6_8_9,"[0.0, 0.0, 0.8840000629425049, 0.0, 0.0, 0.0, 0.0, 0.3330000042915344, 0.0, 0.5390000343322754]","[0.0, 0.0, 0.0, 0.0, 0.0, 0.0, 0.9120000600814819, 0.0, 0.7490000128746033, 0.6790000200271606]",0.5853333473205566,0.7800000309944153,0.4216,0.6556666666666666,0.5366666666666666,0.7746666666666666,"[null, null, 0.857, null, null, null, 0.916, 0.079, 0.734, 0.674]",average@0.80@label,average,0.8,label,0.026115480068007457,0.011095071988985157,0.11039663217885247,0.20892571576210475,0.5712270079578357,0.07224009204421446,0.7108745090238577,0.7413791085755193,0.8499175614279638,0.7270053112928624,21,globa_v2,runs_exp2d/seed0/population,runs_ssl/simsiam_e50_seed0/backbone_e9.pth.tar,14.7
1887bcd2,5ffed8da,2_7_9,6_8_9,"[0.0, 0.0, 0.8840000629425049, 0.0, 0.0, 0.0, 0.0, 0.3330000042915344, 0.0, 0.5390000343322754]","[0.0, 0.0, 0.0, 0.0, 0.0, 0.0, 0.9120000600814819, 0.0, 0.7490000128746033, 0.6790000200271606]",0.5853333473205566,0.7800000309944153,0.2112,0.359,0.3596666666666667,0.35833333333333334,"[null, null, 0.079, null, null, null, 0.075, 0.0, 0.0, 1.0]",single-full@0.80@average,single-full,0.8,average,0.026115480068007457,0.011095071988985157,0.11039663217885247,0.20892571576210475,0.5712270079578357,0.07224009204421446,0.8750241446749227,1.0227779980390237,1.1633766652221658,0.7270053112928624,21,globa_v2,runs_exp2d/seed0/population,runs_ssl/simsiam_e50_seed0/backbone_e9.pth.tar,14.6
1887bcd2,5ffed8da,2_7_9,6_8_9,"[0.0, 0.0, 0.8840000629425049, 0.0, 0.0, 0.0, 0.0, 0.3330000042915344, 0.0, 0.5390000343322754]","[0.0, 0.0, 0.0, 0.0, 0.0, 0.0, 0.9120000600814819, 0.0, 0.7490000128746033, 0.6790000200271606]",0.5853333473205566,0.7800000309944153,0.4202,0.679,0.5796666666666667,0.7783333333333333,"[null, null, 0.843, null, null, null, 0.925, 0.233, 0.747, 0.663]",single-full@0.80@label,single-full,0.8,label,0.026115480068007457,0.011095071988985157,0.11039663217885247,0.20892571576210475,0.5712270079578357,0.07224009204421446,0.8750241446749227,1.0227779980390237,1.1633766652221658,0.7270053112928624,21,globa_v2,runs_exp2d/seed0/population,runs_ssl/simsiam_e50_seed0/backbone_e9.pth.tar,14.7
1887bcd2,88ed44d1,2_7_9,3_6_7,"[0.0, 0.0, 0.8840000629425049, 0.0, 0.0, 0.0, 0.0, 0.3330000042915344, 0.0, 0.5390000343322754]","[0.0, 0.0, 0.0, 0.1810000091791153, 0.0, 0.0, 0.9600000381469727, 0.1340000033378601, 0.0, 0.0]",0.5853333473205566,0.42500004172325134,0.1992,0.3333333333333333,0.3333333333333333,0.3333333333333333,"[null, null, 0.0, 0.0, null, null, 0.0, 1.0, null, 0.0]",average@0.80@average,average,0.8,average,0.019110196730914027,0.02111970827531603,0.1398849169846226,0.19768522553116316,0.5813375858097868,0.04086236666819757,0.6898460687209894,0.7361874046723927,0.8998855579476749,0.7230152864931961,21,globa_v2,runs_exp2d/seed0/population,runs_ssl/simsiam_e50_seed0/backbone_e9.pth.tar,14.6
1887bcd2,88ed44d1,2_7_9,3_6_7,"[0.0, 0.0, 0.8840000629425049, 0.0, 0.0, 0.0, 0.0, 0.3330000042915344, 0.0, 0.5390000343322754]","[0.0, 0.0, 0.0, 0.1810000091791153, 0.0, 0.0, 0.9600000381469727, 0.1340000033378601, 0.0, 0.0]",0.5853333473205566,0.42500004172325134,0.2212,0.5338333333333334,0.601,0.4666666666666667,"[null, null, 0.939, 0.132, null, null, 0.943, 0.325, null, 0.539]",average@0.80@label,average,0.8,label,0.019110196730914027,0.02111970827531603,0.1398849169846226,0.19768522553116316,0.5813375858097868,0.04086236666819757,0.6898460687209894,0.7361874046723927,0.8998855579476749,0.7230152864931961,21,globa_v2,runs_exp2d/seed0/population,runs_ssl/simsiam_e50_seed0/backbone_e9.pth.tar,14.7
1887bcd2,88ed44d1,2_7_9,3_6_7,"[0.0, 0.0, 0.8840000629425049, 0.0, 0.0, 0.0, 0.0, 0.3330000042915344, 0.0, 0.5390000343322754]","[0.0, 0.0, 0.0, 0.1810000091791153, 0.0, 0.0, 0.9600000381469727, 0.1340000033378601, 0.0, 0.0]",0.5853333473205566,0.42500004172325134,0.1994,0.33566666666666667,0.338,0.3333333333333333,"[null, null, 0.014, 0.0, null, null, 0.0, 1.0, null, 0.0]",single-full@0.80@average,single-full,0.8,average,0.019110196730914027,0.02111970827531603,0.1398849169846226,0.19768522553116316,0.5813375858097868,0.04086236666819757,0.8620971877118725,1.012665083077589,1.1948278484118073,0.7230152864931961,21,globa_v2,runs_exp2d/seed0/population,runs_ssl/simsiam_e50_seed0/backbone_e9.pth.tar,14.6
1887bcd2,88ed44d1,2_7_9,3_6_7,"[0.0, 0.0, 0.8840000629425049, 0.0, 0.0, 0.0, 0.0, 0.3330000042915344, 0.0, 0.5390000343322754]","[0.0, 0.0, 0.0, 0.1810000091791153, 0.0, 0.0, 0.9600000381469727, 0.1340000033378601, 0.0, 0.0]",0.5853333473205566,0.42500004172325134,0.2458,0.5338333333333334,0.613,0.45466666666666666,"[null, null, 0.952, 0.109, null, null, 0.953, 0.302, null, 0.585]",single-full@0.80@label,single-full,0.8,label,0.019110196730914027,0.02111970827531603,0.1398849169846226,0.19768522553116316,0.5813375858097868,0.04086236666819757,0.8620971877118725,1.012665083077589,1.1948278484118073,0.7230152864931961,21,globa_v2,runs_exp2d/seed0/population,runs_ssl/simsiam_e50_seed0/backbone_e9.pth.tar,14.6
1887bcd2,905afff7,2_7_9,3_5_6,"[0.0, 0.0, 0.8840000629425049, 0.0, 0.0, 0.0, 0.0, 0.3330000042915344, 0.0, 0.5390000343322754]","[0.0, 0.0, 0.0, 0.08700000494718552, 0.0, 0.026000000536441803, 0.9790000319480896, 0.0, 0.0, 0.0]",0.5853333473205566,0.36399999260902405,0.2653333333333333,0.42633333333333334,0.48733333333333334,0.36533333333333334,"[null, null, 0.686, 0.118, null, 0.003, 0.975, 0.449, null, 0.327]",average@0.80@average,average,0.8,average,0.03230935744774598,0.04475042381369914,0.09579711556401632,0.13899919635361022,0.6565357230372586,0.031608183783669676,0.7101315382821466,0.7385371171401726,0.9297258053552048,0.7207454141472872,21,globa_v2,runs_exp2d/seed0/population,runs_ssl/simsiam_e50_seed0/backbone_e9.pth.tar,15.0
1887bcd2,905afff7,2_7_9,3_5_6,"[0.0, 0.0, 0.8840000629425049, 0.0, 0.0, 0.0, 0.0, 0.3330000042915344, 0.0, 0.5390000343322754]","[0.0, 0.0, 0.0, 0.08700000494718552, 0.0, 0.026000000536441803, 0.9790000319480896, 0.0, 0.0, 0.0]",0.5853333473205566,0.36399999260902405,0.29833333333333334,0.4471666666666666,0.5236666666666666,0.37066666666666664,"[null, null, 0.907, 0.117, null, 0.021, 0.974, 0.186, null, 0.478]",average@0.80@label,average,0.8,label,0.03230935744774598,0.04475042381369914,0.09579711556401632,0.13899919635361022,0.6565357230372586,0.031608183783669676,0.7101315382821466,0.7385371171401726,0.9297258053552048,0.7207454141472872,21,globa_v2,runs_exp2d/seed0/population,runs_ssl/simsiam_e50_seed0/backbone_e9.pth.tar,14.8
1887bcd2,905afff7,2_7_9,3_5_6,"[0.0, 0.0, 0.8840000629425049, 0.0, 0.0, 0.0, 0.0, 0.3330000042915344, 0.0, 0.5390000343322754]","[0.0, 0.0, 0.0, 0.08700000494718552, 0.0, 0.026000000536441803, 0.9790000319480896, 0.0, 0.0, 0.0]",0.5853333473205566,0.36399999260902405,0.2876666666666667,0.4391666666666667,0.5186666666666667,0.3596666666666667,"[null, null, 0.735, 0.094, null, 0.003, 0.982, 0.48, null, 0.341]",single-full@0.80@average,single-full,0.8,average,0.03230935744774598,0.04475042381369914,0.09579711556401632,0.13899919635361022,0.6565357230372586,0.031608183783669676,0.8393934415781371,1.0220837672796415,1.084716117139233,0.7207454141472872,21,globa_v2,runs_exp2d/seed0/population,runs_ssl/simsiam_e50_seed0/backbone_e9.pth.tar,14.9
1887bcd2,905afff7,2_7_9,3_5_6,"[0.0, 0.0, 0.8840000629425049, 0.0, 0.0, 0.0, 0.0, 0.3330000042915344, 0.0, 0.5390000343322754]","[0.0, 0.0, 0.0, 0.08700000494718552, 0.0, 0.026000000536441803, 0.9790000319480896, 0.0, 0.0, 0.0]",0.5853333473205566,0.36399999260902405,0.31216666666666665,0.45166666666666666,0.5403333333333333,0.363,"[null, null, 0.908, 0.094, null, 0.015, 0.98, 0.224, null, 0.489]",single-full@0.80@label,single-full,0.8,label,0.03230935744774598,0.04475042381369914,0.09579711556401632,0.13899919635361022,0.6565357230372586,0.031608183783669676,0.8393934415781371,1.0220837672796415,1.084716117139233,0.7207454141472872,21,globa_v2,runs_exp2d/seed0/population,runs_ssl/simsiam_e50_seed0/backbone_e9.pth.tar,14.9
1887bcd2,be2e50e9,2_7_9,3_6_7,"[0.0, 0.0, 0.8840000629425049, 0.0, 0.0, 0.0, 0.0, 0.3330000042915344, 0.0, 0.5390000343322754]","[0.0, 0.0, 0.0, 0.26100000739097595, 0.0, 0.0, 0.9020000696182251, 0.34200000762939453, 0.0, 0.0]",0.5853333473205566,0.5016667246818542,0.2012,0.3333333333333333,0.3333333333333333,0.3333333333333333,"[null, null, 0.0, 0.0, null, null, 0.0, 1.0, null, 0.0]",average@0.80@average,average,0.8,average,0.010569112854647726,0.013501780535367646,0.07559013648931226,0.33996489357992365,0.5225091402291788,0.03786493631156996,0.7068521315493115,0.7472706857011961,0.8072011789394157,0.7178851173989199,21,globa_v2,runs_exp2d/seed0/population,runs_ssl/simsiam_e50_seed0/backbone_e9.pth.tar,14.6
1887bcd2,be2e50e9,2_7_9,3_6_7,"[0.0, 0.0, 0.8840000629425049, 0.0, 0.0, 0.0, 0.0, 0.3330000042915344, 0.0, 0.5390000343322754]","[0.0, 0.0, 0.0, 0.26100000739097595, 0.0, 0.0, 0.9020000696182251, 0.34200000762939453, 0.0, 0.0]",0.5853333473205566,0.5016667246818542,0.2486,0.5368333333333333,0.575,0.49866666666666665,"[null, null, 0.908, 0.24, null, null, 0.884, 0.372, null, 0.445]",average@0.80@label,average,0.8,label,0.010569112854647726,0.013501780535367646,0.07559013648931226,0.33996489357992365,0.5225091402291788,0.03786493631156996,0.7068521315493115,0.7472706857011961,0.8072011789394157,0.7178851173989199,21,globa_v2,runs_exp2d/seed0/population,runs_ssl/simsiam_e50_seed0/backbone_e9.pth.tar,14.7
1887bcd2,be2e50e9,2_7_9,3_6_7,"[0.0, 0.0, 0.8840000629425049, 0.0, 0.0, 0.0, 0.0, 0.3330000042915344, 0.0, 0.5390000343322754]","[0.0, 0.0, 0.0, 0.26100000739097595, 0.0, 0.0, 0.9020000696182251, 0.34200000762939453, 0.0, 0.0]",0.5853333473205566,0.5016667246818542,0.201,0.3333333333333333,0.3333333333333333,0.3333333333333333,"[null, null, 0.0, 0.0, null, null, 0.0, 1.0, null, 0.0]",single-full@0.80@average,single-full,0.8,average,0.010569112854647726,0.013501780535367646,0.07559013648931226,0.33996489357992365,0.5225091402291788,0.03786493631156996,0.934575011570567,1.037103318669123,1.3965424336749583,0.7178851173989199,21,globa_v2,runs_exp2d/seed0/population,runs_ssl/simsiam_e50_seed0/backbone_e9.pth.tar,14.7
1887bcd2,be2e50e9,2_7_9,3_6_7,"[0.0, 0.0, 0.8840000629425049, 0.0, 0.0, 0.0, 0.0, 0.3330000042915344, 0.0, 0.5390000343322754]","[0.0, 0.0, 0.0, 0.26100000739097595, 0.0, 0.0, 0.9020000696182251, 0.34200000762939453, 0.0, 0.0]",0.5853333473205566,0.5016667246818542,0.244,0.5315,0.578,0.485,"[null, null, 0.918, 0.222, null, null, 0.901, 0.332, null, 0.484]",single-full@0.80@label,single-full,0.8,label,0.010569112854647726,0.013501780535367646,0.07559013648931226,0.33996489357992365,0.5225091402291788,0.03786493631156996,0.934575011570567,1.037103318669123,1.3965424336749583,0.7178851173989199,21,globa_v2,runs_exp2d/seed0/population,runs_ssl/simsiam_e50_seed0/backbone_e9.pth.tar,14.7
1887bcd2,cb3a86af,2_7_9,1_6_7,"[0.0, 0.0, 0.8840000629425049, 0.0, 0.0, 0.0, 0.0, 0.3330000042915344, 0.0, 0.5390000343322754]","[0.0, 0.5400000214576721, 0.0, 0.0, 0.0, 0.0, 0.9630000591278076, 0.28700000047683716, 0.0, 0.0]",0.5853333473205566,0.5966666340827942,0.2036,0.3333333333333333,0.3333333333333333,0.3333333333333333,"[null, 0.0, 0.0, null, null, null, 0.0, 1.0, null, 0.0]",average@0.80@average,average,0.8,average,0.055654986824222354,0.03359941170001017,0.1993681006001344,0.2558238875633321,0.4187775998231301,0.036776013489170985,0.6758259856186968,0.7132423637994839,0.816629080186059,0.7195062402735861,21,globa_v2,runs_exp2d/seed0/population,runs_ssl/simsiam_e50_seed0/backbone_e9.pth.tar,14.7
1887bcd2,cb3a86af,2_7_9,1_6_7,"[0.0, 0.0, 0.8840000629425049, 0.0, 0.0, 0.0, 0.0, 0.3330000042915344, 0.0, 0.5390000343322754]","[0.0, 0.5400000214576721, 0.0, 0.0, 0.0, 0.0, 0.9630000591278076, 0.28700000047683716, 0.0, 0.0]",0.5853333473205566,0.5966666340827942,0.3226,0.6763333333333332,0.7293333333333333,0.6233333333333333,"[null, 0.329, 0.94, null, null, null, 0.88, 0.661, null, 0.587]",average@0.80@label,average,0.8,label,0.055654986824222354,0.03359941170001017,0.1993681006001344,0.2558238875633321,0.4187775998231301,0.036776013489170985,0.6758259856186968,0.7132423637994839,0.816629080186059,0.7195062402735861,21,globa_v2,runs_exp2d/seed0/population,runs_ssl/simsiam_e50_seed0/backbone_e9.pth.tar,14.7
1887bcd2,cb3a86af,2_7_9,1_6_7,"[0.0, 0.0, 0.8840000629425049, 0.0, 0.0, 0.0, 0.0, 0.3330000042915344, 0.0, 0.5390000343322754]","[0.0, 0.5400000214576721, 0.0, 0.0, 0.0, 0.0, 0.9630000591278076, 0.28700000047683716, 0.0, 0.0]",0.5853333473205566,0.5966666340827942,0.2068,0.33399999999999996,0.3343333333333333,0.33366666666666667,"[null, 0.001, 0.003, null, null, null, 0.0, 1.0, null, 0.0]",single-full@0.80@average,single-full,0.8,average,0.055654986824222354,0.03359941170001017,0.1993681006001344,0.2558238875633321,0.4187775998231301,0.036776013489170985,0.8421588511330883,1.0062473893792188,1.244011165129198,0.7195062402735861,21,globa_v2,runs_exp2d/seed0/population,runs_ssl/simsiam_e50_seed0/backbone_e9.pth.tar,14.3
1887bcd2,cb3a86af,2_7_9,1_6_7,"[0.0, 0.0, 0.8840000629425049, 0.0, 0.0, 0.0, 0.0, 0.3330000042915344, 0.0, 0.5390000343322754]","[0.0, 0.5400000214576721, 0.0, 0.0, 0.0, 0.0, 0.9630000591278076, 0.28700000047683716, 0.0, 0.0]",0.5853333473205566,0.5966666340827942,0.404,0.662,0.7053333333333334,0.6186666666666667,"[null, 0.378, 0.957, null, null, null, 0.917, 0.561, null, 0.598]",single-full@0.80@label,single-full,0.8,label,0.055654986824222354,0.03359941170001017,0.1993681006001344,0.2558238875633321,0.4187775998231301,0.036776013489170985,0.8421588511330883,1.0062473893792188,1.244011165129198,0.7195062402735861,21,globa_v2,runs_exp2d/seed0/population,runs_ssl/simsiam_e50_seed0/backbone_e9.pth.tar,14.6
1887bcd2,d8bd0bc0,2_7_9,4_5_7,"[0.0, 0.0, 0.8840000629425049, 0.0, 0.0, 0.0, 0.0, 0.3330000042915344, 0.0, 0.5390000343322754]","[0.0, 0.0, 0.0, 0.0, 0.6810000538825989, 0.64000004529953, 0.0, 0.12700000405311584, 0.0, 0.0]",0.5853333473205566,0.4826667010784149,0.2016,0.3333333333333333,0.3333333333333333,0.3333333333333333,"[null, null, 0.0, null, 0.0, 0.0, null, 1.0, null, 0.0]",average@0.80@average,average,0.8,average,0.011800496033153375,0.03550329878653512,0.12256421117474724,0.20188076135747718,0.6096982326001786,0.01855300004790864,0.684421906951464,0.7548329046295902,0.9061427072475006,0.7201323831651395,21,globa_v2,runs_exp2d/seed0/population,runs_ssl/simsiam_e50_seed0/backbone_e9.pth.tar,14.6
1887bcd2,d8bd0bc0,2_7_9,4_5_7,"[0.0, 0.0, 0.8840000629425049, 0.0, 0.0, 0.0, 0.0, 0.3330000042915344, 0.0, 0.5390000343322754]","[0.0, 0.0, 0.0, 0.0, 0.6810000538825989, 0.64000004529953, 0.0, 0.12700000405311584, 0.0, 0.0]",0.5853333473205566,0.4826667010784149,0.261,0.43833333333333335,0.459,0.4176666666666667,"[null, null, 0.906, null, 0.35, 0.887, null, 0.016, null, 0.455]",average@0.80@label,average,0.8,label,0.011800496033153375,0.03550329878653512,0.12256421117474724,0.20188076135747718,0.6096982326001786,0.01855300004790864,0.684421906951464,0.7548329046295902,0.9061427072475006,0.7201323831651395,21,globa_v2,runs_exp2d/seed0/population,runs_ssl/simsiam_e50_seed0/backbone_e9.pth.tar,14.9
1887bcd2,d8bd0bc0,2_7_9,4_5_7,"[0.0, 0.0, 0.8840000629425049, 0.0, 0.0, 0.0, 0.0, 0.3330000042915344, 0.0, 0.5390000343322754]","[0.0, 0.0, 0.0, 0.0, 0.6810000538825989, 0.64000004529953, 0.0, 0.12700000405311584, 0.0, 0.0]",0.5853333473205566,0.4826667010784149,0.2014,0.3333333333333333,0.3333333333333333,0.3333333333333333,"[null, null, 0.0, null, 0.0, 0.0, null, 1.0, null, 0.0]",single-full@0.80@average,single-full,0.8,average,0.011800496033153375,0.03550329878653512,0.12256421117474724,0.20188076135747718,0.6096982326001786,0.01855300004790864,0.8320199121581203,1.0034433542663996,1.1338450111359193,0.7201323831651395,21,globa_v2,runs_exp2d/seed0/population,runs_ssl/simsiam_e50_seed0/backbone_e9.pth.tar,14.7
1887bcd2,d8bd0bc0,2_7_9,4_5_7,"[0.0, 0.0, 0.8840000629425049, 0.0, 0.0, 0.0, 0.0, 0.3330000042915344, 0.0, 0.5390000343322754]","[0.0, 0.0, 0.0, 0.0, 0.6810000538825989, 0.64000004529953, 0.0, 0.12700000405311584, 0.0, 0.0]",0.5853333473205566,0.4826667010784149,0.263,0.45833333333333337,0.4723333333333333,0.44433333333333336,"[null, null, 0.922, null, 0.531, 0.785, null, 0.017, null, 0.478]",single-full@0.80@label,single-full,0.8,label,0.011800496033153375,0.03550329878653512,0.12256421117474724,0.20188076135747718,0.6096982326001786,0.01855300004790864,0.8320199121581203,1.0034433542663996,1.1338450111359193,0.7201323831651395,21,globa_v2,runs_exp2d/seed0/population,runs_ssl/simsiam_e50_seed0/backbone_e9.pth.tar,14.5
1887bcd2,e1762771,2_7_9,1_2_4,"[0.0, 0.0, 0.8840000629425049, 0.0, 0.0, 0.0, 0.0, 0.3330000042915344, 0.0, 0.5390000343322754]","[0.0, 0.5320000052452087, 0.11600000411272049, 0.0, 0.9160000681877136, 0.0, 0.0, 0.0, 0.0, 0.0]",0.5853333473205566,0.5213333964347839,0.1992,0.3333333333333333,0.3333333333333333,0.3333333333333333,"[null, 0.0, 1.0, null, 0.0, null, null, 0.0, null, 0.0]",average@0.80@average,average,0.8,average,0.008518315785502594,0.01241052756494681,0.05616559482894926,0.27328612833121213,0.6217350279685695,0.0278844055208196,0.685114996980885,0.726941913181658,0.8994624397784058,0.7243494392362195,21,globa_v2,runs_exp2d/seed0/population,runs_ssl/simsiam_e50_seed0/backbone_e9.pth.tar,14.5
1887bcd2,e1762771,2_7_9,1_2_4,"[0.0, 0.0, 0.8840000629425049, 0.0, 0.0, 0.0, 0.0, 0.3330000042915344, 0.0, 0.5390000343322754]","[0.0, 0.5320000052452087, 0.11600000411272049, 0.0, 0.9160000681877136, 0.0, 0.0, 0.0, 0.0, 0.0]",0.5853333473205566,0.5213333964347839,0.3062,0.517,0.5986666666666667,0.43533333333333335,"[null, 0.36, 0.457, null, 0.489, null, null, 0.706, null, 0.633]",average@0.80@label,average,0.8,label,0.008518315785502594,0.01241052756494681,0.05616559482894926,0.27328612833121213,0.6217350279685695,0.0278844055208196,0.685114996980885,0.726941913181658,0.8994624397784058,0.7243494392362195,21,globa_v2,runs_exp2d/seed0/population,runs_ssl/simsiam_e50_seed0/backbone_e9.pth.tar,14.7
1887bcd2,e1762771,2_7_9,1_2_4,"[0.0, 0.0, 0.8840000629425049, 0.0, 0.0, 0.0, 0.0, 0.3330000042915344, 0.0, 0.5390000343322754]","[0.0, 0.5320000052452087, 0.11600000411272049, 0.0, 0.9160000681877136, 0.0, 0.0, 0.0, 0.0, 0.0]",0.5853333473205566,0.5213333964347839,0.2002,0.3348333333333333,0.3333333333333333,0.3363333333333333,"[null, 0.009, 1.0, null, 0.0, null, null, 0.0, null, 0.0]",single-full@0.80@average,single-full,0.8,average,0.008518315785502594,0.01241052756494681,0.05616559482894926,0.27328612833121213,0.6217350279685695,0.0278844055208196,0.8434250274638966,1.0087305085814962,1.1345637531442685,0.7243494392362195,21,globa_v2,runs_exp2d/seed0/population,runs_ssl/simsiam_e50_seed0/backbone_e9.pth.tar,14.5
1887bcd2,e1762771,2_7_9,1_2_4,"[0.0, 0.0, 0.8840000629425049, 0.0, 0.0, 0.0, 0.0, 0.3330000042915344, 0.0, 0.5390000343322754]","[0.0, 0.5320000052452087, 0.11600000411272049, 0.0, 0.9160000681877136, 0.0, 0.0, 0.0, 0.0, 0.0]",0.5853333473205566,0.5213333964347839,0.331,0.5405,0.5803333333333334,0.5006666666666667,"[null, 0.466, 0.326, null, 0.71, null, null, 0.782, null, 0.633]",single-full@0.80@label,single-full,0.8,label,0.008518315785502594,0.01241052756494681,0.05616559482894926,0.27328612833121213,0.6217350279685695,0.0278844055208196,0.8434250274638966,1.0087305085814962,1.1345637531442685,0.7243494392362195,21,globa_v2,runs_exp2d/seed0/population,runs_ssl/simsiam_e50_seed0/backbone_e9.pth.tar,14.6
366f9057,5ffed8da,3_5_9,6_8_9,"[0.0, 0.0, 0.0, 0.6830000281333923, 0.0, 0.4230000078678131, 0.0, 0.0, 0.0, 0.6110000014305115]","[0.0, 0.0, 0.0, 0.0, 0.0, 0.0, 0.9120000600814819, 0.0, 0.7490000128746033, 0.6790000200271606]",0.5723333358764648,0.7800000309944153,0.2048,0.3338333333333333,0.3333333333333333,0.3343333333333333,"[null, null, null, 0.0, null, 0.0, 0.003, null, 0.0, 1.0]",average@0.80@average,average,0.8,average,0.00717887192965118,0.025434637646157672,0.2578287144571671,0.4438606404069122,0.2224344375983232,0.04326269796178863,0.6777563775867645,0.7124431624170385,0.7978310215700649,0.7234835268998254,21,globa_v2,runs_exp2d/seed0/population,runs_ssl/simsiam_e50_seed0/backbone_e9.pth.tar,14.6
366f9057,5ffed8da,3_5_9,6_8_9,"[0.0, 0.0, 0.0, 0.6830000281333923, 0.0, 0.4230000078678131, 0.0, 0.0, 0.0, 0.6110000014305115]","[0.0, 0.0, 0.0, 0.0, 0.0, 0.0, 0.9120000600814819, 0.0, 0.7490000128746033, 0.6790000200271606]",0.5723333358764648,0.7800000309944153,0.4206,0.6753333333333333,0.6273333333333333,0.7233333333333334,"[null, null, null, 0.813, null, 0.232, 0.839, null, 0.494, 0.837]",average@0.80@label,average,0.8,label,0.00717887192965118,0.025434637646157672,0.2578287144571671,0.4438606404069122,0.2224344375983232,0.04326269796178863,0.6777563775867645,0.7124431624170385,0.7978310215700649,0.7234835268998254,21,globa_v2,runs_exp2d/seed0/population,runs_ssl/simsiam_e50_seed0/backbone_e9.pth.tar,14.4
366f9057,5ffed8da,3_5_9,6_8_9,"[0.0, 0.0, 0.0, 0.6830000281333923, 0.0, 0.4230000078678131, 0.0, 0.0, 0.0, 0.6110000014305115]","[0.0, 0.0, 0.0, 0.0, 0.0, 0.0, 0.9120000600814819, 0.0, 0.7490000128746033, 0.6790000200271606]",0.5723333358764648,0.7800000309944153,0.21,0.3973333333333333,0.33366666666666667,0.461,"[null, null, null, 0.0, null, 0.001, 0.383, null, 0.0, 1.0]",single-full@0.80@average,single-full,0.8,average,0.00717887192965118,0.025434637646157672,0.2578287144571671,0.4438606404069122,0.2224344375983232,0.04326269796178863,0.7318115498671475,1.028939275726716,1.3313039161895452,0.7234835268998254,21,globa_v2,runs_exp2d/seed0/population,runs_ssl/simsiam_e50_seed0/backbone_e9.pth.tar,14.7
366f9057,5ffed8da,3_5_9,6_8_9,"[0.0, 0.0, 0.0, 0.6830000281333923, 0.0, 0.4230000078678131, 0.0, 0.0, 0.0, 0.6110000014305115]","[0.0, 0.0, 0.0, 0.0, 0.0, 0.0, 0.9120000600814819, 0.0, 0.7490000128746033, 0.6790000200271606]",0.5723333358764648,0.7800000309944153,0.4076,0.6738333333333333,0.6126666666666667,0.735,"[null, null, null, 0.641, null, 0.439, 0.917, null, 0.53, 0.758]",single-full@0.80@label,single-full,0.8,label,0.00717887192965118,0.025434637646157672,0.2578287144571671,0.4438606404069122,0.2224344375983232,0.04326269796178863,0.7318115498671475,1.028939275726716,1.3313039161895452,0.7234835268998254,21,globa_v2,runs_exp2d/seed0/population,runs_ssl/simsiam_e50_seed0/backbone_e9.pth.tar,14.7
366f9057,88ed44d1,3_5_9,3_6_7,"[0.0, 0.0, 0.0, 0.6830000281333923, 0.0, 0.4230000078678131, 0.0, 0.0, 0.0, 0.6110000014305115]","[0.0, 0.0, 0.0, 0.1810000091791153, 0.0, 0.0, 0.9600000381469727, 0.1340000033378601, 0.0, 0.0]",0.5723333358764648,0.42500004172325134,0.1998,0.33499999999999996,0.33666666666666667,0.3333333333333333,"[null, null, null, 1.0, null, 0.0, 0.0, 0.0, null, 0.01]",average@0.80@average,average,0.8,average,0.001895130485867214,0.04327066887364879,0.12194636558271682,0.2622350704035927,0.5458069967260991,0.024845767928075427,0.7150073521244533,0.7489842502186456,0.8446543597686831,0.7249316292024941,21,globa_v2,runs_exp2d/seed0/population,runs_ssl/simsiam_e50_seed0/backbone_e9.pth.tar,14.6
366f9057,88ed44d1,3_5_9,3_6_7,"[0.0, 0.0, 0.0, 0.6830000281333923, 0.0, 0.4230000078678131, 0.0, 0.0, 0.0, 0.6110000014305115]","[0.0, 0.0, 0.0, 0.1810000091791153, 0.0, 0.0, 0.9600000381469727, 0.1340000033378601, 0.0, 0.0]",0.5723333358764648,0.42500004172325134,0.4044,0.5913333333333334,0.7003333333333334,0.48233333333333334,"[null, null, null, 0.604, null, 0.724, 0.78, 0.063, null, 0.773]",average@0.80@label,average,0.8,label,0.001895130485867214,0.04327066887364879,0.12194636558271682,0.2622350704035927,0.5458069967260991,0.024845767928075427,0.7150073521244533,0.7489842502186456,0.8446543597686831,0.7249316292024941,21,globa_v2,runs_exp2d/seed0/population,runs_ssl/simsiam_e50_seed0/backbone_e9.pth.tar,14.7
366f9057,88ed44d1,3_5_9,3_6_7,"[0.0, 0.0, 0.0, 0.6830000281333923, 0.0, 0.4230000078678131, 0.0, 0.0, 0.0, 0.6110000014305115]","[0.0, 0.0, 0.0, 0.1810000091791153, 0.0, 0.0, 0.9600000381469727, 0.1340000033378601, 0.0, 0.0]",0.5723333358764648,0.42500004172325134,0.2018,0.3368333333333333,0.3403333333333333,0.3333333333333333,"[null, null, null, 1.0, null, 0.0, 0.0, 0.0, null, 0.021]",single-full@0.80@average,single-full,0.8,average,0.001895130485867214,0.04327066887364879,0.12194636558271682,0.2622350704035927,0.5458069967260991,0.024845767928075427,0.936624655899579,0.9870249159400457,1.2142802359720333,0.7249316292024941,21,globa_v2,runs_exp2d/seed0/population,runs_ssl/simsiam_e50_seed0/backbone_e9.pth.tar,14.6
366f9057,88ed44d1,3_5_9,3_6_7,"[0.0, 0.0, 0.0, 0.6830000281333923, 0.0, 0.4230000078678131, 0.0, 0.0, 0.0, 0.6110000014305115]","[0.0, 0.0, 0.0, 0.1810000091791153, 0.0, 0.0, 0.9600000381469727, 0.1340000033378601, 0.0, 0.0]",0.5723333358764648,0.42500004172325134,0.4246,0.6041666666666666,0.723,0.48533333333333334,"[null, null, null, 0.568, null, 0.828, 0.798, 0.09, null, 0.773]",single-full@0.80@label,single-full,0.8,label,0.001895130485867214,0.04327066887364879,0.12194636558271682,0.2622350704035927,0.5458069967260991,0.024845767928075427,0.936624655899579,0.9870249159400457,1.2142802359720333,0.7249316292024941,21,globa_v2,runs_exp2d/seed0/population,runs_ssl/simsiam_e50_seed0/backbone_e9.pth.tar,14.8
366f9057,905afff7,3_5_9,3_5_6,"[0.0, 0.0, 0.0, 0.6830000281333923, 0.0, 0.4230000078678131, 0.0, 0.0, 0.0, 0.6110000014305115]","[0.0, 0.0, 0.0, 0.08700000494718552, 0.0, 0.026000000536441803, 0.9790000319480896, 0.0, 0.0, 0.0]",0.5723333358764648,0.36399999260902405,0.25475,0.3421666666666667,0.3436666666666667,0.3406666666666667,"[null, null, null, 0.965, null, 0.057, 0.0, null, null, 0.009]",average@0.80@average,average,0.8,average,0.0473324297925499,0.04261657029964097,0.10105462533735737,0.2186588130805325,0.5653700270389561,0.024967534450963343,0.678741879080019,0.741904468804838,0.8824758338925509,0.7252780122059157,21,globa_v2,runs_exp2d/seed0/population,runs_ssl/simsiam_e50_seed0/backbone_e9.pth.tar,14.4
366f9057,905afff7,3_5_9,3_5_6,"[0.0, 0.0, 0.0, 0.6830000281333923, 0.0, 0.4230000078678131, 0.0, 0.0, 0.0, 0.6110000014305115]","[0.0, 0.0, 0.0, 0.08700000494718552, 0.0, 0.026000000536441803, 0.9790000319480896, 0.0, 0.0, 0.0]",0.5723333358764648,0.36399999260902405,0.28175,0.3813333333333333,0.3416666666666667,0.421,"[null, null, null, 0.412, null, 0.03, 0.821, null, null, 0.583]",average@0.80@label,average,0.8,label,0.0473324297925499,0.04261657029964097,0.10105462533735737,0.2186588130805325,0.5653700270389561,0.024967534450963343,0.678741879080019,0.741904468804838,0.8824758338925509,0.7252780122059157,21,globa_v2,runs_exp2d/seed0/population,runs_ssl/simsiam_e50_seed0/backbone_e9.pth.tar,14.4
366f9057,905afff7,3_5_9,3_5_6,"[0.0, 0.0, 0.0, 0.6830000281333923, 0.0, 0.4230000078678131, 0.0, 0.0, 0.0, 0.6110000014305115]","[0.0, 0.0, 0.0, 0.08700000494718552, 0.0, 0.026000000536441803, 0.9790000319480896, 0.0, 0.0, 0.0]",0.5723333358764648,0.36399999260902405,0.26425,0.35683333333333334,0.361,0.3526666666666667,"[null, null, null, 0.942, null, 0.116, 0.0, null, null, 0.025]",single-full@0.80@average,single-full,0.8,average,0.0473324297925499,0.04261657029964097,0.10105462533735737,0.2186588130805325,0.5653700270389561,0.024967534450963343,0.8824758338925509,1.0138562451270103,1.1615591079531498,0.7252780122059157,21,globa_v2,runs_exp2d/seed0/population,runs_ssl/simsiam_e50_seed0/backbone_e9.pth.tar,14.3
366f9057,905afff7,3_5_9,3_5_6,"[0.0, 0.0, 0.0, 0.6830000281333923, 0.0, 0.4230000078678131, 0.0, 0.0, 0.0, 0.6110000014305115]","[0.0, 0.0, 0.0, 0.08700000494718552, 0.0, 0.026000000536441803, 0.9790000319480896, 0.0, 0.0, 0.0]",0.5723333358764648,0.36399999260902405,0.311,0.4101666666666667,0.379,0.44133333333333336,"[null, null, null, 0.478, null, 0.061, 0.785, null, null, 0.598]",single-full@0.80@label,single-full,0.8,label,0.0473324297925499,0.04261657029964097,0.10105462533735737,0.2186588130805325,0.5653700270389561,0.024967534450963343,0.8824758338925509,1.0138562451270103,1.1615591079531498,0.7252780122059157,21,globa_v2,runs_exp2d/seed0/population,runs_ssl/simsiam_e50_seed0/backbone_e9.pth.tar,14.5
366f9057,be2e50e9,3_5_9,3_6_7,"[0.0, 0.0, 0.0, 0.6830000281333923, 0.0, 0.4230000078678131, 0.0, 0.0, 0.0, 0.6110000014305115]","[0.0, 0.0, 0.0, 0.26100000739097595, 0.0, 0.0, 0.9020000696182251, 0.34200000762939453, 0.0, 0.0]",0.5723333358764648,0.5016667246818542,0.1992,0.3333333333333333,0.3333333333333333,0.3333333333333333,"[null, null, null, 1.0, null, 0.0, 0.0, 0.0, null, 0.0]",average@0.80@average,average,0.8,average,0.005679359159907672,0.011536913053346198,0.0861959678478367,0.2917387957049314,0.5639301704336542,0.04091879380032388,0.7226445006006967,0.751925982568483,0.7881033204101231,0.7198400490723845,21,globa_v2,runs_exp2d/seed0/population,runs_ssl/simsiam_e50_seed0/backbone_e9.pth.tar,14.6
366f9057,be2e50e9,3_5_9,3_6_7,"[0.0, 0.0, 0.0, 0.6830000281333923, 0.0, 0.4230000078678131, 0.0, 0.0, 0.0, 0.6110000014305115]","[0.0, 0.0, 0.0, 0.26100000739097595, 0.0, 0.0, 0.9020000696182251, 0.34200000762939453, 0.0, 0.0]",0.5723333358764648,0.5016667246818542,0.3714,0.5526666666666666,0.588,0.5173333333333333,"[null, null, null, 0.451, null, 0.604, 0.786, 0.315, null, 0.709]",average@0.80@label,average,0.8,label,0.005679359159907672,0.011536913053346198,0.0861959678478367,0.2917387957049314,0.5639301704336542,0.04091879380032388,0.7226445006006967,0.751925982568483,0.7881033204101231,0.7198400490723845,21,globa_v2,runs_exp2d/seed0/population,runs_ssl/simsiam_e50_seed0/backbone_e9.pth.tar,15.2
366f9057,be2e50e9,3_5_9,3_6_7,"[0.0, 0.0, 0.0, 0.6830000281333923, 0.0, 0.4230000078678131, 0.0, 0.0, 0.0, 0.6110000014305115]","[0.0, 0.0, 0.0, 0.26100000739097595, 0.0, 0.0, 0.9020000696182251, 0.34200000762939453, 0.0, 0.0]",0.5723333358764648,0.5016667246818542,0.2,0.3335,0.33366666666666667,0.3333333333333333,"[null, null, null, 1.0, null, 0.0, 0.0, 0.0, null, 0.001]",single-full@0.80@average,single-full,0.8,average,0.005679359159907672,0.011536913053346198,0.0861959678478367,0.2917387957049314,0.5639301704336542,0.04091879380032388,0.734385333685146,1.05372737274838,1.1870330483408573,0.7198400490723845,21,globa_v2,runs_exp2d/seed0/population,runs_ssl/simsiam_e50_seed0/backbone_e9.pth.tar,14.8
366f9057,be2e50e9,3_5_9,3_6_7,"[0.0, 0.0, 0.0, 0.6830000281333923, 0.0, 0.4230000078678131, 0.0, 0.0, 0.0, 0.6110000014305115]","[0.0, 0.0, 0.0, 0.26100000739097595, 0.0, 0.0, 0.9020000696182251, 0.34200000762939453, 0.0, 0.0]",0.5723333358764648,0.5016667246818542,0.3776,0.5683333333333334,0.628,0.5086666666666667,"[null, null, null, 0.473, null, 0.691, 0.783, 0.27, null, 0.72]",single-full@0.80@label,single-full,0.8,label,0.005679359159907672,0.011536913053346198,0.0861959678478367,0.2917387957049314,0.5639301704336542,0.04091879380032388,0.734385333685146,1.05372737274838,1.1870330483408573,0.7198400490723845,21,globa_v2,runs_exp2d/seed0/population,runs_ssl/simsiam_e50_seed0/backbone_e9.pth.tar,14.8
366f9057,cb3a86af,3_5_9,1_6_7,"[0.0, 0.0, 0.0, 0.6830000281333923, 0.0, 0.4230000078678131, 0.0, 0.0, 0.0, 0.6110000014305115]","[0.0, 0.5400000214576721, 0.0, 0.0, 0.0, 0.0, 0.9630000591278076, 0.28700000047683716, 0.0, 0.0]",0.5723333358764648,0.5966666340827942,0.2875,0.5266666666666666,0.5273333333333333,0.526,"[null, 0.516, null, 0.643, null, 0.426, 0.981, 0.081, null, 0.513]",average@0.80@average,average,0.8,average,0.0359184707449591,0.013944106592368073,0.08733756756348217,0.14299503396047344,0.6947083074391576,0.025096513699559602,0.6693696299790648,0.7410181120879602,0.8483530451834309,0.7224375549049596,21,globa_v2,runs_exp2d/seed0/population,runs_ssl/simsiam_e50_seed0/backbone_e9.pth.tar,14.9
366f9057,cb3a86af,3_5_9,1_6_7,"[0.0, 0.0, 0.0, 0.6830000281333923, 0.0, 0.4230000078678131, 0.0, 0.0, 0.0, 0.6110000014305115]","[0.0, 0.5400000214576721, 0.0, 0.0, 0.0, 0.0, 0.9630000591278076, 0.28700000047683716, 0.0, 0.0]",0.5723333358764648,0.5966666340827942,0.31733333333333336,0.569,0.558,0.58,"[null, 0.426, null, 0.577, null, 0.515, 0.936, 0.378, null, 0.582]",average@0.80@label,average,0.8,label,0.0359184707449591,0.013944106592368073,0.08733756756348217,0.14299503396047344,0.6947083074391576,0.025096513699559602,0.6693696299790648,0.7410181120879602,0.8483530451834309,0.7224375549049596,21,globa_v2,runs_exp2d/seed0/population,runs_ssl/simsiam_e50_seed0/backbone_e9.pth.tar,14.7
366f9057,cb3a86af,3_5_9,1_6_7,"[0.0, 0.0, 0.0, 0.6830000281333923, 0.0, 0.4230000078678131, 0.0, 0.0, 0.0, 0.6110000014305115]","[0.0, 0.5400000214576721, 0.0, 0.0, 0.0, 0.0, 0.9630000591278076, 0.28700000047683716, 0.0, 0.0]",0.5723333358764648,0.5966666340827942,0.2986666666666667,0.5426666666666666,0.5433333333333333,0.542,"[null, 0.56, null, 0.551, null, 0.549, 0.98, 0.086, null, 0.53]",single-full@0.80@average,single-full,0.8,average,0.0359184707449591,0.013944106592368073,0.08733756756348217,0.14299503396047344,0.6947083074391576,0.025096513699559602,0.7465502868605237,0.974055927786262,1.3049427598594858,0.7224375549049596,21,globa_v2,runs_exp2d/seed0/population,runs_ssl/simsiam_e50_seed0/backbone_e9.pth.tar,15.0
366f9057,cb3a86af,3_5_9,1_6_7,"[0.0, 0.0, 0.0, 0.6830000281333923, 0.0, 0.4230000078678131, 0.0, 0.0, 0.0, 0.6110000014305115]","[0.0, 0.5400000214576721, 0.0, 0.0, 0.0, 0.0, 0.9630000591278076, 0.28700000047683716, 0.0, 0.0]",0.5723333358764648,0.5966666340827942,0.3248333333333333,0.5823333333333334,0.5673333333333334,0.5973333333333334,"[null, 0.461, null, 0.516, null, 0.579, 0.935, 0.396, null, 0.607]",single-full@0.80@label,single-full,0.8,label,0.0359184707449591,0.013944106592368073,0.08733756756348217,0.14299503396047344,0.6947083074391576,0.025096513699559602,0.7465502868605237,0.974055927786262,1.3049427598594858,0.7224375549049596,21,globa_v2,runs_exp2d/seed0/population,runs_ssl/simsiam_e50_seed0/backbone_e9.pth.tar,14.7
366f9057,d8bd0bc0,3_5_9,4_5_7,"[0.0, 0.0, 0.0, 0.6830000281333923, 0.0, 0.4230000078678131, 0.0, 0.0, 0.0, 0.6110000014305115]","[0.0, 0.0, 0.0, 0.0, 0.6810000538825989, 0.64000004529953, 0.0, 0.12700000405311584, 0.0, 0.0]",0.5723333358764648,0.4826667010784149,0.202,0.3333333333333333,0.3333333333333333,0.3333333333333333,"[null, null, null, 0.0, 0.0, 1.0, null, 0.0, null, 0.0]",average@0.80@average,average,0.8,average,0.0248874499434288,0.04734179645564692,0.09533397662067868,0.22777026678054516,0.588183599768772,0.01648291043092822,0.6782704980982375,0.7293645569128923,0.8912648952941591,0.7177175131414251,21,globa_v2,runs_exp2d/seed0/population,runs_ssl/simsiam_e50_seed0/backbone_e9.pth.tar,14.3
366f9057,d8bd0bc0,3_5_9,4_5_7,"[0.0, 0.0, 0.0, 0.6830000281333923, 0.0, 0.4230000078678131, 0.0, 0.0, 0.0, 0.6110000014305115]","[0.0, 0.0, 0.0, 0.0, 0.6810000538825989, 0.64000004529953, 0.0, 0.12700000405311584, 0.0, 0.0]",0.5723333358764648,0.4826667010784149,0.3042,0.5655,0.6516666666666666,0.47933333333333333,"[null, null, null, 0.782, 0.589, 0.658, null, 0.191, null, 0.515]",average@0.80@label,average,0.8,label,0.0248874499434288,0.04734179645564692,0.09533397662067868,0.22777026678054516,0.588183599768772,0.01648291043092822,0.6782704980982375,0.7293645569128923,0.8912648952941591,0.7177175131414251,21,globa_v2,runs_exp2d/seed0/population,runs_ssl/simsiam_e50_seed0/backbone_e9.pth.tar,14.6
366f9057,d8bd0bc0,3_5_9,4_5_7,"[0.0, 0.0, 0.0, 0.6830000281333923, 0.0, 0.4230000078678131, 0.0, 0.0, 0.0, 0.6110000014305115]","[0.0, 0.0, 0.0, 0.0, 0.6810000538825989, 0.64000004529953, 0.0, 0.12700000405311584, 0.0, 0.0]",0.5723333358764648,0.4826667010784149,0.202,0.3333333333333333,0.3333333333333333,0.3333333333333333,"[null, null, null, 0.0, 0.0, 1.0, null, 0.0, null, 0.0]",single-full@0.80@average,single-full,0.8,average,0.0248874499434288,0.04734179645564692,0.09533397662067868,0.22777026678054516,0.588183599768772,0.01648291043092822,0.8725583970974634,0.9999742019779513,1.1595407503953616,0.7177175131414251,21,globa_v2,runs_exp2d/seed0/population,runs_ssl/simsiam_e50_seed0/backbone_e9.pth.tar,14.2
366f9057,d8bd0bc0,3_5_9,4_5_7,"[0.0, 0.0, 0.0, 0.6830000281333923, 0.0, 0.4230000078678131, 0.0, 0.0, 0.0, 0.6110000014305115]","[0.0, 0.0, 0.0, 0.0, 0.6810000538825989, 0.64000004529953, 0.0, 0.12700000405311584, 0.0, 0.0]",0.5723333358764648,0.4826667010784149,0.3356,0.5728333333333333,0.6656666666666666,0.48,"[null, null, null, 0.684, 0.569, 0.715, null, 0.156, null, 0.598]",single-full@0.80@label,single-full,0.8,label,0.0248874499434288,0.04734179645564692,0.09533397662067868,0.22777026678054516,0.588183599768772,0.01648291043092822,0.8725583970974634,0.9999742019779513,1.1595407503953616,0.7177175131414251,21,globa_v2,runs_exp2d/seed0/population,runs_ssl/simsiam_e50_seed0/backbone_e9.pth.tar,14.2
366f9057,e1762771,3_5_9,1_2_4,"[0.0, 0.0, 0.0, 0.6830000281333923, 0.0, 0.4230000078678131, 0.0, 0.0, 0.0, 0.6110000014305115]","[0.0, 0.5320000052452087, 0.11600000411272049, 0.0, 0.9160000681877136, 0.0, 0.0, 0.0, 0.0, 0.0]",0.5723333358764648,0.5213333964347839,0.214,0.401,0.386,0.416,"[null, 0.228, 0.065, 0.692, 0.955, 0.36, null, null, null, 0.106]",average@0.80@average,average,0.8,average,0.0024152732443281,0.010621239089879709,0.10030068022841268,0.17905055072382975,0.6919694690576472,0.015642787655902424,0.5655571979845654,0.7186003366089191,0.7477843900129661,0.7266403836194838,21,globa_v2,runs_exp2d/seed0/population,runs_ssl/simsiam_e50_seed0/backbone_e9.pth.tar,15.0
366f9057,e1762771,3_5_9,1_2_4,"[0.0, 0.0, 0.0, 0.6830000281333923, 0.0, 0.4230000078678131, 0.0, 0.0, 0.0, 0.6110000014305115]","[0.0, 0.5320000052452087, 0.11600000411272049, 0.0, 0.9160000681877136, 0.0, 0.0, 0.0, 0.0, 0.0]",0.5723333358764648,0.5213333964347839,0.27066666666666667,0.5055000000000001,0.5633333333333334,0.44766666666666666,"[null, 0.309, 0.337, 0.747, 0.697, 0.312, null, null, null, 0.631]",average@0.80@label,average,0.8,label,0.0024152732443281,0.010621239089879709,0.10030068022841268,0.17905055072382975,0.6919694690576472,0.015642787655902424,0.5655571979845654,0.7186003366089191,0.7477843900129661,0.7266403836194838,21,globa_v2,runs_exp2d/seed0/population,runs_ssl/simsiam_e50_seed0/backbone_e9.pth.tar,14.5
366f9057,e1762771,3_5_9,1_2_4,"[0.0, 0.0, 0.0, 0.6830000281333923, 0.0, 0.4230000078678131, 0.0, 0.0, 0.0, 0.6110000014305115]","[0.0, 0.5320000052452087, 0.11600000411272049, 0.0, 0.9160000681877136, 0.0, 0.0, 0.0, 0.0, 0.0]",0.5723333358764648,0.5213333964347839,0.224,0.42466666666666664,0.423,0.42633333333333334,"[null, 0.253, 0.072, 0.675, 0.954, 0.387, null, null, null, 0.207]",single-full@0.80@average,single-full,0.8,average,0.0024152732443281,0.010621239089879709,0.10030068022841268,0.17905055072382975,0.6919694690576472,0.015642787655902424,0.5655571979845654,1.0079372726224016,1.249969731370705,0.7266403836194838,21,globa_v2,runs_exp2d/seed0/population,runs_ssl/simsiam_e50_seed0/backbone_e9.pth.tar,14.4
366f9057,e1762771,3_5_9,1_2_4,"[0.0, 0.0, 0.0, 0.6830000281333923, 0.0, 0.4230000078678131, 0.0, 0.0, 0.0, 0.6110000014305115]","[0.0, 0.5320000052452087, 0.11600000411272049, 0.0, 0.9160000681877136, 0.0, 0.0, 0.0, 0.0, 0.0]",0.5723333358764648,0.5213333964347839,0.2871666666666667,0.517,0.5816666666666667,0.4523333333333333,"[null, 0.321, 0.351, 0.751, 0.685, 0.316, null, null, null, 0.678]",single-full@0.80@label,single-full,0.8,label,0.0024152732443281,0.010621239089879709,0.10030068022841268,0.17905055072382975,0.6919694690576472,0.015642787655902424,0.5655571979845654,1.0079372726224016,1.249969731370705,0.7266403836194838,21,globa_v2,runs_exp2d/seed0/population,runs_ssl/simsiam_e50_seed0/backbone_e9.pth.tar,14.6
5ffed8da,88ed44d1,6_8_9,3_6_7,"[0.0, 0.0, 0.0, 0.0, 0.0, 0.0, 0.9120000600814819, 0.0, 0.7490000128746033, 0.6790000200271606]","[0.0, 0.0, 0.0, 0.1810000091791153, 0.0, 0.0, 0.9600000381469727, 0.1340000033378601, 0.0, 0.0]",0.7800000309944153,0.42500004172325134,0.2616,0.44333333333333336,0.547,0.3396666666666667,"[null, null, null, 0.004, null, null, 0.998, 0.017, 0.552, 0.091]",average@0.80@average,average,0.8,average,0.005352715064666376,0.006729800132366542,0.06905393375039333,0.18832253794779316,0.6503281697141267,0.08021284339065414,0.6949715543345344,0.7508022040327934,0.8389456847044341,0.725064165104325,21,globa_v2,runs_exp2d/seed0/population,runs_ssl/simsiam_e50_seed0/backbone_e9.pth.tar,14.1
5ffed8da,88ed44d1,6_8_9,3_6_7,"[0.0, 0.0, 0.0, 0.0, 0.0, 0.0, 0.9120000600814819, 0.0, 0.7490000128746033, 0.6790000200271606]","[0.0, 0.0, 0.0, 0.1810000091791153, 0.0, 0.0, 0.9600000381469727, 0.1340000033378601, 0.0, 0.0]",0.7800000309944153,0.42500004172325134,0.4338,0.6133333333333333,0.7906666666666666,0.436,"[null, null, null, 0.214, null, null, 0.919, 0.175, 0.691, 0.762]",average@0.80@label,average,0.8,label,0.005352715064666376,0.006729800132366542,0.06905393375039333,0.18832253794779316,0.6503281697141267,0.08021284339065414,0.6949715543345344,0.7508022040327934,0.8389456847044341,0.725064165104325,21,globa_v2,runs_exp2d/seed0/population,runs_ssl/simsiam_e50_seed0/backbone_e9.pth.tar,14.3
5ffed8da,88ed44d1,6_8_9,3_6_7,"[0.0, 0.0, 0.0, 0.0, 0.0, 0.0, 0.9120000600814819, 0.0, 0.7490000128746033, 0.6790000200271606]","[0.0, 0.0, 0.0, 0.1810000091791153, 0.0, 0.0, 0.9600000381469727, 0.1340000033378601, 0.0, 0.0]",0.7800000309944153,0.42500004172325134,0.2708,0.4521666666666667,0.5633333333333334,0.341,"[null, null, null, 0.004, null, null, 0.998, 0.021, 0.58, 0.112]",single-full@0.80@average,single-full,0.8,average,0.005352715064666376,0.006729800132366542,0.06905393375039333,0.18832253794779316,0.6503281697141267,0.08021284339065414,0.7360125040211856,1.0064998083111427,1.1580223608311038,0.725064165104325,21,globa_v2,runs_exp2d/seed0/population,runs_ssl/simsiam_e50_seed0/backbone_e9.pth.tar,14.1
5ffed8da,88ed44d1,6_8_9,3_6_7,"[0.0, 0.0, 0.0, 0.0, 0.0, 0.0, 0.9120000600814819, 0.0, 0.7490000128746033, 0.6790000200271606]","[0.0, 0.0, 0.0, 0.1810000091791153, 0.0, 0.0, 0.9600000381469727, 0.1340000033378601, 0.0, 0.0]",0.7800000309944153,0.42500004172325134,0.4466,0.6056666666666666,0.7816666666666666,0.42966666666666664,"[null, null, null, 0.217, null, null, 0.921, 0.151, 0.712, 0.712]",single-full@0.80@label,single-full,0.8,label,0.005352715064666376,0.006729800132366542,0.06905393375039333,0.18832253794779316,0.6503281697141267,0.08021284339065414,0.7360125040211856,1.0064998083111427,1.1580223608311038,0.725064165104325,21,globa_v2,runs_exp2d/seed0/population,runs_ssl/simsiam_e50_seed0/backbone_e9.pth.tar,14.2
5ffed8da,905afff7,6_8_9,3_5_6,"[0.0, 0.0, 0.0, 0.0, 0.0, 0.0, 0.9120000600814819, 0.0, 0.7490000128746033, 0.6790000200271606]","[0.0, 0.0, 0.0, 0.08700000494718552, 0.0, 0.026000000536441803, 0.9790000319480896, 0.0, 0.0, 0.0]",0.7800000309944153,0.36399999260902405,0.236,0.3945,0.455,0.334,"[null, null, null, 0.002, null, 0.001, 0.999, null, 0.294, 0.072]",average@0.80@average,average,0.8,average,0.004192314926024138,0.004246574657477604,0.136876924077691,0.1672681708357481,0.6287242037860933,0.05869181171696597,0.7009943591743957,0.7472793195136518,0.8396260578085697,0.7227832857127628,21,globa_v2,runs_exp2d/seed0/population,runs_ssl/simsiam_e50_seed0/backbone_e9.pth.tar,14.4
5ffed8da,905afff7,6_8_9,3_5_6,"[0.0, 0.0, 0.0, 0.0, 0.0, 0.0, 0.9120000600814819, 0.0, 0.7490000128746033, 0.6790000200271606]","[0.0, 0.0, 0.0, 0.08700000494718552, 0.0, 0.026000000536441803, 0.9790000319480896, 0.0, 0.0, 0.0]",0.7800000309944153,0.36399999260902405,0.372,0.5925,0.7493333333333333,0.43566666666666665,"[null, null, null, 0.416, null, 0.031, 0.86, null, 0.73, 0.658]",average@0.80@label,average,0.8,label,0.004192314926024138,0.004246574657477604,0.136876924077691,0.1672681708357481,0.6287242037860933,0.05869181171696597,0.7009943591743957,0.7472793195136518,0.8396260578085697,0.7227832857127628,21,globa_v2,runs_exp2d/seed0/population,runs_ssl/simsiam_e50_seed0/backbone_e9.pth.tar,14.4
5ffed8da,905afff7,6_8_9,3_5_6,"[0.0, 0.0, 0.0, 0.0, 0.0, 0.0, 0.9120000600814819, 0.0, 0.7490000128746033, 0.6790000200271606]","[0.0, 0.0, 0.0, 0.08700000494718552, 0.0, 0.026000000536441803, 0.9790000319480896, 0.0, 0.0, 0.0]",0.7800000309944153,0.36399999260902405,0.2498,0.41133333333333333,0.487,0.33566666666666667,"[null, null, null, 0.008, null, 0.003, 0.996, null, 0.365, 0.1]",single-full@0.80@average,single-full,0.8,average,0.004192314926024138,0.004246574657477604,0.136876924077691,0.1672681708357481,0.6287242037860933,0.05869181171696597,0.7481696576728157,1.0313396790402707,1.2345354211036075,0.7227832857127628,21,globa_v2,runs_exp2d/seed0/population,runs_ssl/simsiam_e50_seed0/backbone_e9.pth.tar,14.2
5ffed8da,905afff7,6_8_9,3_5_6,"[0.0, 0.0, 0.0, 0.0, 0.0, 0.0, 0.9120000600814819, 0.0, 0.7490000128746033, 0.6790000200271606]","[0.0, 0.0, 0.0, 0.08700000494718552, 0.0, 0.026000000536441803, 0.9790000319480896, 0.0, 0.0, 0.0]",0.7800000309944153,0.36399999260902405,0.3872,0.5868333333333333,0.7566666666666667,0.417,"[null, null, null, 0.324, null, 0.034, 0.893, null, 0.757, 0.62]",single-full@0.80@label,single-full,0.8,label,0.004192314926024138,0.004246574657477604,0.136876924077691,0.1672681708357481,0.6287242037860933,0.05869181171696597,0.7481696576728157,1.0313396790402707,1.2345354211036075,0.7227832857127628,21,globa_v2,runs_exp2d/seed0/population,runs_ssl/simsiam_e50_seed0/backbone_e9.pth.tar,14.9
5ffed8da,be2e50e9,6_8_9,3_6_7,"[0.0, 0.0, 0.0, 0.0, 0.0, 0.0, 0.9120000600814819, 0.0, 0.7490000128746033, 0.6790000200271606]","[0.0, 0.0, 0.0, 0.26100000739097595, 0.0, 0.0, 0.9020000696182251, 0.34200000762939453, 0.0, 0.0]",0.7800000309944153,0.5016667246818542,0.2628,0.45733333333333337,0.5736666666666667,0.341,"[null, null, null, 0.014, null, null, 0.995, 0.014, 0.505, 0.221]",average@0.80@average,average,0.8,average,0.018130827117765196,0.014537621590721958,0.0807705984397294,0.20807600293031894,0.5386875365571859,0.13979741336427862,0.7326108257771219,0.7605978545344998,0.820446996911907,0.7226099621945931,21,globa_v2,runs_exp2d/seed0/population,runs_ssl/simsiam_e50_seed0/backbone_e9.pth.tar,14.3
5ffed8da,be2e50e9,6_8_9,3_6_7,"[0.0, 0.0, 0.0, 0.0, 0.0, 0.0, 0.9120000600814819, 0.0, 0.7490000128746033, 0.6790000200271606]","[0.0, 0.0, 0.0, 0.26100000739097595, 0.0, 0.0, 0.9020000696182251, 0.34200000762939453, 0.0, 0.0]",0.7800000309944153,0.5016667246818542,0.4004,0.6588333333333334,0.7453333333333333,0.5723333333333334,"[null, null, null, 0.292, null, null, 0.828, 0.597, 0.661, 0.747]",average@0.80@label,average,0.8,label,0.018130827117765196,0.014537621590721958,0.0807705984397294,0.20807600293031894,0.5386875365571859,0.13979741336427862,0.7326108257771219,0.7605978545344998,0.820446996911907,0.7226099621945931,21,globa_v2,runs_exp2d/seed0/population,runs_ssl/simsiam_e50_seed0/backbone_e9.pth.tar,14.2
5ffed8da,be2e50e9,6_8_9,3_6_7,"[0.0, 0.0, 0.0, 0.0, 0.0, 0.0, 0.9120000600814819, 0.0, 0.7490000128746033, 0.6790000200271606]","[0.0, 0.0, 0.0, 0.26100000739097595, 0.0, 0.0, 0.9020000696182251, 0.34200000762939453, 0.0, 0.0]",0.7800000309944153,0.5016667246818542,0.2788,0.4656666666666667,0.586,0.3453333333333333,"[null, null, null, 0.017, null, null, 0.994, 0.025, 0.551, 0.213]",single-full@0.80@average,single-full,0.8,average,0.018130827117765196,0.014537621590721958,0.0807705984397294,0.20807600293031894,0.5386875365571859,0.13979741336427862,0.820446996911907,1.061660439897395,1.2135905094054344,0.7226099621945931,21,globa_v2,runs_exp2d/seed0/population,runs_ssl/simsiam_e50_seed0/backbone_e9.pth.tar,14.2
5ffed8da,be2e50e9,6_8_9,3_6_7,"[0.0, 0.0, 0.0, 0.0, 0.0, 0.0, 0.9120000600814819, 0.0, 0.7490000128746033, 0.6790000200271606]","[0.0, 0.0, 0.0, 0.26100000739097595, 0.0, 0.0, 0.9020000696182251, 0.34200000762939453, 0.0, 0.0]",0.7800000309944153,0.5016667246818542,0.4514,0.6593333333333333,0.7516666666666667,0.567,"[null, null, null, 0.284, null, null, 0.845, 0.572, 0.673, 0.737]",single-full@0.80@label,single-full,0.8,label,0.018130827117765196,0.014537621590721958,0.0807705984397294,0.20807600293031894,0.5386875365571859,0.13979741336427862,0.820446996911907,1.061660439897395,1.2135905094054344,0.7226099621945931,21,globa_v2,runs_exp2d/seed0/population,runs_ssl/simsiam_e50_seed0/backbone_e9.pth.tar,14.1
5ffed8da,cb3a86af,6_8_9,1_6_7,"[0.0, 0.0, 0.0, 0.0, 0.0, 0.0, 0.9120000600814819, 0.0, 0.7490000128746033, 0.6790000200271606]","[0.0, 0.5400000214576721, 0.0, 0.0, 0.0, 0.0, 0.9630000591278076, 0.28700000047683716, 0.0, 0.0]",0.7800000309944153,0.5966666340827942,0.2296,0.46166666666666667,0.5553333333333333,0.368,"[null, 0.091, null, null, null, null, 0.995, 0.018, 0.494, 0.177]",average@0.80@average,average,0.8,average,0.0030959236689746066,0.011266981866533765,0.1660255743711014,0.12472125381833407,0.6531875733496272,0.041702692925429094,0.6945285181131594,0.7282102952211613,0.8059244250076059,0.7179217484334187,21,globa_v2,runs_exp2d/seed0/population,runs_ssl/simsiam_e50_seed0/backbone_e9.pth.tar,14.0
5ffed8da,cb3a86af,6_8_9,1_6_7,"[0.0, 0.0, 0.0, 0.0, 0.0, 0.0, 0.9120000600814819, 0.0, 0.7490000128746033, 0.6790000200271606]","[0.0, 0.5400000214576721, 0.0, 0.0, 0.0, 0.0, 0.9630000591278076, 0.28700000047683716, 0.0, 0.0]",0.7800000309944153,0.5966666340827942,0.4402,0.6855,0.7906666666666666,0.5803333333333334,"[null, 0.434, null, null, null, null, 0.923, 0.384, 0.692, 0.757]",average@0.80@label,average,0.8,label,0.0030959236689746066,0.011266981866533765,0.1660255743711014,0.12472125381833407,0.6531875733496272,0.041702692925429094,0.6945285181131594,0.7282102952211613,0.8059244250076059,0.7179217484334187,21,globa_v2,runs_exp2d/seed0/population,runs_ssl/simsiam_e50_seed0/backbone_e9.pth.tar,14.1
5ffed8da,cb3a86af,6_8_9,1_6_7,"[0.0, 0.0, 0.0, 0.0, 0.0, 0.0, 0.9120000600814819, 0.0, 0.7490000128746033, 0.6790000200271606]","[0.0, 0.5400000214576721, 0.0, 0.0, 0.0, 0.0, 0.9630000591278076, 0.28700000047683716, 0.0, 0.0]",0.7800000309944153,0.5966666340827942,0.243,0.47950000000000004,0.5883333333333334,0.37066666666666664,"[null, 0.095, null, null, null, null, 0.995, 0.022, 0.57, 0.2]",single-full@0.80@average,single-full,0.8,average,0.0030959236689746066,0.011266981866533765,0.1660255743711014,0.12472125381833407,0.6531875733496272,0.041702692925429094,0.7276725113691301,1.0299688838152135,1.1967075549249568,0.7179217484334187,21,globa_v2,runs_exp2d/seed0/population,runs_ssl/simsiam_e50_seed0/backbone_e9.pth.tar,14.1
5ffed8da,cb3a86af,6_8_9,1_6_7,"[0.0, 0.0, 0.0, 0.0, 0.0, 0.0, 0.9120000600814819, 0.0, 0.7490000128746033, 0.6790000200271606]","[0.0, 0.5400000214576721, 0.0, 0.0, 0.0, 0.0, 0.9630000591278076, 0.28700000047683716, 0.0, 0.0]",0.7800000309944153,0.5966666340827942,0.4548,0.6925,0.803,0.582,"[null, 0.474, null, null, null, null, 0.944, 0.328, 0.723, 0.742]",single-full@0.80@label,single-full,0.8,label,0.0030959236689746066,0.011266981866533765,0.1660255743711014,0.12472125381833407,0.6531875733496272,0.041702692925429094,0.7276725113691301,1.0299688838152135,1.1967075549249568,0.7179217484334187,21,globa_v2,runs_exp2d/seed0/population,runs_ssl/simsiam_e50_seed0/backbone_e9.pth.tar,14.1
5ffed8da,d8bd0bc0,6_8_9,4_5_7,"[0.0, 0.0, 0.0, 0.0, 0.0, 0.0, 0.9120000600814819, 0.0, 0.7490000128746033, 0.6790000200271606]","[0.0, 0.0, 0.0, 0.0, 0.6810000538825989, 0.64000004529953, 0.0, 0.12700000405311584, 0.0, 0.0]",0.7800000309944153,0.4826667010784149,0.32283333333333336,0.5519999999999999,0.7383333333333333,0.36566666666666664,"[null, null, null, null, 0.018, 0.901, 0.788, 0.178, 0.747, 0.68]",average@0.80@average,average,0.8,average,0.029343681318751588,0.005889580297722058,0.1613814225727345,0.16101236164489602,0.5527046903023037,0.08966826386359207,0.6880634548607099,0.730008410421641,0.7960214062800732,0.7231597907602884,21,globa_v2,runs_exp2d/seed0/population,runs_ssl/simsiam_e50_seed0/backbone_e9.pth.tar,14.5
5ffed8da,d8bd0bc0,6_8_9,4_5_7,"[0.0, 0.0, 0.0, 0.0, 0.0, 0.0, 0.9120000600814819, 0.0, 0.7490000128746033, 0.6790000200271606]","[0.0, 0.0, 0.0, 0.0, 0.6810000538825989, 0.64000004529953, 0.0, 0.12700000405311584, 0.0, 0.0]",0.7800000309944153,0.4826667010784149,0.38866666666666666,0.597,0.7616666666666667,0.43233333333333335,"[null, null, null, null, 0.257, 0.848, 0.864, 0.192, 0.632, 0.789]",average@0.80@label,average,0.8,label,0.029343681318751588,0.005889580297722058,0.1613814225727345,0.16101236164489602,0.5527046903023037,0.08966826386359207,0.6880634548607099,0.730008410421641,0.7960214062800732,0.7231597907602884,21,globa_v2,runs_exp2d/seed0/population,runs_ssl/simsiam_e50_seed0/backbone_e9.pth.tar,14.3
5ffed8da,d8bd0bc0,6_8_9,4_5_7,"[0.0, 0.0, 0.0, 0.0, 0.0, 0.0, 0.9120000600814819, 0.0, 0.7490000128746033, 0.6790000200271606]","[0.0, 0.0, 0.0, 0.0, 0.6810000538825989, 0.64000004529953, 0.0, 0.12700000405311584, 0.0, 0.0]",0.7800000309944153,0.4826667010784149,0.363,0.57,0.7573333333333333,0.38266666666666665,"[null, null, null, null, 0.047, 0.919, 0.839, 0.182, 0.759, 0.674]",single-full@0.80@average,single-full,0.8,average,0.029343681318751588,0.005889580297722058,0.1613814225727345,0.16101236164489602,0.5527046903023037,0.08966826386359207,0.7960214062800732,1.0214484684296756,1.1952759120669991,0.7231597907602884,21,globa_v2,runs_exp2d/seed0/population,runs_ssl/simsiam_e50_seed0/backbone_e9.pth.tar,14.4
5ffed8da,d8bd0bc0,6_8_9,4_5_7,"[0.0, 0.0, 0.0, 0.0, 0.0, 0.0, 0.9120000600814819, 0.0, 0.7490000128746033, 0.6790000200271606]","[0.0, 0.0, 0.0, 0.0, 0.6810000538825989, 0.64000004529953, 0.0, 0.12700000405311584, 0.0, 0.0]",0.7800000309944153,0.4826667010784149,0.3938333333333333,0.6171666666666666,0.769,0.4653333333333333,"[null, null, null, null, 0.505, 0.722, 0.896, 0.169, 0.645, 0.766]",single-full@0.80@label,single-full,0.8,label,0.029343681318751588,0.005889580297722058,0.1613814225727345,0.16101236164489602,0.5527046903023037,0.08966826386359207,0.7960214062800732,1.0214484684296756,1.1952759120669991,0.7231597907602884,21,globa_v2,runs_exp2d/seed0/population,runs_ssl/simsiam_e50_seed0/backbone_e9.pth.tar,14.4
5ffed8da,e1762771,6_8_9,1_2_4,"[0.0, 0.0, 0.0, 0.0, 0.0, 0.0, 0.9120000600814819, 0.0, 0.7490000128746033, 0.6790000200271606]","[0.0, 0.5320000052452087, 0.11600000411272049, 0.0, 0.9160000681877136, 0.0, 0.0, 0.0, 0.0, 0.0]",0.7800000309944153,0.5213333964347839,0.35783333333333334,0.5125,0.634,0.391,"[null, 0.173, 0.864, null, 0.136, null, 0.903, null, 0.957, 0.042]",average@0.80@average,average,0.8,average,0.04452298775548434,0.01285153359686346,0.18149006264471448,0.23902947760746254,0.4583727284621426,0.06373320993333254,0.6881295509154236,0.718691700941836,0.8829508802626144,0.7231187413659224,21,globa_v2,runs_exp2d/seed0/population,runs_ssl/simsiam_e50_seed0/backbone_e9.pth.tar,14.3
5ffed8da,e1762771,6_8_9,1_2_4,"[0.0, 0.0, 0.0, 0.0, 0.0, 0.0, 0.9120000600814819, 0.0, 0.7490000128746033, 0.6790000200271606]","[0.0, 0.5320000052452087, 0.11600000411272049, 0.0, 0.9160000681877136, 0.0, 0.0, 0.0, 0.0, 0.0]",0.7800000309944153,0.5213333964347839,0.3955,0.5991666666666666,0.756,0.44233333333333336,"[null, 0.325, 0.463, null, 0.539, null, 0.813, null, 0.672, 0.783]",average@0.80@label,average,0.8,label,0.04452298775548434,0.01285153359686346,0.18149006264471448,0.23902947760746254,0.4583727284621426,0.06373320993333254,0.6881295509154236,0.718691700941836,0.8829508802626144,0.7231187413659224,21,globa_v2,runs_exp2d/seed0/population,runs_ssl/simsiam_e50_seed0/backbone_e9.pth.tar,14.3
5ffed8da,e1762771,6_8_9,1_2_4,"[0.0, 0.0, 0.0, 0.0, 0.0, 0.0, 0.9120000600814819, 0.0, 0.7490000128746033, 0.6790000200271606]","[0.0, 0.5320000052452087, 0.11600000411272049, 0.0, 0.9160000681877136, 0.0, 0.0, 0.0, 0.0, 0.0]",0.7800000309944153,0.5213333964347839,0.35483333333333333,0.5336666666666667,0.6416666666666667,0.4256666666666667,"[null, 0.28, 0.706, null, 0.291, null, 0.919, null, 0.947, 0.059]",single-full@0.80@average,single-full,0.8,average,0.04452298775548434,0.01285153359686346,0.18149006264471448,0.23902947760746254,0.4583727284621426,0.06373320993333254,0.8444965699551925,1.0438973599544787,1.1711160294161609,0.7231187413659224,21,globa_v2,runs_exp2d/seed0/population,runs_ssl/simsiam_e50_seed0/backbone_e9.pth.tar,14.3
5ffed8da,e1762771,6_8_9,1_2_4,"[0.0, 0.0, 0.0, 0.0, 0.0, 0.0, 0.9120000600814819, 0.0, 0.7490000128746033, 0.6790000200271606]","[0.0, 0.5320000052452087, 0.11600000411272049, 0.0, 0.9160000681877136, 0.0, 0.0, 0.0, 0.0, 0.0]",0.7800000309944153,0.5213333964347839,0.3895,0.6285,0.7673333333333333,0.48966666666666664,"[null, 0.422, 0.277, null, 0.77, null, 0.856, null, 0.684, 0.762]",single-full@0.80@label,single-full,0.8,label,0.04452298775548434,0.01285153359686346,0.18149006264471448,0.23902947760746254,0.4583727284621426,0.06373320993333254,0.8444965699551925,1.0438973599544787,1.1711160294161609,0.7231187413659224,21,globa_v2,runs_exp2d/seed0/population,runs_ssl/simsiam_e50_seed0/backbone_e9.pth.tar,14.3
88ed44d1,905afff7,3_6_7,3_5_6,"[0.0, 0.0, 0.0, 0.1810000091791153, 0.0, 0.0, 0.9600000381469727, 0.1340000033378601, 0.0, 0.0]","[0.0, 0.0, 0.0, 0.08700000494718552, 0.0, 0.026000000536441803, 0.9790000319480896, 0.0, 0.0, 0.0]",0.42500004172325134,0.36399999260902405,0.30425,0.4033333333333333,0.4033333333333333,0.4033333333333333,"[null, null, null, 0.261, null, 0.0, 0.949, 0.0, null, null]",average@0.80@average,average,0.8,average,0.002953193523216756,0.006376619486305943,0.24410298233743324,0.20207445744366012,0.5356922181768979,0.008800529032486102,0.6991560273291858,0.7924869242634799,0.9350416385544842,0.7215459186011999,21,globa_v2,runs_exp2d/seed0/population,runs_ssl/simsiam_e50_seed0/backbone_e9.pth.tar,13.8
88ed44d1,905afff7,3_6_7,3_5_6,"[0.0, 0.0, 0.0, 0.1810000091791153, 0.0, 0.0, 0.9600000381469727, 0.1340000033378601, 0.0, 0.0]","[0.0, 0.0, 0.0, 0.08700000494718552, 0.0, 0.026000000536441803, 0.9790000319480896, 0.0, 0.0, 0.0]",0.42500004172325134,0.36399999260902405,0.27975,0.39283333333333337,0.377,0.4086666666666667,"[null, null, null, 0.18, null, 0.108, 0.938, 0.013, null, null]",average@0.80@label,average,0.8,label,0.002953193523216756,0.006376619486305943,0.24410298233743324,0.20207445744366012,0.5356922181768979,0.008800529032486102,0.6991560273291858,0.7924869242634799,0.9350416385544842,0.7215459186011999,21,globa_v2,runs_exp2d/seed0/population,runs_ssl/simsiam_e50_seed0/backbone_e9.pth.tar,13.8
88ed44d1,905afff7,3_6_7,3_5_6,"[0.0, 0.0, 0.0, 0.1810000091791153, 0.0, 0.0, 0.9600000381469727, 0.1340000033378601, 0.0, 0.0]","[0.0, 0.0, 0.0, 0.08700000494718552, 0.0, 0.026000000536441803, 0.9790000319480896, 0.0, 0.0, 0.0]",0.42500004172325134,0.36399999260902405,0.2975,0.3963333333333333,0.3963333333333333,0.3963333333333333,"[null, null, null, 0.231, null, 0.0, 0.958, 0.0, null, null]",single-full@0.80@average,single-full,0.8,average,0.002953193523216756,0.006376619486305943,0.24410298233743324,0.20207445744366012,0.5356922181768979,0.008800529032486102,0.6993285416211538,1.0025627314390004,1.2654022107671048,0.7215459186011999,21,globa_v2,runs_exp2d/seed0/population,runs_ssl/simsiam_e50_seed0/backbone_e9.pth.tar,13.7
88ed44d1,905afff7,3_6_7,3_5_6,"[0.0, 0.0, 0.0, 0.1810000091791153, 0.0, 0.0, 0.9600000381469727, 0.1340000033378601, 0.0, 0.0]","[0.0, 0.0, 0.0, 0.08700000494718552, 0.0, 0.026000000536441803, 0.9790000319480896, 0.0, 0.0, 0.0]",0.42500004172325134,0.36399999260902405,0.33075,0.385,0.374,0.396,"[null, null, null, 0.161, null, 0.076, 0.951, 0.01, null, null]",single-full@0.80@label,single-full,0.8,label,0.002953193523216756,0.006376619486305943,0.24410298233743324,0.20207445744366012,0.5356922181768979,0.008800529032486102,0.6993285416211538,1.0025627314390004,1.2654022107671048,0.7215459186011999,21,globa_v2,runs_exp2d/seed0/population,runs_ssl/simsiam_e50_seed0/backbone_e9.pth.tar,14.0
88ed44d1,be2e50e9,3_6_7,3_6_7,"[0.0, 0.0, 0.0, 0.1810000091791153, 0.0, 0.0, 0.9600000381469727, 0.1340000033378601, 0.0, 0.0]","[0.0, 0.0, 0.0, 0.26100000739097595, 0.0, 0.0, 0.9020000696182251, 0.34200000762939453, 0.0, 0.0]",0.42500004172325134,0.5016667246818542,0.4723333333333333,0.47633333333333333,0.47633333333333333,0.47633333333333333,"[null, null, null, 0.296, null, null, 0.905, 0.228, null, null]",average@0.80@average,average,0.8,average,0.04623989248674284,0.006970732181648965,0.1373956462086199,0.18078030937157477,0.5873429583446462,0.04127046140676738,0.6973796016247656,0.7424343903528731,0.7942955960738881,0.7185518171797545,21,globa_v2,runs_exp2d/seed0/population,runs_ssl/simsiam_e50_seed0/backbone_e9.pth.tar,13.5
88ed44d1,be2e50e9,3_6_7,3_6_7,"[0.0, 0.0, 0.0, 0.1810000091791153, 0.0, 0.0, 0.9600000381469727, 0.1340000033378601, 0.0, 0.0]","[0.0, 0.0, 0.0, 0.26100000739097595, 0.0, 0.0, 0.9020000696182251, 0.34200000762939453, 0.0, 0.0]",0.42500004172325134,0.5016667246818542,0.4726666666666667,0.476,0.476,0.476,"[null, null, null, 0.296, null, null, 0.905, 0.227, null, null]",average@0.80@label,average,0.8,label,0.04623989248674284,0.006970732181648965,0.1373956462086199,0.18078030937157477,0.5873429583446462,0.04127046140676738,0.6973796016247656,0.7424343903528731,0.7942955960738881,0.7185518171797545,21,globa_v2,runs_exp2d/seed0/population,runs_ssl/simsiam_e50_seed0/backbone_e9.pth.tar,13.6
88ed44d1,be2e50e9,3_6_7,3_6_7,"[0.0, 0.0, 0.0, 0.1810000091791153, 0.0, 0.0, 0.9600000381469727, 0.1340000033378601, 0.0, 0.0]","[0.0, 0.0, 0.0, 0.26100000739097595, 0.0, 0.0, 0.9020000696182251, 0.34200000762939453, 0.0, 0.0]",0.42500004172325134,0.5016667246818542,0.4776666666666667,0.4786666666666667,0.4786666666666667,0.4786666666666667,"[null, null, null, 0.284, null, null, 0.917, 0.235, null, null]",single-full@0.80@average,single-full,0.8,average,0.04623989248674284,0.006970732181648965,0.1373956462086199,0.18078030937157477,0.5873429583446462,0.04127046140676738,0.8330582541761796,1.0467519585061031,1.392854569911281,0.7185518171797545,21,globa_v2,runs_exp2d/seed0/population,runs_ssl/simsiam_e50_seed0/backbone_e9.pth.tar,13.5
88ed44d1,be2e50e9,3_6_7,3_6_7,"[0.0, 0.0, 0.0, 0.1810000091791153, 0.0, 0.0, 0.9600000381469727, 0.1340000033378601, 0.0, 0.0]","[0.0, 0.0, 0.0, 0.26100000739097595, 0.0, 0.0, 0.9020000696182251, 0.34200000762939453, 0.0, 0.0]",0.42500004172325134,0.5016667246818542,0.47733333333333333,0.479,0.479,0.479,"[null, null, null, 0.284, null, null, 0.917, 0.236, null, null]",single-full@0.80@label,single-full,0.8,label,0.04623989248674284,0.006970732181648965,0.1373956462086199,0.18078030937157477,0.5873429583446462,0.04127046140676738,0.8330582541761796,1.0467519585061031,1.392854569911281,0.7185518171797545,21,globa_v2,runs_exp2d/seed0/population,runs_ssl/simsiam_e50_seed0/backbone_e9.pth.tar,13.6
88ed44d1,cb3a86af,3_6_7,1_6_7,"[0.0, 0.0, 0.0, 0.1810000091791153, 0.0, 0.0, 0.9600000381469727, 0.1340000033378601, 0.0, 0.0]","[0.0, 0.5400000214576721, 0.0, 0.0, 0.0, 0.0, 0.9630000591278076, 0.28700000047683716, 0.0, 0.0]",0.42500004172325134,0.5966666340827942,0.35525,0.47,0.47,0.47,"[null, 0.0, null, 0.0, null, null, 0.943, 0.467, null, null]",average@0.80@average,average,0.8,average,0.002305218950269853,0.01708670828529283,0.126919775535145,0.1883340449122477,0.6287098572995007,0.036644395017543956,0.6777434605851016,0.7091838430561803,0.7361547032954017,0.7172615608147836,21,globa_v2,runs_exp2d/seed0/population,runs_ssl/simsiam_e50_seed0/backbone_e9.pth.tar,13.8
88ed44d1,cb3a86af,3_6_7,1_6_7,"[0.0, 0.0, 0.0, 0.1810000091791153, 0.0, 0.0, 0.9600000381469727, 0.1340000033378601, 0.0, 0.0]","[0.0, 0.5400000214576721, 0.0, 0.0, 0.0, 0.0, 0.9630000591278076, 0.28700000047683716, 0.0, 0.0]",0.42500004172325134,0.5966666340827942,0.3595,0.5451666666666666,0.5646666666666667,0.5256666666666666,"[null, 0.193, null, 0.31, null, null, 0.944, 0.44, null, null]",average@0.80@label,average,0.8,label,0.002305218950269853,0.01708670828529283,0.126919775535145,0.1883340449122477,0.6287098572995007,0.036644395017543956,0.6777434605851016,0.7091838430561803,0.7361547032954017,0.7172615608147836,21,globa_v2,runs_exp2d/seed0/population,runs_ssl/simsiam_e50_seed0/backbone_e9.pth.tar,13.8
88ed44d1,cb3a86af,3_6_7,1_6_7,"[0.0, 0.0, 0.0, 0.1810000091791153, 0.0, 0.0, 0.9600000381469727, 0.1340000033378601, 0.0, 0.0]","[0.0, 0.5400000214576721, 0.0, 0.0, 0.0, 0.0, 0.9630000591278076, 0.28700000047683716, 0.0, 0.0]",0.42500004172325134,0.5966666340827942,0.3485,0.459,0.459,0.459,"[null, 0.0, null, 0.0, null, null, 0.947, 0.43, null, null]",single-full@0.80@average,single-full,0.8,average,0.002305218950269853,0.01708670828529283,0.126919775535145,0.1883340449122477,0.6287098572995007,0.036644395017543956,0.6888266730529852,1.0208378432490806,1.2699054808396504,0.7172615608147836,21,globa_v2,runs_exp2d/seed0/population,runs_ssl/simsiam_e50_seed0/backbone_e9.pth.tar,13.7
88ed44d1,cb3a86af,3_6_7,1_6_7,"[0.0, 0.0, 0.0, 0.1810000091791153, 0.0, 0.0, 0.9600000381469727, 0.1340000033378601, 0.0, 0.0]","[0.0, 0.5400000214576721, 0.0, 0.0, 0.0, 0.0, 0.9630000591278076, 0.28700000047683716, 0.0, 0.0]",0.42500004172325134,0.5966666340827942,0.36975,0.5353333333333333,0.546,0.5246666666666666,"[null, 0.222, null, 0.286, null, null, 0.948, 0.404, null, null]",single-full@0.80@label,single-full,0.8,label,0.002305218950269853,0.01708670828529283,0.126919775535145,0.1883340449122477,0.6287098572995007,0.036644395017543956,0.6888266730529852,1.0208378432490806,1.2699054808396504,0.7172615608147836,21,globa_v2,runs_exp2d/seed0/population,runs_ssl/simsiam_e50_seed0/backbone_e9.pth.tar,13.8
88ed44d1,d8bd0bc0,3_6_7,4_5_7,"[0.0, 0.0, 0.0, 0.1810000091791153, 0.0, 0.0, 0.9600000381469727, 0.1340000033378601, 0.0, 0.0]","[0.0, 0.0, 0.0, 0.0, 0.6810000538825989, 0.64000004529953, 0.0, 0.12700000405311584, 0.0, 0.0]",0.42500004172325134,0.4826667010784149,0.2008,0.33399999999999996,0.3333333333333333,0.33466666666666667,"[null, null, null, 0.0, 0.0, 0.005, 0.001, 0.999, null, null]",average@0.80@average,average,0.8,average,0.023069772965189386,0.020045119460908756,0.050349762980767175,0.20882512696057295,0.6765817756900909,0.021128441942470804,0.6894266192023958,0.7364315645322494,0.876367416227641,0.7212412283835229,21,globa_v2,runs_exp2d/seed0/population,runs_ssl/simsiam_e50_seed0/backbone_e9.pth.tar,14.0
88ed44d1,d8bd0bc0,3_6_7,4_5_7,"[0.0, 0.0, 0.0, 0.1810000091791153, 0.0, 0.0, 0.9600000381469727, 0.1340000033378601, 0.0, 0.0]","[0.0, 0.0, 0.0, 0.0, 0.6810000538825989, 0.64000004529953, 0.0, 0.12700000405311584, 0.0, 0.0]",0.42500004172325134,0.4826667010784149,0.297,0.39766666666666667,0.366,0.42933333333333334,"[null, null, null, 0.121, 0.441, 0.812, 0.942, 0.035, null, null]",average@0.80@label,average,0.8,label,0.023069772965189386,0.020045119460908756,0.050349762980767175,0.20882512696057295,0.6765817756900909,0.021128441942470804,0.6894266192023958,0.7364315645322494,0.876367416227641,0.7212412283835229,21,globa_v2,runs_exp2d/seed0/population,runs_ssl/simsiam_e50_seed0/backbone_e9.pth.tar,14.0
88ed44d1,d8bd0bc0,3_6_7,4_5_7,"[0.0, 0.0, 0.0, 0.1810000091791153, 0.0, 0.0, 0.9600000381469727, 0.1340000033378601, 0.0, 0.0]","[0.0, 0.0, 0.0, 0.0, 0.6810000538825989, 0.64000004529953, 0.0, 0.12700000405311584, 0.0, 0.0]",0.42500004172325134,0.4826667010784149,0.2052,0.3726666666666667,0.385,0.36033333333333334,"[null, null, null, 0.0, 0.057, 0.03, 0.161, 0.994, null, null]",single-full@0.80@average,single-full,0.8,average,0.023069772965189386,0.020045119460908756,0.050349762980767175,0.20882512696057295,0.6765817756900909,0.021128441942470804,0.8230701117356052,0.9709952477520967,1.2227959766101912,0.7212412283835229,21,globa_v2,runs_exp2d/seed0/population,runs_ssl/simsiam_e50_seed0/backbone_e9.pth.tar,14.0
88ed44d1,d8bd0bc0,3_6_7,4_5_7,"[0.0, 0.0, 0.0, 0.1810000091791153, 0.0, 0.0, 0.9600000381469727, 0.1340000033378601, 0.0, 0.0]","[0.0, 0.0, 0.0, 0.0, 0.6810000538825989, 0.64000004529953, 0.0, 0.12700000405311584, 0.0, 0.0]",0.42500004172325134,0.4826667010784149,0.2924,0.40149999999999997,0.36466666666666664,0.43833333333333335,"[null, null, null, 0.098, 0.511, 0.767, 0.959, 0.037, null, null]",single-full@0.80@label,single-full,0.8,label,0.023069772965189386,0.020045119460908756,0.050349762980767175,0.20882512696057295,0.6765817756900909,0.021128441942470804,0.8230701117356052,0.9709952477520967,1.2227959766101912,0.7212412283835229,21,globa_v2,runs_exp2d/seed0/population,runs_ssl/simsiam_e50_seed0/backbone_e9.pth.tar,14.3
88ed44d1,e1762771,3_6_7,1_2_4,"[0.0, 0.0, 0.0, 0.1810000091791153, 0.0, 0.0, 0.9600000381469727, 0.1340000033378601, 0.0, 0.0]","[0.0, 0.5320000052452087, 0.11600000411272049, 0.0, 0.9160000681877136, 0.0, 0.0, 0.0, 0.0, 0.0]",0.42500004172325134,0.5213333964347839,0.24216666666666667,0.41933333333333334,0.38666666666666666,0.452,"[null, 0.337, 0.529, 0.114, 0.49, null, 0.958, 0.088, null, null]",average@0.80@average,average,0.8,average,0.028120444906759162,0.03167680528200305,0.11462290914796333,0.2244765194352807,0.5649249003922008,0.03617842083579306,0.6949907673828826,0.7344802497748675,0.8486725875254508,0.7216111862929887,21,globa_v2,runs_exp2d/seed0/population,runs_ssl/simsiam_e50_seed0/backbone_e9.pth.tar,14.3
88ed44d1,e1762771,3_6_7,1_2_4,"[0.0, 0.0, 0.0, 0.1810000091791153, 0.0, 0.0, 0.9600000381469727, 0.1340000033378601, 0.0, 0.0]","[0.0, 0.5320000052452087, 0.11600000411272049, 0.0, 0.9160000681877136, 0.0, 0.0, 0.0, 0.0, 0.0]",0.42500004172325134,0.5213333964347839,0.25566666666666665,0.4618333333333333,0.44433333333333336,0.47933333333333333,"[null, 0.403, 0.285, 0.242, 0.75, null, 0.924, 0.167, null, null]",average@0.80@label,average,0.8,label,0.028120444906759162,0.03167680528200305,0.11462290914796333,0.2244765194352807,0.5649249003922008,0.03617842083579306,0.6949907673828826,0.7344802497748675,0.8486725875254508,0.7216111862929887,21,globa_v2,runs_exp2d/seed0/population,runs_ssl/simsiam_e50_seed0/backbone_e9.pth.tar,14.4
88ed44d1,e1762771,3_6_7,1_2_4,"[0.0, 0.0, 0.0, 0.1810000091791153, 0.0, 0.0, 0.9600000381469727, 0.1340000033378601, 0.0, 0.0]","[0.0, 0.5320000052452087, 0.11600000411272049, 0.0, 0.9160000681877136, 0.0, 0.0, 0.0, 0.0, 0.0]",0.42500004172325134,0.5213333964347839,0.26066666666666666,0.43466666666666665,0.37933333333333336,0.49,"[null, 0.396, 0.459, 0.116, 0.615, null, 0.965, 0.057, null, null]",single-full@0.80@average,single-full,0.8,average,0.028120444906759162,0.03167680528200305,0.11462290914796333,0.2244765194352807,0.5649249003922008,0.03617842083579306,0.8834376955036537,1.022827163139483,1.3412073511156561,0.7216111862929887,21,globa_v2,runs_exp2d/seed0/population,runs_ssl/simsiam_e50_seed0/backbone_e9.pth.tar,14.4
88ed44d1,e1762771,3_6_7,1_2_4,"[0.0, 0.0, 0.0, 0.1810000091791153, 0.0, 0.0, 0.9600000381469727, 0.1340000033378601, 0.0, 0.0]","[0.0, 0.5320000052452087, 0.11600000411272049, 0.0, 0.9160000681877136, 0.0, 0.0, 0.0, 0.0, 0.0]",0.42500004172325134,0.5213333964347839,0.27316666666666667,0.4686666666666667,0.42533333333333334,0.512,"[null, 0.467, 0.218, 0.204, 0.851, null, 0.933, 0.139, null, null]",single-full@0.80@label,single-full,0.8,label,0.028120444906759162,0.03167680528200305,0.11462290914796333,0.2244765194352807,0.5649249003922008,0.03617842083579306,0.8834376955036537,1.022827163139483,1.3412073511156561,0.7216111862929887,21,globa_v2,runs_exp2d/seed0/population,runs_ssl/simsiam_e50_seed0/backbone_e9.pth.tar,14.4
905afff7,be2e50e9,3_5_6,3_6_7,"[0.0, 0.0, 0.0, 0.08700000494718552, 0.0, 0.026000000536441803, 0.9790000319480896, 0.0, 0.0, 0.0]","[0.0, 0.0, 0.0, 0.26100000739097595, 0.0, 0.0, 0.9020000696182251, 0.34200000762939453, 0.0, 0.0]",0.36399999260902405,0.5016667246818542,0.30125,0.40166666666666667,0.40166666666666667,0.40166666666666667,"[null, null, null, 0.269, null, 0.0, 0.936, 0.0, null, null]",average@0.80@average,average,0.8,average,0.01887874688041037,0.058068567117658614,0.18685138209722257,0.3050943968962986,0.3979089234092348,0.03319798359917504,0.7163193328169573,0.7432320639942108,0.7781063332134184,0.721618151400615,21,globa_v2,runs_exp2d/seed0/population,runs_ssl/simsiam_e50_seed0/backbone_e9.pth.tar,13.8
905afff7,be2e50e9,3_5_6,3_6_7,"[0.0, 0.0, 0.0, 0.08700000494718552, 0.0, 0.026000000536441803, 0.9790000319480896, 0.0, 0.0, 0.0]","[0.0, 0.0, 0.0, 0.26100000739097595, 0.0, 0.0, 0.9020000696182251, 0.34200000762939453, 0.0, 0.0]",0.36399999260902405,0.5016667246818542,0.3785,0.436,0.4083333333333333,0.46366666666666667,"[null, null, null, 0.241, null, 0.05, 0.934, 0.216, null, null]",average@0.80@label,average,0.8,label,0.01887874688041037,0.058068567117658614,0.18685138209722257,0.3050943968962986,0.3979089234092348,0.03319798359917504,0.7163193328169573,0.7432320639942108,0.7781063332134184,0.721618151400615,21,globa_v2,runs_exp2d/seed0/population,runs_ssl/simsiam_e50_seed0/backbone_e9.pth.tar,13.9
905afff7,be2e50e9,3_5_6,3_6_7,"[0.0, 0.0, 0.0, 0.08700000494718552, 0.0, 0.026000000536441803, 0.9790000319480896, 0.0, 0.0, 0.0]","[0.0, 0.0, 0.0, 0.26100000739097595, 0.0, 0.0, 0.9020000696182251, 0.34200000762939453, 0.0, 0.0]",0.36399999260902405,0.5016667246818542,0.29775,0.397,0.397,0.397,"[null, null, null, 0.246, null, 0.0, 0.945, 0.0, null, null]",single-full@0.80@average,single-full,0.8,average,0.01887874688041037,0.058068567117658614,0.18685138209722257,0.3050943968962986,0.3979089234092348,0.03319798359917504,0.7481467785754867,1.0533227154982177,1.2878780859174253,0.721618151400615,21,globa_v2,runs_exp2d/seed0/population,runs_ssl/simsiam_e50_seed0/backbone_e9.pth.tar,13.8
905afff7,be2e50e9,3_5_6,3_6_7,"[0.0, 0.0, 0.0, 0.08700000494718552, 0.0, 0.026000000536441803, 0.9790000319480896, 0.0, 0.0, 0.0]","[0.0, 0.0, 0.0, 0.26100000739097595, 0.0, 0.0, 0.9020000696182251, 0.34200000762939453, 0.0, 0.0]",0.36399999260902405,0.5016667246818542,0.40475,0.42566666666666664,0.39566666666666667,0.45566666666666666,"[null, null, null, 0.194, null, 0.049, 0.944, 0.229, null, null]",single-full@0.80@label,single-full,0.8,label,0.01887874688041037,0.058068567117658614,0.18685138209722257,0.3050943968962986,0.3979089234092348,0.03319798359917504,0.7481467785754867,1.0533227154982177,1.2878780859174253,0.721618151400615,21,globa_v2,runs_exp2d/seed0/population,runs_ssl/simsiam_e50_seed0/backbone_e9.pth.tar,14.2
905afff7,cb3a86af,3_5_6,1_6_7,"[0.0, 0.0, 0.0, 0.08700000494718552, 0.0, 0.026000000536441803, 0.9790000319480896, 0.0, 0.0, 0.0]","[0.0, 0.5400000214576721, 0.0, 0.0, 0.0, 0.0, 0.9630000591278076, 0.28700000047683716, 0.0, 0.0]",0.36399999260902405,0.5966666340827942,0.2008,0.3338333333333333,0.33266666666666667,0.335,"[null, 0.001, null, 0.0, null, 0.0, 0.998, 0.006, null, null]",average@0.80@average,average,0.8,average,0.007090914827315579,0.022339728330495252,0.06235569987026888,0.116530942437894,0.7579960746568353,0.03368663987719117,0.6811682297552776,0.7139270371143845,0.8656028864628584,0.7117708761248562,21,globa_v2,runs_exp2d/seed0/population,runs_ssl/simsiam_e50_seed0/backbone_e9.pth.tar,14.0
905afff7,cb3a86af,3_5_6,1_6_7,"[0.0, 0.0, 0.0, 0.08700000494718552, 0.0, 0.026000000536441803, 0.9790000319480896, 0.0, 0.0, 0.0]","[0.0, 0.5400000214576721, 0.0, 0.0, 0.0, 0.0, 0.9630000591278076, 0.28700000047683716, 0.0, 0.0]",0.36399999260902405,0.5966666340827942,0.2608,0.4721666666666667,0.4836666666666667,0.46066666666666667,"[null, 0.319, null, 0.439, null, 0.022, 0.99, 0.073, null, null]",average@0.80@label,average,0.8,label,0.007090914827315579,0.022339728330495252,0.06235569987026888,0.116530942437894,0.7579960746568353,0.03368663987719117,0.6811682297552776,0.7139270371143845,0.8656028864628584,0.7117708761248562,21,globa_v2,runs_exp2d/seed0/population,runs_ssl/simsiam_e50_seed0/backbone_e9.pth.tar,14.1
905afff7,cb3a86af,3_5_6,1_6_7,"[0.0, 0.0, 0.0, 0.08700000494718552, 0.0, 0.026000000536441803, 0.9790000319480896, 0.0, 0.0, 0.0]","[0.0, 0.5400000214576721, 0.0, 0.0, 0.0, 0.0, 0.9630000591278076, 0.28700000047683716, 0.0, 0.0]",0.36399999260902405,0.5966666340827942,0.2008,0.3345,0.333,0.336,"[null, 0.004, null, 0.0, null, 0.0, 0.999, 0.005, null, null]",single-full@0.80@average,single-full,0.8,average,0.007090914827315579,0.022339728330495252,0.06235569987026888,0.116530942437894,0.7579960746568353,0.03368663987719117,0.7350305552137644,0.9621819024800647,1.1345980529382347,0.7117708761248562,21,globa_v2,runs_exp2d/seed0/population,runs_ssl/simsiam_e50_seed0/backbone_e9.pth.tar,14.0
905afff7,cb3a86af,3_5_6,1_6_7,"[0.0, 0.0, 0.0, 0.08700000494718552, 0.0, 0.026000000536441803, 0.9790000319480896, 0.0, 0.0, 0.0]","[0.0, 0.5400000214576721, 0.0, 0.0, 0.0, 0.0, 0.9630000591278076, 0.28700000047683716, 0.0, 0.0]",0.36399999260902405,0.5966666340827942,0.2662,0.47383333333333333,0.47,0.4776666666666667,"[null, 0.347, null, 0.403, null, 0.019, 0.988, 0.098, null, null]",single-full@0.80@label,single-full,0.8,label,0.007090914827315579,0.022339728330495252,0.06235569987026888,0.116530942437894,0.7579960746568353,0.03368663987719117,0.7350305552137644,0.9621819024800647,1.1345980529382347,0.7117708761248562,21,globa_v2,runs_exp2d/seed0/population,runs_ssl/simsiam_e50_seed0/backbone_e9.pth.tar,14.2
905afff7,d8bd0bc0,3_5_6,4_5_7,"[0.0, 0.0, 0.0, 0.08700000494718552, 0.0, 0.026000000536441803, 0.9790000319480896, 0.0, 0.0, 0.0]","[0.0, 0.0, 0.0, 0.0, 0.6810000538825989, 0.64000004529953, 0.0, 0.12700000405311584, 0.0, 0.0]",0.36399999260902405,0.4826667010784149,0.2004,0.3333333333333333,0.3333333333333333,0.3333333333333333,"[null, null, null, 0.0, 0.0, 1.0, 0.0, 0.0, null, null]",average@0.80@average,average,0.8,average,0.018177845976288166,0.01267852140286439,0.13619683453665776,0.14524365043692655,0.6669582252936437,0.02074492235361938,0.704963587608081,0.743469958404737,0.9320228991639357,0.7191512255748432,21,globa_v2,runs_exp2d/seed0/population,runs_ssl/simsiam_e50_seed0/backbone_e9.pth.tar,14.1
905afff7,d8bd0bc0,3_5_6,4_5_7,"[0.0, 0.0, 0.0, 0.08700000494718552, 0.0, 0.026000000536441803, 0.9790000319480896, 0.0, 0.0, 0.0]","[0.0, 0.0, 0.0, 0.0, 0.6810000538825989, 0.64000004529953, 0.0, 0.12700000405311584, 0.0, 0.0]",0.36399999260902405,0.4826667010784149,0.2754,0.462,0.4856666666666667,0.43833333333333335,"[null, null, null, 0.163, 0.774, 0.329, 0.965, 0.212, null, null]",average@0.80@label,average,0.8,label,0.018177845976288166,0.01267852140286439,0.13619683453665776,0.14524365043692655,0.6669582252936437,0.02074492235361938,0.704963587608081,0.743469958404737,0.9320228991639357,0.7191512255748432,21,globa_v2,runs_exp2d/seed0/population,runs_ssl/simsiam_e50_seed0/backbone_e9.pth.tar,14.0
905afff7,d8bd0bc0,3_5_6,4_5_7,"[0.0, 0.0, 0.0, 0.08700000494718552, 0.0, 0.026000000536441803, 0.9790000319480896, 0.0, 0.0, 0.0]","[0.0, 0.0, 0.0, 0.0, 0.6810000538825989, 0.64000004529953, 0.0, 0.12700000405311584, 0.0, 0.0]",0.36399999260902405,0.4826667010784149,0.2006,0.333,0.333,0.333,"[null, null, null, 0.0, 0.0, 0.999, 0.0, 0.0, null, null]",single-full@0.80@average,single-full,0.8,average,0.018177845976288166,0.01267852140286439,0.13619683453665776,0.14524365043692655,0.6669582252936437,0.02074492235361938,0.837838967311817,1.008443717442709,1.1589997271615935,0.7191512255748432,21,globa_v2,runs_exp2d/seed0/population,runs_ssl/simsiam_e50_seed0/backbone_e9.pth.tar,14.2
905afff7,d8bd0bc0,3_5_6,4_5_7,"[0.0, 0.0, 0.0, 0.08700000494718552, 0.0, 0.026000000536441803, 0.9790000319480896, 0.0, 0.0, 0.0]","[0.0, 0.0, 0.0, 0.0, 0.6810000538825989, 0.64000004529953, 0.0, 0.12700000405311584, 0.0, 0.0]",0.36399999260902405,0.4826667010784149,0.2576,0.443,0.457,0.429,"[null, null, null, 0.102, 0.817, 0.309, 0.96, 0.161, null, null]",single-full@0.80@label,single-full,0.8,label,0.018177845976288166,0.01267852140286439,0.13619683453665776,0.14524365043692655,0.6669582252936437,0.02074492235361938,0.837838967311817,1.008443717442709,1.1589997271615935,0.7191512255748432,21,globa_v2,runs_exp2d/seed0/population,runs_ssl/simsiam_e50_seed0/backbone_e9.pth.tar,14.0
905afff7,e1762771,3_5_6,1_2_4,"[0.0, 0.0, 0.0, 0.08700000494718552, 0.0, 0.026000000536441803, 0.9790000319480896, 0.0, 0.0, 0.0]","[0.0, 0.5320000052452087, 0.11600000411272049, 0.0, 0.9160000681877136, 0.0, 0.0, 0.0, 0.0, 0.0]",0.36399999260902405,0.5213333964347839,0.28783333333333333,0.4206666666666667,0.37933333333333336,0.462,"[null, 0.409, 0.971, 0.186, 0.006, 0.0, 0.952, null, null, null]",average@0.80@average,average,0.8,average,0.003837889247897674,0.07650406892286868,0.13362998202983947,0.2231537169585163,0.5258966154082417,0.036977727432636,0.6752590715118452,0.7350361820469634,0.8496740072952522,0.7240453978875854,21,globa_v2,runs_exp2d/seed0/population,runs_ssl/simsiam_e50_seed0/backbone_e9.pth.tar,14.3
905afff7,e1762771,3_5_6,1_2_4,"[0.0, 0.0, 0.0, 0.08700000494718552, 0.0, 0.026000000536441803, 0.9790000319480896, 0.0, 0.0, 0.0]","[0.0, 0.5320000052452087, 0.11600000411272049, 0.0, 0.9160000681877136, 0.0, 0.0, 0.0, 0.0, 0.0]",0.36399999260902405,0.5213333964347839,0.275,0.42200000000000004,0.4036666666666667,0.44033333333333335,"[null, 0.379, 0.631, 0.277, 0.311, 0.007, 0.927, null, null, null]",average@0.80@label,average,0.8,label,0.003837889247897674,0.07650406892286868,0.13362998202983947,0.2231537169585163,0.5258966154082417,0.036977727432636,0.6752590715118452,0.7350361820469634,0.8496740072952522,0.7240453978875854,21,globa_v2,runs_exp2d/seed0/population,runs_ssl/simsiam_e50_seed0/backbone_e9.pth.tar,14.3
905afff7,e1762771,3_5_6,1_2_4,"[0.0, 0.0, 0.0, 0.08700000494718552, 0.0, 0.026000000536441803, 0.9790000319480896, 0.0, 0.0, 0.0]","[0.0, 0.5320000052452087, 0.11600000411272049, 0.0, 0.9160000681877136, 0.0, 0.0, 0.0, 0.0, 0.0]",0.36399999260902405,0.5213333964347839,0.3085,0.43333333333333335,0.37833333333333335,0.48833333333333334,"[null, 0.505, 0.924, 0.194, 0.036, 0.001, 0.94, null, null, null]",single-full@0.80@average,single-full,0.8,average,0.003837889247897674,0.07650406892286868,0.13362998202983947,0.2231537169585163,0.5258966154082417,0.036977727432636,0.7392110405044451,0.9888632037524103,1.3012755605017632,0.7240453978875854,21,globa_v2,runs_exp2d/seed0/population,runs_ssl/simsiam_e50_seed0/backbone_e9.pth.tar,14.3
905afff7,e1762771,3_5_6,1_2_4,"[0.0, 0.0, 0.0, 0.08700000494718552, 0.0, 0.026000000536441803, 0.9790000319480896, 0.0, 0.0, 0.0]","[0.0, 0.5320000052452087, 0.11600000411272049, 0.0, 0.9160000681877136, 0.0, 0.0, 0.0, 0.0, 0.0]",0.36399999260902405,0.5213333964347839,0.2971666666666667,0.45066666666666666,0.39466666666666667,0.5066666666666667,"[null, 0.464, 0.226, 0.225, 0.83, 0.009, 0.95, null, null, null]",single-full@0.80@label,single-full,0.8,label,0.003837889247897674,0.07650406892286868,0.13362998202983947,0.2231537169585163,0.5258966154082417,0.036977727432636,0.7392110405044451,0.9888632037524103,1.3012755605017632,0.7240453978875854,21,globa_v2,runs_exp2d/seed0/population,runs_ssl/simsiam_e50_seed0/backbone_e9.pth.tar,14.4
be2e50e9,cb3a86af,3_6_7,1_6_7,"[0.0, 0.0, 0.0, 0.26100000739097595, 0.0, 0.0, 0.9020000696182251, 0.34200000762939453, 0.0, 0.0]","[0.0, 0.5400000214576721, 0.0, 0.0, 0.0, 0.0, 0.9630000591278076, 0.28700000047683716, 0.0, 0.0]",0.5016667246818542,0.5966666340827942,0.3655,0.48633333333333334,0.48633333333333334,0.48633333333333334,"[null, 0.0, null, 0.0, null, null, 0.916, 0.543, null, null]",average@0.80@average,average,0.8,average,0.036871273447281215,0.004998040861542572,0.20768960361227612,0.24278654490550688,0.4655636950806319,0.04209084209276144,0.6923395742210451,0.7237287350541765,0.7510561079871434,0.7170613589482843,21,globa_v2,runs_exp2d/seed0/population,runs_ssl/simsiam_e50_seed0/backbone_e9.pth.tar,13.7
be2e50e9,cb3a86af,3_6_7,1_6_7,"[0.0, 0.0, 0.0, 0.26100000739097595, 0.0, 0.0, 0.9020000696182251, 0.34200000762939453, 0.0, 0.0]","[0.0, 0.5400000214576721, 0.0, 0.0, 0.0, 0.0, 0.9630000591278076, 0.28700000047683716, 0.0, 0.0]",0.5016667246818542,0.5966666340827942,0.38475,0.5781666666666667,0.6186666666666667,0.5376666666666666,"[null, 0.167, null, 0.41, null, null, 0.916, 0.53, null, null]",average@0.80@label,average,0.8,label,0.036871273447281215,0.004998040861542572,0.20768960361227612,0.24278654490550688,0.4655636950806319,0.04209084209276144,0.6923395742210451,0.7237287350541765,0.7510561079871434,0.7170613589482843,21,globa_v2,runs_exp2d/seed0/population,runs_ssl/simsiam_e50_seed0/backbone_e9.pth.tar,13.7
be2e50e9,cb3a86af,3_6_7,1_6_7,"[0.0, 0.0, 0.0, 0.26100000739097595, 0.0, 0.0, 0.9020000696182251, 0.34200000762939453, 0.0, 0.0]","[0.0, 0.5400000214576721, 0.0, 0.0, 0.0, 0.0, 0.9630000591278076, 0.28700000047683716, 0.0, 0.0]",0.5016667246818542,0.5966666340827942,0.35775,0.474,0.474,0.474,"[null, 0.0, null, 0.0, null, null, 0.923, 0.499, null, null]",single-full@0.80@average,single-full,0.8,average,0.036871273447281215,0.004998040861542572,0.20768960361227612,0.24278654490550688,0.4655636950806319,0.04209084209276144,0.7252924799925258,1.0355845579081224,1.2319422397960704,0.7170613589482843,21,globa_v2,runs_exp2d/seed0/population,runs_ssl/simsiam_e50_seed0/backbone_e9.pth.tar,13.8
be2e50e9,cb3a86af,3_6_7,1_6_7,"[0.0, 0.0, 0.0, 0.26100000739097595, 0.0, 0.0, 0.9020000696182251, 0.34200000762939453, 0.0, 0.0]","[0.0, 0.5400000214576721, 0.0, 0.0, 0.0, 0.0, 0.9630000591278076, 0.28700000047683716, 0.0, 0.0]",0.5016667246818542,0.5966666340827942,0.3945,0.5666666666666667,0.5963333333333334,0.537,"[null, 0.2, null, 0.378, null, null, 0.923, 0.488, null, null]",single-full@0.80@label,single-full,0.8,label,0.036871273447281215,0.004998040861542572,0.20768960361227612,0.24278654490550688,0.4655636950806319,0.04209084209276144,0.7252924799925258,1.0355845579081224,1.2319422397960704,0.7170613589482843,21,globa_v2,runs_exp2d/seed0/population,runs_ssl/simsiam_e50_seed0/backbone_e9.pth.tar,13.8
be2e50e9,d8bd0bc0,3_6_7,4_5_7,"[0.0, 0.0, 0.0, 0.26100000739097595, 0.0, 0.0, 0.9020000696182251, 0.34200000762939453, 0.0, 0.0]","[0.0, 0.0, 0.0, 0.0, 0.6810000538825989, 0.64000004529953, 0.0, 0.12700000405311584, 0.0, 0.0]",0.5016667246818542,0.4826667010784149,0.1998,0.3335,0.3333333333333333,0.33366666666666667,"[null, null, null, 0.0, 0.001, 0.0, 0.0, 1.0, null, null]",average@0.80@average,average,0.8,average,0.018550834357855175,0.06494467763435047,0.11260308493229826,0.31869232459802377,0.42907769087068587,0.05613138760678643,0.6755042939732536,0.6960842430600394,0.7552447978443285,0.7179043502030824,21,globa_v2,runs_exp2d/seed0/population,runs_ssl/simsiam_e50_seed0/backbone_e9.pth.tar,14.0
be2e50e9,d8bd0bc0,3_6_7,4_5_7,"[0.0, 0.0, 0.0, 0.26100000739097595, 0.0, 0.0, 0.9020000696182251, 0.34200000762939453, 0.0, 0.0]","[0.0, 0.0, 0.0, 0.0, 0.6810000538825989, 0.64000004529953, 0.0, 0.12700000405311584, 0.0, 0.0]",0.5016667246818542,0.4826667010784149,0.3216,0.42766666666666664,0.41733333333333333,0.438,"[null, null, null, 0.231, 0.431, 0.743, 0.881, 0.14, null, null]",average@0.80@label,average,0.8,label,0.018550834357855175,0.06494467763435047,0.11260308493229826,0.31869232459802377,0.42907769087068587,0.05613138760678643,0.6755042939732536,0.6960842430600394,0.7552447978443285,0.7179043502030824,21,globa_v2,runs_exp2d/seed0/population,runs_ssl/simsiam_e50_seed0/backbone_e9.pth.tar,14.0
be2e50e9,d8bd0bc0,3_6_7,4_5_7,"[0.0, 0.0, 0.0, 0.26100000739097595, 0.0, 0.0, 0.9020000696182251, 0.34200000762939453, 0.0, 0.0]","[0.0, 0.0, 0.0, 0.0, 0.6810000538825989, 0.64000004529953, 0.0, 0.12700000405311584, 0.0, 0.0]",0.5016667246818542,0.4826667010784149,0.2,0.3586666666666667,0.3446666666666667,0.37266666666666665,"[null, null, null, 0.0, 0.119, 0.001, 0.036, 0.998, null, null]",single-full@0.80@average,single-full,0.8,average,0.018550834357855175,0.06494467763435047,0.11260308493229826,0.31869232459802377,0.42907769087068587,0.05613138760678643,0.7524208750390148,1.0108332605798898,1.075728521582762,0.7179043502030824,21,globa_v2,runs_exp2d/seed0/population,runs_ssl/simsiam_e50_seed0/backbone_e9.pth.tar,14.0
be2e50e9,d8bd0bc0,3_6_7,4_5_7,"[0.0, 0.0, 0.0, 0.26100000739097595, 0.0, 0.0, 0.9020000696182251, 0.34200000762939453, 0.0, 0.0]","[0.0, 0.0, 0.0, 0.0, 0.6810000538825989, 0.64000004529953, 0.0, 0.12700000405311584, 0.0, 0.0]",0.5016667246818542,0.4826667010784149,0.315,0.4345,0.4196666666666667,0.4493333333333333,"[null, null, null, 0.232, 0.534, 0.672, 0.885, 0.142, null, null]",single-full@0.80@label,single-full,0.8,label,0.018550834357855175,0.06494467763435047,0.11260308493229826,0.31869232459802377,0.42907769087068587,0.05613138760678643,0.7524208750390148,1.0108332605798898,1.075728521582762,0.7179043502030824,21,globa_v2,runs_exp2d/seed0/population,runs_ssl/simsiam_e50_seed0/backbone_e9.pth.tar,14.1
be2e50e9,e1762771,3_6_7,1_2_4,"[0.0, 0.0, 0.0, 0.26100000739097595, 0.0, 0.0, 0.9020000696182251, 0.34200000762939453, 0.0, 0.0]","[0.0, 0.5320000052452087, 0.11600000411272049, 0.0, 0.9160000681877136, 0.0, 0.0, 0.0, 0.0, 0.0]",0.5016667246818542,0.5213333964347839,0.201,0.4186666666666667,0.44133333333333336,0.396,"[null, 0.162, 0.064, 0.24, 0.962, null, 0.898, 0.186, null, null]",average@0.80@average,average,0.8,average,0.011427833332419965,0.02493449389435122,0.10994292649606437,0.2228964374306631,0.5911862892654155,0.03961201958108604,0.7149651982104037,0.753884543035738,0.8396245284024769,0.7181926505852738,21,globa_v2,runs_exp2d/seed0/population,runs_ssl/simsiam_e50_seed0/backbone_e9.pth.tar,14.3
be2e50e9,e1762771,3_6_7,1_2_4,"[0.0, 0.0, 0.0, 0.26100000739097595, 0.0, 0.0, 0.9020000696182251, 0.34200000762939453, 0.0, 0.0]","[0.0, 0.5320000052452087, 0.11600000411272049, 0.0, 0.9160000681877136, 0.0, 0.0, 0.0, 0.0, 0.0]",0.5016667246818542,0.5213333964347839,0.278,0.4863333333333334,0.5086666666666667,0.464,"[null, 0.357, 0.175, 0.328, 0.86, null, 0.853, 0.345, null, null]",average@0.80@label,average,0.8,label,0.011427833332419965,0.02493449389435122,0.10994292649606437,0.2228964374306631,0.5911862892654155,0.03961201958108604,0.7149651982104037,0.753884543035738,0.8396245284024769,0.7181926505852738,21,globa_v2,runs_exp2d/seed0/population,runs_ssl/simsiam_e50_seed0/backbone_e9.pth.tar,14.2
be2e50e9,e1762771,3_6_7,1_2_4,"[0.0, 0.0, 0.0, 0.26100000739097595, 0.0, 0.0, 0.9020000696182251, 0.34200000762939453, 0.0, 0.0]","[0.0, 0.5320000052452087, 0.11600000411272049, 0.0, 0.9160000681877136, 0.0, 0.0, 0.0, 0.0, 0.0]",0.5016667246818542,0.5213333964347839,0.22516666666666665,0.427,0.44166666666666665,0.41233333333333333,"[null, 0.221, 0.051, 0.276, 0.965, null, 0.903, 0.146, null, null]",single-full@0.80@average,single-full,0.8,average,0.011427833332419965,0.02493449389435122,0.10994292649606437,0.2228964374306631,0.5911862892654155,0.03961201958108604,0.7754018401440681,1.0515030645373333,1.1709732253542728,0.7181926505852738,21,globa_v2,runs_exp2d/seed0/population,runs_ssl/simsiam_e50_seed0/backbone_e9.pth.tar,14.3
be2e50e9,e1762771,3_6_7,1_2_4,"[0.0, 0.0, 0.0, 0.26100000739097595, 0.0, 0.0, 0.9020000696182251, 0.34200000762939453, 0.0, 0.0]","[0.0, 0.5320000052452087, 0.11600000411272049, 0.0, 0.9160000681877136, 0.0, 0.0, 0.0, 0.0, 0.0]",0.5016667246818542,0.5213333964347839,0.2856666666666667,0.49516666666666664,0.5,0.49033333333333334,"[null, 0.405, 0.173, 0.34, 0.893, null, 0.865, 0.295, null, null]",single-full@0.80@label,single-full,0.8,label,0.011427833332419965,0.02493449389435122,0.10994292649606437,0.2228964374306631,0.5911862892654155,0.03961201958108604,0.7754018401440681,1.0515030645373333,1.1709732253542728,0.7181926505852738,21,globa_v2,runs_exp2d/seed0/population,runs_ssl/simsiam_e50_seed0/backbone_e9.pth.tar,14.3
cb3a86af,d8bd0bc0,1_6_7,4_5_7,"[0.0, 0.5400000214576721, 0.0, 0.0, 0.0, 0.0, 0.9630000591278076, 0.28700000047683716, 0.0, 0.0]","[0.0, 0.0, 0.0, 0.0, 0.6810000538825989, 0.64000004529953, 0.0, 0.12700000405311584, 0.0, 0.0]",0.5966666340827942,0.4826667010784149,0.2006,0.3335,0.3333333333333333,0.33366666666666667,"[null, 0.0, null, null, 0.001, 0.0, 0.0, 1.0, null, null]",average@0.80@average,average,0.8,average,0.07735052436767474,0.025169684283434482,0.16055186698418253,0.26600519354169455,0.4146655311144172,0.05625719970859633,0.6761149548867211,0.714682777821377,0.8901077331782588,0.713538289953299,21,globa_v2,runs_exp2d/seed0/population,runs_ssl/simsiam_e50_seed0/backbone_e9.pth.tar,14.0
cb3a86af,d8bd0bc0,1_6_7,4_5_7,"[0.0, 0.5400000214576721, 0.0, 0.0, 0.0, 0.0, 0.9630000591278076, 0.28700000047683716, 0.0, 0.0]","[0.0, 0.0, 0.0, 0.0, 0.6810000538825989, 0.64000004529953, 0.0, 0.12700000405311584, 0.0, 0.0]",0.5966666340827942,0.4826667010784149,0.2786,0.37883333333333336,0.3353333333333333,0.42233333333333334,"[null, 0.115, null, null, 0.395, 0.853, 0.872, 0.019, null, null]",average@0.80@label,average,0.8,label,0.07735052436767474,0.025169684283434482,0.16055186698418253,0.26600519354169455,0.4146655311144172,0.05625719970859633,0.6761149548867211,0.714682777821377,0.8901077331782588,0.713538289953299,21,globa_v2,runs_exp2d/seed0/population,runs_ssl/simsiam_e50_seed0/backbone_e9.pth.tar,14.0
cb3a86af,d8bd0bc0,1_6_7,4_5_7,"[0.0, 0.5400000214576721, 0.0, 0.0, 0.0, 0.0, 0.9630000591278076, 0.28700000047683716, 0.0, 0.0]","[0.0, 0.0, 0.0, 0.0, 0.6810000538825989, 0.64000004529953, 0.0, 0.12700000405311584, 0.0, 0.0]",0.5966666340827942,0.4826667010784149,0.2008,0.33999999999999997,0.333,0.347,"[null, 0.0, null, null, 0.042, 0.0, 0.0, 0.999, null, null]",single-full@0.80@average,single-full,0.8,average,0.07735052436767474,0.025169684283434482,0.16055186698418253,0.26600519354169455,0.4146655311144172,0.05625719970859633,0.8901077331782588,1.0210005194243834,1.1933883116963084,0.713538289953299,21,globa_v2,runs_exp2d/seed0/population,runs_ssl/simsiam_e50_seed0/backbone_e9.pth.tar,13.9
cb3a86af,d8bd0bc0,1_6_7,4_5_7,"[0.0, 0.5400000214576721, 0.0, 0.0, 0.0, 0.0, 0.9630000591278076, 0.28700000047683716, 0.0, 0.0]","[0.0, 0.0, 0.0, 0.0, 0.6810000538825989, 0.64000004529953, 0.0, 0.12700000405311584, 0.0, 0.0]",0.5966666340827942,0.4826667010784149,0.2824,0.3923333333333333,0.35,0.43466666666666665,"[null, 0.135, null, null, 0.415, 0.876, 0.902, 0.013, null, null]",single-full@0.80@label,single-full,0.8,label,0.07735052436767474,0.025169684283434482,0.16055186698418253,0.26600519354169455,0.4146655311144172,0.05625719970859633,0.8901077331782588,1.0210005194243834,1.1933883116963084,0.713538289953299,21,globa_v2,runs_exp2d/seed0/population,runs_ssl/simsiam_e50_seed0/backbone_e9.pth.tar,14.1
cb3a86af,e1762771,1_6_7,1_2_4,"[0.0, 0.5400000214576721, 0.0, 0.0, 0.0, 0.0, 0.9630000591278076, 0.28700000047683716, 0.0, 0.0]","[0.0, 0.5320000052452087, 0.11600000411272049, 0.0, 0.9160000681877136, 0.0, 0.0, 0.0, 0.0, 0.0]",0.5966666340827942,0.5213333964347839,0.2024,0.5493333333333333,0.5816666666666667,0.517,"[null, 0.98, 0.039, null, 0.532, null, 0.765, 0.0, null, null]",average@0.80@average,average,0.8,average,0.0011616514513353132,0.08961160892636218,0.14886942597651043,0.3157089802056923,0.40916308523835904,0.0354852482017408,0.6558252043877768,0.7361414316715147,0.8228792828538654,0.7210430528362127,21,globa_v2,runs_exp2d/seed0/population,runs_ssl/simsiam_e50_seed0/backbone_e9.pth.tar,14.1
cb3a86af,e1762771,1_6_7,1_2_4,"[0.0, 0.5400000214576721, 0.0, 0.0, 0.0, 0.0, 0.9630000591278076, 0.28700000047683716, 0.0, 0.0]","[0.0, 0.5320000052452087, 0.11600000411272049, 0.0, 0.9160000681877136, 0.0, 0.0, 0.0, 0.0, 0.0]",0.5966666340827942,0.5213333964347839,0.2828,0.48183333333333334,0.5396666666666666,0.424,"[null, 0.319, 0.697, null, 0.256, null, 0.937, 0.363, null, null]",average@0.80@label,average,0.8,label,0.0011616514513353132,0.08961160892636218,0.14886942597651043,0.3157089802056923,0.40916308523835904,0.0354852482017408,0.6558252043877768,0.7361414316715147,0.8228792828538654,0.7210430528362127,21,globa_v2,runs_exp2d/seed0/population,runs_ssl/simsiam_e50_seed0/backbone_e9.pth.tar,14.1
cb3a86af,e1762771,1_6_7,1_2_4,"[0.0, 0.5400000214576721, 0.0, 0.0, 0.0, 0.0, 0.9630000591278076, 0.28700000047683716, 0.0, 0.0]","[0.0, 0.5320000052452087, 0.11600000411272049, 0.0, 0.9160000681877136, 0.0, 0.0, 0.0, 0.0, 0.0]",0.5966666340827942,0.5213333964347839,0.2906,0.5701666666666667,0.603,0.5373333333333333,"[null, 0.971, 0.051, null, 0.59, null, 0.838, 0.0, null, null]",single-full@0.80@average,single-full,0.8,average,0.0011616514513353132,0.08961160892636218,0.14886942597651043,0.3157089802056923,0.40916308523835904,0.0354852482017408,0.6558252043877768,1.0350660350582825,1.2657282311844291,0.7210430528362127,21,globa_v2,runs_exp2d/seed0/population,runs_ssl/simsiam_e50_seed0/backbone_e9.pth.tar,14.1
cb3a86af,e1762771,1_6_7,1_2_4,"[0.0, 0.5400000214576721, 0.0, 0.0, 0.0, 0.0, 0.9630000591278076, 0.28700000047683716, 0.0, 0.0]","[0.0, 0.5320000052452087, 0.11600000411272049, 0.0, 0.9160000681877136, 0.0, 0.0, 0.0, 0.0, 0.0]",0.5966666340827942,0.5213333964347839,0.2742,0.506,0.541,0.471,"[null, 0.411, 0.597, null, 0.405, null, 0.961, 0.251, null, null]",single-full@0.80@label,single-full,0.8,label,0.0011616514513353132,0.08961160892636218,0.14886942597651043,0.3157089802056923,0.40916308523835904,0.0354852482017408,0.6558252043877768,1.0350660350582825,1.2657282311844291,0.7210430528362127,21,globa_v2,runs_exp2d/seed0/population,runs_ssl/simsiam_e50_seed0/backbone_e9.pth.tar,14.1
d8bd0bc0,e1762771,4_5_7,1_2_4,"[0.0, 0.0, 0.0, 0.0, 0.6810000538825989, 0.64000004529953, 0.0, 0.12700000405311584, 0.0, 0.0]","[0.0, 0.5320000052452087, 0.11600000411272049, 0.0, 0.9160000681877136, 0.0, 0.0, 0.0, 0.0, 0.0]",0.4826667010784149,0.5213333964347839,0.2024,0.3333333333333333,0.3333333333333333,0.3333333333333333,"[null, 0.0, 0.0, null, 1.0, 0.0, null, 0.0, null, null]",average@0.80@average,average,0.8,average,0.0030191727576806956,0.012163947192632295,0.10096722689649043,0.3197684077942202,0.5344223211415217,0.029658924217454658,0.6807979898062211,0.7150645610726132,0.8250906375447901,0.7229035908006034,21,globa_v2,runs_exp2d/seed0/population,runs_ssl/simsiam_e50_seed0/backbone_e9.pth.tar,14.0
d8bd0bc0,e1762771,4_5_7,1_2_4,"[0.0, 0.0, 0.0, 0.0, 0.6810000538825989, 0.64000004529953, 0.0, 0.12700000405311584, 0.0, 0.0]","[0.0, 0.5320000052452087, 0.11600000411272049, 0.0, 0.9160000681877136, 0.0, 0.0, 0.0, 0.0, 0.0]",0.4826667010784149,0.5213333964347839,0.293,0.5396666666666667,0.634,0.44533333333333336,"[null, 0.275, 0.146, null, 0.915, 0.864, null, 0.123, null, null]",average@0.80@label,average,0.8,label,0.0030191727576806956,0.012163947192632295,0.10096722689649043,0.3197684077942202,0.5344223211415217,0.029658924217454658,0.6807979898062211,0.7150645610726132,0.8250906375447901,0.7229035908006034,21,globa_v2,runs_exp2d/seed0/population,runs_ssl/simsiam_e50_seed0/backbone_e9.pth.tar,14.0
d8bd0bc0,e1762771,4_5_7,1_2_4,"[0.0, 0.0, 0.0, 0.0, 0.6810000538825989, 0.64000004529953, 0.0, 0.12700000405311584, 0.0, 0.0]","[0.0, 0.5320000052452087, 0.11600000411272049, 0.0, 0.9160000681877136, 0.0, 0.0, 0.0, 0.0, 0.0]",0.4826667010784149,0.5213333964347839,0.203,0.3333333333333333,0.3333333333333333,0.3333333333333333,"[null, 0.0, 0.0, null, 1.0, 0.0, null, 0.0, null, null]",single-full@0.80@average,single-full,0.8,average,0.0030191727576806956,0.012163947192632295,0.10096722689649043,0.3197684077942202,0.5344223211415217,0.029658924217454658,0.7344855333351971,0.962405272880671,1.1700629626362298,0.7229035908006034,21,globa_v2,runs_exp2d/seed0/population,runs_ssl/simsiam_e50_seed0/backbone_e9.pth.tar,14.0
d8bd0bc0,e1762771,4_5_7,1_2_4,"[0.0, 0.0, 0.0, 0.0, 0.6810000538825989, 0.64000004529953, 0.0, 0.12700000405311584, 0.0, 0.0]","[0.0, 0.5320000052452087, 0.11600000411272049, 0.0, 0.9160000681877136, 0.0, 0.0, 0.0, 0.0, 0.0]",0.4826667010784149,0.5213333964347839,0.2984,0.5358333333333334,0.61,0.46166666666666667,"[null, 0.325, 0.139, null, 0.921, 0.809, null, 0.1, null, null]",single-full@0.80@label,single-full,0.8,label,0.0030191727576806956,0.012163947192632295,0.10096722689649043,0.3197684077942202,0.5344223211415217,0.029658924217454658,0.7344855333351971,0.962405272880671,1.1700629626362298,0.7229035908006034,21,globa_v2,runs_exp2d/seed0/population,runs_ssl/simsiam_e50_seed0/backbone_e9.pth.tar,14.0
