parent_a,parent_b,layer,norm_ratio,w,A,B,C,E,D_plus,D_minus
09111d7d,1887bcd2,conv1.weight,0.8062347598383578,0.002227248118298944,0.17378135596260477,0.06464958947241284,0.0,0.0,0.7499955294745746,0.01157352509040779
09111d7d,1887bcd2,layer1.0.conv1.weight,0.7730854422504968,0.009252884434946944,0.03332261884961567,0.07359925109650861,0.057363002079626614,0.27332364041549057,0.482851578787454,0.07953990877130457
09111d7d,1887bcd2,layer1.0.conv2.weight,0.7360793355060842,0.00710433740832542,0.025579666779302207,0.04526834834489707,0.10899247658865527,0.1440220924553062,0.5155176388205437,0.16061977701129562
09111d7d,1887bcd2,layer1.1.conv1.weight,0.7039157434673491,0.005351842428099928,0.0021908647094676346,0.041194106013207867,0.18384921892600808,0.41184093245197223,0.31540638975308644,0.04551848814625766
09111d7d,1887bcd2,layer1.1.conv2.weight,0.6828394903851013,0.005604213981131245,0.01481052398804704,0.05209073867588988,0.12162860122117858,0.26672070813871307,0.4710030592892258,0.0737463686869456
09111d7d,1887bcd2,layer1.2.conv1.weight,0.6670844123090641,0.004799288348059398,0.015318351624919374,0.15136807440491262,0.09012180148122972,0.21955570788364262,0.4867606346256709,0.036875429979624584
09111d7d,1887bcd2,layer1.2.conv2.weight,0.6179449605208893,0.0037255219385900016,0.0266723607330332,0.09214028288422572,0.15124131521132558,0.30593296430791217,0.36552183397968124,0.05849124288382213
09111d7d,1887bcd2,layer2.0.conv1.weight,0.6430616720804061,0.0040458349601691194,0.0,0.04113550523068681,0.06408220804256802,0.5745180622740016,0.2663383423096243,0.05392588214311928
09111d7d,1887bcd2,layer2.0.conv2.weight,0.6646677934069904,0.008122433324050148,0.0,0.015542706571379964,0.03445536949844977,0.3921530090767077,0.4937643128804485,0.0640846019730142
09111d7d,1887bcd2,layer2.0.shortcut.0.weight,0.6702903604868828,0.003971543343824345,0.0,0.018062354843816224,0.045482767013096906,0.33046416559398795,0.4910072838396455,0.1149834287094536
09111d7d,1887bcd2,layer2.1.conv1.weight,0.671286591678219,0.007179899324253932,0.00666693647252312,0.029743300911369657,0.06453770537181208,0.41577043584514567,0.3494925076902031,0.1337891137089463
09111d7d,1887bcd2,layer2.1.conv2.weight,0.6744464875721821,0.008072535150249346,0.0018216879306759324,0.037689416378697584,0.025563836254409323,0.5163413689007867,0.3053215690468525,0.11326212148857807
09111d7d,1887bcd2,layer2.2.conv1.weight,0.6665356907136747,0.006724805149805302,0.0022138480138224432,0.027607035332708484,0.013517973249801082,0.37514159855674134,0.5074008595740175,0.07411868527290934
09111d7d,1887bcd2,layer2.2.conv2.weight,0.6745901641343346,0.008726982255015295,0.0,0.010798820437897648,0.10112463320742336,0.5465029494691903,0.27783421549737497,0.06373938138811383
09111d7d,1887bcd2,layer3.0.conv1.weight,0.7212709694804139,0.0134205260028605,0.010136460394755187,0.06289871388730464,0.02921307937480703,0.2575152516147424,0.6035760469056246,0.03666044782276604
09111d7d,1887bcd2,layer3.0.conv2.weight,0.697124936261347,0.04297967400147541,0.0,0.056903233932578366,0.06001663547157161,0.26812168381192214,0.5726600764550154,0.042298370328912545
09111d7d,1887bcd2,layer3.0.shortcut.0.weight,0.7085245798103914,0.027194649194729047,0.0205958502276296,0.04372628532376591,0.09539491387346682,0.5122639927403885,0.32276747932482447,0.005251478509924623
09111d7d,1887bcd2,layer3.1.conv1.weight,0.7115784972893711,0.032054708622712265,0.03025093349373702,0.05271956838081797,0.23743272392792616,0.21835716452193893,0.43339627395431857,0.02784333572126113
09111d7d,1887bcd2,layer3.1.conv2.weight,0.6943645737609847,0.060038266058113764,0.07041539548759684,0.14270667690160632,0.3438728560886823,0.0,0.39575446789731045,0.0472506036248041
09111d7d,1887bcd2,layer3.2.conv1.weight,0.7297979106949406,0.04080340555821298,0.02633836041033797,0.05203652809115123,0.1751876673454572,0.337561587908974,0.40887585624407957,0.0
09111d7d,1887bcd2,layer3.2.conv2.weight,0.7185717020071012,0.07342569886989934,0.0,0.04197914967656,0.12467003337073086,0.34004282470974473,0.4507014973744929,0.042606494868471546
09111d7d,366f9057,conv1.weight,0.7307853727590087,0.0018410738872480946,0.0,0.0,0.0,0.0,0.9501669513097013,0.049833048690298656
09111d7d,366f9057,layer1.0.conv1.weight,0.6815653708545039,0.005785361420014787,0.02050595651491679,0.051284958851715856,0.13959575922150497,0.2830227352707364,0.36605861324496186,0.139531976896164
09111d7d,366f9057,layer1.0.conv2.weight,0.6643770662198436,0.0054274097410018565,0.005103525612714168,0.03097276826569991,0.15849310951073436,0.3119934793614473,0.39578157060392366,0.09765554664548073
09111d7d,366f9057,layer1.1.conv1.weight,0.6161824323560474,0.00427177670836403,0.004467787548618814,0.027584738609274056,0.18359711173791166,0.23755089404439614,0.40058075561112655,0.14621871244867263
09111d7d,366f9057,layer1.1.conv2.weight,0.6070718183127625,0.004757134283584843,0.0,0.06574655253699527,0.23922581653225197,0.4933218093358417,0.17434543208432024,0.027360389510590933
09111d7d,366f9057,layer1.2.conv1.weight,0.5549956523048194,0.004806700838077131,0.08966929819760694,0.1422987702531116,0.5378287180307344,0.10582068063764016,0.0,0.12438253288090692
09111d7d,366f9057,layer1.2.conv2.weight,0.5687021172685243,0.003820937588603493,0.01256871056614603,0.0813710985773708,0.22813291122251525,0.4235262386657765,0.23745402802051652,0.016947012947675043
09111d7d,366f9057,layer2.0.conv1.weight,0.638320401026835,0.00425056136171306,0.012353107830963656,0.03428154923954664,0.14154590284721053,0.4402189714847615,0.22402554849082498,0.1475749201066927
09111d7d,366f9057,layer2.0.conv2.weight,0.6474741265136478,0.008975196482005976,0.008043145810631713,0.034290835375205345,0.15832704662282432,0.4508479015214375,0.16625451205244965,0.1822365586174515
09111d7d,366f9057,layer2.0.shortcut.0.weight,0.6715109428049078,0.004220933745248421,0.0,0.018782104640305736,0.1516857827632112,0.450466856069615,0.33042614400288206,0.048639112523985985
09111d7d,366f9057,layer2.1.conv1.weight,0.6904860609293729,0.007852346919168912,0.0,0.010908230926456139,0.05060035967264871,0.46438090117904063,0.4092241717242429,0.06488633649761175
09111d7d,366f9057,layer2.1.conv2.weight,0.6847749283117753,0.008140179662259033,0.005799718804557817,0.014011016818088638,0.025616739684699994,0.32595693910178225,0.5735676068172287,0.055047978773642654
09111d7d,366f9057,layer2.2.conv1.weight,0.6951390655058698,0.006206561768575364,0.0025277993742398243,0.014537928580069954,0.06009899831656777,0.2952337829620674,0.5288972038902926,0.09870428687676254
09111d7d,366f9057,layer2.2.conv2.weight,0.6962187961956617,0.008863128661007462,0.0,0.038182027201600355,0.18552602944653285,0.3863456330379711,0.3001402383097272,0.08980607200416865
09111d7d,366f9057,layer3.0.conv1.weight,0.7177373178118989,0.014015267974548731,0.014520660420848482,0.024406152781506683,0.04876519196831594,0.39031792825367984,0.46117893313543135,0.060811133440217546
09111d7d,366f9057,layer3.0.conv2.weight,0.7076043302603895,0.044316343889659215,0.010702618158010577,0.03322297512086498,0.1331836983121273,0.5152426089611569,0.301890032133103,0.005758067314737139
09111d7d,366f9057,layer3.0.shortcut.0.weight,0.7055621825830223,0.02578958083437257,0.0,0.05069320807560492,0.12906837919471334,0.35274218901035975,0.44277215184871804,0.02472407187060385
09111d7d,366f9057,layer3.1.conv1.weight,0.6766524741390438,0.03434351768661699,0.01421277968145558,0.09171993202018343,0.06738157150303657,0.25564312201720363,0.5363299567451888,0.03471263803293206
09111d7d,366f9057,layer3.1.conv2.weight,0.6841754971788263,0.0648297984111399,0.0676442612102382,0.0,0.22055608570799412,0.30149040610348554,0.37565718969318235,0.03465205728509977
09111d7d,366f9057,layer3.2.conv1.weight,0.7195878966516356,0.04583927315525472,0.07272371449680241,0.052545456082899546,0.02570363759183888,0.5160894662917238,0.29764768629716243,0.03529003923957308
09111d7d,366f9057,layer3.2.conv2.weight,0.7159069663149011,0.07771189059829192,0.0,0.0,0.0,0.19256790785475986,0.8035228838700591,0.003909208275180929
09111d7d,5ffed8da,conv1.weight,0.7475033363371172,0.0012770247579294747,0.0,0.0,0.0,0.0,0.9975353488064138,0.0024646511935863162
09111d7d,5ffed8da,layer1.0.conv1.weight,0.7157415179979092,0.003994462502104099,0.0,0.012399119936353642,0.03138707025598378,0.4881875613979364,0.44634067870293165,0.02168556970679446
09111d7d,5ffed8da,layer1.0.conv2.weight,0.6877312261669337,0.003827920707724057,0.0,0.03711579499980264,0.0,0.4962914434983204,0.3825572318324379,0.08403552966943897
09111d7d,5ffed8da,layer1.1.conv1.weight,0.687657220452311,0.0031624213397241437,0.0,0.02463055423925718,0.027008172964272693,0.5213056649348162,0.41342647359630985,0.013629134265343944
09111d7d,5ffed8da,layer1.1.conv2.weight,0.6955611471912833,0.0032736608981294834,0.0,0.02581779352085526,0.06691766566240495,0.42557190307289,0.44600036711122826,0.03569227063262163
09111d7d,5ffed8da,layer1.2.conv1.weight,0.7062749648193644,0.0030759714803515817,0.0,0.027210135734924496,0.22830840339108638,0.27777132156326384,0.4462054465534101,0.020504692757315163
09111d7d,5ffed8da,layer1.2.conv2.weight,0.658891577166877,0.0028281277991782624,0.0,0.04748744532118554,0.10402054170871147,0.4225082796514692,0.2507754429220666,0.17520829039656727
09111d7d,5ffed8da,layer2.0.conv1.weight,0.7068230586599716,0.003637696791727477,0.0,0.01966774702703161,0.040553427025175476,0.4328378399414146,0.46750118385285677,0.03943980215352145
09111d7d,5ffed8da,layer2.0.conv2.weight,0.6491260442745915,0.0079515066058416,0.0038700655963883226,0.03163895048137315,0.07758154601325572,0.4674997220401705,0.38106115679434543,0.038348559074467076
09111d7d,5ffed8da,layer2.0.shortcut.0.weight,0.6585041213940898,0.004019118243833367,0.005924453596796614,0.01215857893718819,0.06429906546449883,0.5955018866400487,0.25108453047409773,0.07103148488737007
09111d7d,5ffed8da,layer2.1.conv1.weight,0.6410899573857435,0.008028820539403037,0.0,0.033952155342716166,0.08652526706591261,0.34515364513209473,0.4497321449221254,0.08463678753715113
09111d7d,5ffed8da,layer2.1.conv2.weight,0.6362963038405469,0.009646789516650493,0.0,0.015357617802077271,0.15709720665371332,0.3353983476107517,0.4235095950642694,0.06863723286918814
09111d7d,5ffed8da,layer2.2.conv1.weight,0.6587910461349027,0.00737925607955684,0.0,0.022239290941574917,0.12790412942021212,0.2960505756936943,0.4684995931998084,0.08530641074471039
09111d7d,5ffed8da,layer2.2.conv2.weight,0.6485728483789032,0.011609762797255833,0.014244784794419712,0.0,0.16613584334503442,0.181074829355646,0.5618650581548797,0.07667948435002021
09111d7d,5ffed8da,layer3.0.conv1.weight,0.6833923085832927,0.01866656474396856,0.011686183259199403,0.009987603433794515,0.1333383317809667,0.3407479398667155,0.4777473212081562,0.02649262045116766
09111d7d,5ffed8da,layer3.0.conv2.weight,0.6780711950191102,0.05646464912468534,0.0,0.033605260494514066,0.05316319237978939,0.2629802384202234,0.5354706514191554,0.11478065728631788
09111d7d,5ffed8da,layer3.0.shortcut.0.weight,0.6764309415882902,0.03373565038309914,0.011673236083340126,0.0,0.059461965449956605,0.11544938831082316,0.6835527633035128,0.12986264685236734
09111d7d,5ffed8da,layer3.1.conv1.weight,0.7130383509496943,0.04770611069193691,0.0,0.0059586599083308045,0.2334751605641739,0.35565337145993353,0.3959152533281949,0.008997554739366838
09111d7d,5ffed8da,layer3.1.conv2.weight,0.6868735922485032,0.09514161953037802,0.0,0.0,0.13690528150079243,0.0,0.7982271521753895,0.06486756632381803
09111d7d,5ffed8da,layer3.2.conv1.weight,0.6928850047221491,0.06674261873985007,0.0,0.0,0.04637155486572549,0.049026425461101766,0.8402951881548675,0.06430683151830528
09111d7d,5ffed8da,layer3.2.conv2.weight,0.6890603147675827,0.13205813665432437,0.16089233759318122,0.0,0.0,0.0,0.7499664839688809,0.08914117843793788
09111d7d,88ed44d1,conv1.weight,0.6404279788479492,0.0015807140961069123,0.33727830745976184,0.0,0.0,0.0,0.6507474219910389,0.011974270549199405
09111d7d,88ed44d1,layer1.0.conv1.weight,0.755775780184249,0.0058975595824434564,0.04599126039432258,0.011312706857157328,0.14353646535281983,0.4148384185045826,0.3823151984430136,0.002005950448104058
09111d7d,88ed44d1,layer1.0.conv2.weight,0.7188359398792932,0.004504247628910067,0.020128495217657104,0.02531381543794683,0.14528102409917978,0.17737729286817772,0.5833572780647174,0.04854209431232106
09111d7d,88ed44d1,layer1.1.conv1.weight,0.7148222256619288,0.003654017753285606,0.0,0.037052582548870935,0.18845566489591067,0.6613298697960819,0.1053856803254378,0.007776202433698693
09111d7d,88ed44d1,layer1.1.conv2.weight,0.7052738904162034,0.003512487515901051,0.0,0.022663032635266186,0.1049733954832221,0.28872390667911024,0.5007296274242277,0.08291003777817395
09111d7d,88ed44d1,layer1.2.conv1.weight,0.7015281925562036,0.003277331716949835,0.0,0.04994592268074187,0.12406904834836364,0.24126728828125682,0.4683741156123438,0.11634362507729396
09111d7d,88ed44d1,layer1.2.conv2.weight,0.7015931503983952,0.0026163800282754,0.0017883039112343482,0.03405137250254319,0.11312548296064456,0.3644151776558517,0.28957319497998774,0.19704646798973846
09111d7d,88ed44d1,layer2.0.conv1.weight,0.7164874315418598,0.0031589188834147365,0.0,0.016283056170150603,0.09561429928057533,0.44025817741971385,0.4119370308460306,0.03590743628352942
09111d7d,88ed44d1,layer2.0.conv2.weight,0.7159893962004439,0.006633980849248853,0.008802873775946603,0.02353214142613708,0.07580859825442096,0.3100754040709318,0.5055807241272835,0.0762002583452802
09111d7d,88ed44d1,layer2.0.shortcut.0.weight,0.7197498669415223,0.0032304016496859564,0.008015228569051507,0.024521696593354403,0.18675994007983973,0.40031629818482445,0.31060532800019375,0.0697815085727362
09111d7d,88ed44d1,layer2.1.conv1.weight,0.7200847067178744,0.005900141950001527,0.0092667257225625,0.028415426829994043,0.08578300248952876,0.23471118157109735,0.5437828411102463,0.098040822276571
09111d7d,88ed44d1,layer2.1.conv2.weight,0.7176244637900173,0.006589858051985616,0.012456287321094136,0.03341066042992395,0.18618240379038842,0.3352450816784357,0.3657724212238414,0.06693314555631662
09111d7d,88ed44d1,layer2.2.conv1.weight,0.7122036772176833,0.005235930745736152,0.0006630868905431164,0.013982133984302796,0.07045323951308881,0.3886524588633441,0.4635637484742781,0.06268533227444327
09111d7d,88ed44d1,layer2.2.conv2.weight,0.7298966283598985,0.007287211719539191,0.0039623408629535905,0.009437796576763543,0.0909297263844557,0.36695891230459426,0.48416962141718234,0.04454160245405057
09111d7d,88ed44d1,layer3.0.conv1.weight,0.7437860581834328,0.012240860358779998,0.010528908810917932,0.012952520713660294,0.0510752967914931,0.41648803564378406,0.4923438051649906,0.016611432875154052
09111d7d,88ed44d1,layer3.0.conv2.weight,0.73182905739904,0.036562824292899185,0.002621006092435068,0.01636013628294155,0.11199409615977143,0.2861760853521425,0.5450184271556658,0.037830248957043615
09111d7d,88ed44d1,layer3.0.shortcut.0.weight,0.7230639527061711,0.02101595860119556,0.0,0.013060035455014498,0.12057537154535482,0.3111539742764578,0.4762255459331596,0.07898507279001331
09111d7d,88ed44d1,layer3.1.conv1.weight,0.7396635450115638,0.029148024270300044,0.0,0.020590439595646513,0.06225483632835874,0.26525909423204613,0.6371161512098231,0.014779478634125522
09111d7d,88ed44d1,layer3.1.conv2.weight,0.7215481042361842,0.060891144339453966,0.0,0.03388911894525813,0.11654736667638524,0.10899045916850462,0.6990819821617842,0.04149107304806804
09111d7d,88ed44d1,layer3.2.conv1.weight,0.7248813296682344,0.04070477160373581,0.0,0.08118639817770423,0.4688004939375896,0.03139961193134282,0.3929810302486502,0.02563246570471301
09111d7d,88ed44d1,layer3.2.conv2.weight,0.730035974421923,0.07759915854854893,0.23498383219736824,0.0,0.0,0.0,0.7618129662935749,0.003203201509056948
09111d7d,905afff7,conv1.weight,0.7595546950901888,0.002095063352013802,0.0,0.0,0.0,0.0,0.9446686275751419,0.055331372424858145
09111d7d,905afff7,layer1.0.conv1.weight,0.7412112868374024,0.0056760279552456865,0.03782105569411804,0.027483083159666973,0.08888173738770778,0.14514621593154362,0.62191809255652,0.0787498152704436
09111d7d,905afff7,layer1.0.conv2.weight,0.7162886097946162,0.004569034526544653,0.026985812443267913,0.04438811868588863,0.19860189035970063,0.2013151446573618,0.4793828974019485,0.04932613645183256
09111d7d,905afff7,layer1.1.conv1.weight,0.7152961700880056,0.0037712357773800427,0.019424694780794345,0.06278242521965675,0.1867999930586284,0.3157778042052796,0.4011918384284112,0.014023244307229704
09111d7d,905afff7,layer1.1.conv2.weight,0.7015168589905807,0.003797194488624853,0.011454204454941181,0.03149156513302399,0.17140494262553155,0.3307599336768279,0.45305250769445565,0.0018368464152197501
09111d7d,905afff7,layer1.2.conv1.weight,0.6961770232932784,0.0035111095456812546,0.014588485657013855,0.11287811914913835,0.20342840607157625,0.07171783686680704,0.5562831702731118,0.04110398198235255
09111d7d,905afff7,layer1.2.conv2.weight,0.6790309965678096,0.002638264034255628,0.0,0.02600108960818043,0.011057533385699968,0.37432775906608623,0.41542021156138204,0.17319340637865105
09111d7d,905afff7,layer2.0.conv1.weight,0.7377608287201979,0.002993045845274044,0.0,0.013278519634547507,0.05261840427238427,0.38238138152881096,0.48769965258197157,0.06402204198228598
09111d7d,905afff7,layer2.0.conv2.weight,0.736330020346747,0.006293165595486864,0.001727534392807496,0.014614574023280775,0.08137979131299815,0.3795886696291284,0.488990894500927,0.03369853614085827
09111d7d,905afff7,layer2.0.shortcut.0.weight,0.7465321604098385,0.003059698032321299,0.009558508571257233,0.01850642319949159,0.10216630467806286,0.34414860868316144,0.3875644363829654,0.13805571848506154
09111d7d,905afff7,layer2.1.conv1.weight,0.7423935378140332,0.005609160449602969,0.01308213150016049,0.016797557168642233,0.0799914531202303,0.2985548088864953,0.4664939477185679,0.1250801016059039
09111d7d,905afff7,layer2.1.conv2.weight,0.7487111005011982,0.006089848820109366,0.006083717769548127,0.01754423254172721,0.1255917862749275,0.3054812627556792,0.48259632919127776,0.06270267146684019
09111d7d,905afff7,layer2.2.conv1.weight,0.7626423882609082,0.004803037612393745,0.001837724884281205,0.008801160344783723,0.05071595472950734,0.2583864922839222,0.6416621785152928,0.038596489242212415
09111d7d,905afff7,layer2.2.conv2.weight,0.7635442450460257,0.0068358322176964295,0.004056165781482111,0.01953173559652664,0.019627555018136334,0.36608323959787425,0.5483006293028412,0.0424006747031394
09111d7d,905afff7,layer3.0.conv1.weight,0.7535902827834964,0.011146162596438497,0.0014943147890068653,0.008290796374437647,0.05376732106377162,0.38564258397277673,0.5382290534046926,0.012575930395314523
09111d7d,905afff7,layer3.0.conv2.weight,0.7587926811000256,0.034200765521482324,0.012489487012295474,0.05489618363155241,0.03442760139195717,0.23918745974081482,0.6334338556076208,0.02556541261575936
09111d7d,905afff7,layer3.0.shortcut.0.weight,0.7445112800941646,0.021033331196040037,0.010961245409171887,0.004171860551045558,0.09150892834443841,0.1810466445709946,0.7039852234777924,0.008326097646557317
09111d7d,905afff7,layer3.1.conv1.weight,0.7694691122401638,0.02833356747519572,0.0,0.007804509881942309,0.09001044597738583,0.2078576993657497,0.693983913867069,0.00034343090785315857
09111d7d,905afff7,layer3.1.conv2.weight,0.7646384337869864,0.05908785949370624,0.034105617697608615,0.0,0.18847814247728306,0.0,0.7769181942459116,0.000498045579196756
09111d7d,905afff7,layer3.2.conv1.weight,0.7634229387820545,0.03910096578198509,0.03137903638218096,0.0,0.06478394905777904,0.03854259026864426,0.8447360142923621,0.02055840999903377
09111d7d,905afff7,layer3.2.conv2.weight,0.7461686264273019,0.07197890086312464,0.22163574266169342,0.0,0.0,0.0,0.7767983564541016,0.001565900884205062
09111d7d,be2e50e9,conv1.weight,0.6334467849515591,0.0009181025192759819,0.0,0.0,0.0,0.0,0.9504953341394543,0.049504665860545694
09111d7d,be2e50e9,layer1.0.conv1.weight,0.6957761374683312,0.0029819613798208132,0.022117090326446067,0.03734294964161438,0.15737377101234779,0.4214531011805463,0.259822183402764,0.10189090443628143
09111d7d,be2e50e9,layer1.0.conv2.weight,0.7093795878321345,0.0027126114766962816,0.005581639408041275,0.02905618017973351,0.06793770307886474,0.46847583005500826,0.3898274685390486,0.03912117873930354
09111d7d,be2e50e9,layer1.1.conv1.weight,0.7196997165443253,0.0023001367073028772,0.012870745860789628,0.030250569492126837,0.08077103658322685,0.4004179472577369,0.428825402892699,0.046864297913420686
09111d7d,be2e50e9,layer1.1.conv2.weight,0.7529264646808534,0.0024011485723148007,0.012695953439535983,0.03509490008210493,0.07524151369120503,0.28903299225476703,0.41439341883265973,0.17354122169972724
09111d7d,be2e50e9,layer1.2.conv1.weight,0.7609092310620118,0.00220267800519682,0.025172340293830246,0.026718789689668024,0.06834720351945459,0.2580923177883907,0.5106961649173845,0.1109731837912721
09111d7d,be2e50e9,layer1.2.conv2.weight,0.7559252568787763,0.002041073661763972,0.029991015430720108,0.03257853842276088,0.0879403712021753,0.4854543586897347,0.3150491848966773,0.04898653135793169
09111d7d,be2e50e9,layer2.0.conv1.weight,0.768481746057934,0.0026252308084461166,0.009277641391443145,0.0075392184724634315,0.08527861898151792,0.2614843016415179,0.6046828999790073,0.03173731953405028
09111d7d,be2e50e9,layer2.0.conv2.weight,0.7596206728952127,0.005729395933371255,0.01456768613555335,0.017929584651608016,0.07791165586239114,0.24825367854402797,0.5511183536568134,0.09021904114960609
09111d7d,be2e50e9,layer2.0.shortcut.0.weight,0.7462906504180185,0.0028644836960614694,0.01315043925474675,0.015925251278007993,0.10880013163462826,0.34055369161632915,0.32606408833974926,0.19550639787653856
09111d7d,be2e50e9,layer2.1.conv1.weight,0.7375787322179855,0.0054701891534289435,0.015999712515076134,0.015171006916110494,0.12184277785175093,0.3346220962657983,0.4096163987830705,0.10274800766819367
09111d7d,be2e50e9,layer2.1.conv2.weight,0.7369893436121919,0.005785567535599669,0.017167112770482273,0.015915289256546294,0.09914734985478744,0.2797578945387933,0.44953239033455317,0.1384799632448375
09111d7d,be2e50e9,layer2.2.conv1.weight,0.7304618487133061,0.004635450598488563,0.012648559310552096,0.009373961461779897,0.12880047529408337,0.36515198938957516,0.3891302026316177,0.09489481191239159
09111d7d,be2e50e9,layer2.2.conv2.weight,0.742138979564441,0.0063602496200564455,0.0060511546702819,0.032787441351537785,0.12995476997426209,0.31237331347056774,0.4825000275252164,0.03633329300813399
09111d7d,be2e50e9,layer3.0.conv1.weight,0.7357894517823684,0.010821786162957371,0.011498117764677303,0.01682242425641002,0.0786424543780137,0.47005623023736304,0.3676673246667694,0.055313448696766486
09111d7d,be2e50e9,layer3.0.conv2.weight,0.7335773262965494,0.032903133101639136,0.009076810093788346,0.029760926682981206,0.0856626545006402,0.28179148596787684,0.5574025827893336,0.03630553996537985
09111d7d,be2e50e9,layer3.0.shortcut.0.weight,0.738105196045701,0.018916415941779036,0.010904531060079783,0.009376542872587997,0.11504486989880909,0.3250931586459695,0.478986416576887,0.060594480945666725
09111d7d,be2e50e9,layer3.1.conv1.weight,0.7510152123235424,0.025713625112776285,0.014580313749796722,0.03420437277334232,0.04116191070046897,0.34384952421354,0.5478662872697285,0.01833759129312369
09111d7d,be2e50e9,layer3.1.conv2.weight,0.7469899264802043,0.05135128980586075,0.04393840021510295,0.014476016085808415,0.08374262802872778,0.23719533487479513,0.5718246575223068,0.04882296327325899
09111d7d,be2e50e9,layer3.2.conv1.weight,0.7419429052004317,0.037105573537210904,0.05581847181519,0.03922174534596993,0.0644656544695401,0.32050362140266014,0.5140107621984817,0.00597974476815795
09111d7d,be2e50e9,layer3.2.conv2.weight,0.7383780478401724,0.06367015785474528,0.0,0.0,0.0,0.11900854451664186,0.8675948196935882,0.013396635789769842
09111d7d,cb3a86af,conv1.weight,0.8230974475047756,0.0020236979725911063,0.0,0.0,0.0,0.0,0.9616289686521283,0.038371031347871655
09111d7d,cb3a86af,layer1.0.conv1.weight,0.8025487876695991,0.005089340934457471,0.00929428301438772,0.0412565525438882,0.09594564805162438,0.15809393081274542,0.6859598119110057,0.009449773666348492
09111d7d,cb3a86af,layer1.0.conv2.weight,0.7851415830289987,0.00426523545304087,0.0024548600351325975,0.027869458977310756,0.11206581002910668,0.20726054971567512,0.645744406878335,0.004604914364440002
09111d7d,cb3a86af,layer1.1.conv1.weight,0.8267477261981965,0.003514820233242507,0.0,0.014846707092254961,0.11726673250680067,0.09409532922534743,0.7651792661423188,0.00861196503327815
09111d7d,cb3a86af,layer1.1.conv2.weight,0.7797501009808727,0.0034329123817064392,0.0,0.026453217806775002,0.047092709504880856,0.35097798842743366,0.5501388045514709,0.025337279709439556
09111d7d,cb3a86af,layer1.2.conv1.weight,0.7655417317261728,0.0030188767392929474,0.011180928219501044,0.04422464423198911,0.10817405643352006,0.2737445617115375,0.5612429084840358,0.0014329009194165628
09111d7d,cb3a86af,layer1.2.conv2.weight,0.7647030170894781,0.0026058922094029232,0.006290551608634315,0.0053114715949097524,0.0980356942906822,0.3256860175304341,0.5591194839518108,0.005556781023528906
09111d7d,cb3a86af,layer2.0.conv1.weight,0.7758509468786762,0.0031664342812959467,0.0014266878204778886,0.00581943009799131,0.03388479343995994,0.2954248278424514,0.6574705148188713,0.005973745980248164
09111d7d,cb3a86af,layer2.0.conv2.weight,0.7539579508940812,0.0067184181445402585,0.0030832449691438318,0.0153016764437838,0.09661767389183537,0.3880143943100486,0.4471486543567719,0.04983435602841655
09111d7d,cb3a86af,layer2.0.shortcut.0.weight,0.7660317603623781,0.003384478279151012,0.005010439453032327,0.008277097777004373,0.06959081466313577,0.2728578151871663,0.621752116239958,0.02251171667970341
09111d7d,cb3a86af,layer2.1.conv1.weight,0.7589053721734481,0.006242037801135173,0.007512168854579792,0.014390023142126498,0.053902309828313774,0.24844294599918132,0.6363667544673686,0.039385797708430224
09111d7d,cb3a86af,layer2.1.conv2.weight,0.7481686593698955,0.006670833068669452,0.013623650902622783,0.010900640716662168,0.15855675182026854,0.23421664533672845,0.5422565097660956,0.0404458014576224
09111d7d,cb3a86af,layer2.2.conv1.weight,0.734256443500843,0.00535788391569769,0.0028685738055985056,0.018408845244010166,0.03753133436203458,0.28163869594447705,0.6126651496700782,0.04688740097380153
09111d7d,cb3a86af,layer2.2.conv2.weight,0.7180749144803197,0.007561993330167814,0.0,0.01705865319117031,0.06660724142423462,0.3979554647986109,0.48021053031993427,0.03816811026604997
09111d7d,cb3a86af,layer3.0.conv1.weight,0.7241228861946427,0.012191253603758933,0.014784490212720955,0.020670095947855172,0.07835506498305578,0.4912157071476827,0.3896669122058887,0.005307729502796693
09111d7d,cb3a86af,layer3.0.conv2.weight,0.7086655575565689,0.03859890092671199,0.0,0.03243285961658596,0.08468565219878302,0.30492168165593214,0.5593102384284926,0.018649568100206026
09111d7d,cb3a86af,layer3.0.shortcut.0.weight,0.7169922462543608,0.023137563332100375,0.0,0.007601158593173942,0.0,0.4044092770573947,0.5561149200801943,0.03187464426923713
09111d7d,cb3a86af,layer3.1.conv1.weight,0.7068332849045095,0.032963098099602954,0.0,0.03991091342762343,0.0,0.4053539705875442,0.5110286116415401,0.043706504343292256
09111d7d,cb3a86af,layer3.1.conv2.weight,0.7101639693837943,0.06525114633913134,0.07852019725048684,0.0,0.5857956736157754,0.3356841291337377,0.0,0.0
09111d7d,cb3a86af,layer3.2.conv1.weight,0.7174092809822047,0.04925325168284668,0.0256538029254948,0.1351640902192592,0.19134421030780918,0.38459318455893643,0.2630701529073516,0.00017455908114887898
09111d7d,cb3a86af,layer3.2.conv2.weight,0.7035367288913108,0.08637602105347147,0.0,0.27794592445334343,0.2809971822792909,0.4410568932673657,0.0,0.0
09111d7d,d8bd0bc0,conv1.weight,0.798823658589799,0.002161119016201349,0.0,0.0,0.0,0.0,0.949854716235635,0.05014528376436502
09111d7d,d8bd0bc0,layer1.0.conv1.weight,0.7719252871201417,0.007347115892496481,0.018060411707241247,0.012471602731999923,0.06319181566524423,0.28286671718923945,0.615500505615069,0.007908947091206145
09111d7d,d8bd0bc0,layer1.0.conv2.weight,0.7704758891175271,0.005915479077143051,0.01612511761899908,0.026985099918428374,0.1104925036786679,0.14111221499639184,0.7000124608389506,0.005272602948562231
09111d7d,d8bd0bc0,layer1.1.conv1.weight,0.7511852517695183,0.00399122121879532,0.007990563506394864,0.015799103452985904,0.10713021069921391,0.1544632568205222,0.6644344357219449,0.050182429798938125
09111d7d,d8bd0bc0,layer1.1.conv2.weight,0.7201648912971789,0.004221387330761442,0.0037398903206499984,0.046019546664254424,0.07282282979216088,0.18413910366286224,0.6781991544503314,0.015079475109741041
09111d7d,d8bd0bc0,layer1.2.conv1.weight,0.7218782295241618,0.0034197019775501027,0.0,0.04135477166389621,0.10231043498846193,0.2118877719142862,0.5899715992072437,0.05447542222611186
09111d7d,d8bd0bc0,layer1.2.conv2.weight,0.6960626391591183,0.0028217999530661987,0.0080358007330305,0.04827171453693835,0.042267337178839175,0.2793339055039434,0.5083061600541018,0.11378508199314681
09111d7d,d8bd0bc0,layer2.0.conv1.weight,0.7111672428467305,0.0033830166868996443,0.0012897056987963632,0.018499042526287892,0.06167884840533869,0.5655021601851021,0.3070138668180935,0.046016376366381576
09111d7d,d8bd0bc0,layer2.0.conv2.weight,0.7286268866822799,0.006988239456460029,0.005432542182000371,0.01874369249659105,0.11870625870805446,0.5881719437573966,0.2563087958732546,0.012636766982703
09111d7d,d8bd0bc0,layer2.0.shortcut.0.weight,0.7316545258264714,0.0033561968476018833,0.0032535419291647156,0.026950061643044684,0.12190456244006315,0.43714709641602584,0.3864253963180689,0.024319341253632786
09111d7d,d8bd0bc0,layer2.1.conv1.weight,0.7277272177556157,0.006216600864383758,0.011040723015259036,0.027230145495509672,0.14614954256082197,0.2919525691302518,0.3961063233739537,0.12752069642420394
09111d7d,d8bd0bc0,layer2.1.conv2.weight,0.7279096357654873,0.007105438742941915,0.0016522156958426084,0.02592755073098971,0.12188557962134429,0.2619587899324815,0.5504548635357688,0.03812100048357318
09111d7d,d8bd0bc0,layer2.2.conv1.weight,0.7234269468227067,0.0055299455728864315,0.0,0.006967061248431808,0.08144117815622595,0.5632363118954768,0.3239048099368067,0.02445063876305879
09111d7d,d8bd0bc0,layer2.2.conv2.weight,0.7315230474811523,0.007705477930582646,0.0015840609186541972,0.02292792977054696,0.07681399001359678,0.42371056248773153,0.4618503934870798,0.01311306332239078
09111d7d,d8bd0bc0,layer3.0.conv1.weight,0.7271350617650207,0.01370100725318753,0.0,0.018822833323469196,0.009192034054448626,0.3099922304152016,0.6440710612619984,0.017921840944882344
09111d7d,d8bd0bc0,layer3.0.conv2.weight,0.7154275385910178,0.04129861804206415,0.006223273993795521,0.0196832267234791,0.16639738581788216,0.4629229159901504,0.31587217119952654,0.028901026275166344
09111d7d,d8bd0bc0,layer3.0.shortcut.0.weight,0.7121641044963353,0.024720107307111154,0.0,0.01182029992442302,0.0,0.4287580579141428,0.5317944220161577,0.02762722014527656
09111d7d,d8bd0bc0,layer3.1.conv1.weight,0.7234110387527715,0.029049857920715808,0.003686648320610056,0.04023192896985365,0.2010769633788421,0.24048840022817528,0.43473959389768446,0.07977646520483449
09111d7d,d8bd0bc0,layer3.1.conv2.weight,0.710847947251558,0.06332905040049655,0.0,0.19895157357852591,0.5527027334520708,0.24834569296940331,0.0,0.0
09111d7d,d8bd0bc0,layer3.2.conv1.weight,0.7041696333373062,0.039782591544207664,0.02537659168129978,0.0327790439860387,0.08352706766726427,0.28618462675152706,0.5377204175423571,0.03441225237151316
09111d7d,d8bd0bc0,layer3.2.conv2.weight,0.6941293226100078,0.07157678686204066,0.0,0.0,0.13157186610374777,0.23115032946834627,0.6215199965213136,0.0157578079065923
09111d7d,e1762771,conv1.weight,0.7738621311808181,0.00215232036718561,0.0,0.0,0.0,0.0,0.9453157933026737,0.054684206697326314
09111d7d,e1762771,layer1.0.conv1.weight,0.7889748474636171,0.006425746257666285,0.011173811296237018,0.026901484739677583,0.0998089935576898,0.27473941134786867,0.5736550222109068,0.013721276847620107
09111d7d,e1762771,layer1.0.conv2.weight,0.7719275954380456,0.005225457505380482,0.024673515034866582,0.03692257197115861,0.0882429151390013,0.37536651512900776,0.4658205782376215,0.008973904488344285
09111d7d,e1762771,layer1.1.conv1.weight,0.7923218072997086,0.004152284071913059,0.01136745185541476,0.043286306027281375,0.09410042894585725,0.35167677401053676,0.49270580573388745,0.006863233427022397
09111d7d,e1762771,layer1.1.conv2.weight,0.7942654816632646,0.0042318933005836635,0.018439177654919387,0.05699539071306425,0.051127149380665274,0.10328757189407052,0.7472958865454766,0.022854823811803888
09111d7d,e1762771,layer1.2.conv1.weight,0.7842713184389002,0.0036869681447172864,0.006682179710644961,0.084222625334315,0.06448699597256098,0.3558152777404393,0.4878994677277318,0.0008934535143079694
09111d7d,e1762771,layer1.2.conv2.weight,0.7428083022779196,0.0031532719591037903,0.0030292826008887167,0.04365122210006122,0.0626784732157415,0.3535543163758527,0.526908750306103,0.010177955401352884
09111d7d,e1762771,layer2.0.conv1.weight,0.771613553092253,0.0035498110732570887,0.0,0.006585583525849414,0.0346361679302891,0.22118628515406355,0.7170670705100369,0.020524892879761097
09111d7d,e1762771,layer2.0.conv2.weight,0.7429135722485041,0.00748550597605091,0.002062144378929291,0.0018674757674893153,0.08309163614534282,0.3856150616385741,0.5131873026989168,0.01417637937074771
09111d7d,e1762771,layer2.0.shortcut.0.weight,0.7493128173526863,0.0038534404602314897,0.0016169568051744387,0.017479938907190767,0.040480611361243216,0.3438435407942196,0.5833077119877048,0.013271240144467305
09111d7d,e1762771,layer2.1.conv1.weight,0.7440609156258373,0.006759223696185444,0.010650471716321148,0.020617268027998972,0.0975499400017366,0.3031269127931892,0.5117166576626903,0.05633874979806383
09111d7d,e1762771,layer2.1.conv2.weight,0.7114053124210376,0.008200749604391919,0.0,0.008258558397201127,0.058388074030415384,0.23435907129424388,0.653516568571908,0.045477727706231603
09111d7d,e1762771,layer2.2.conv1.weight,0.7085869071584414,0.006084084398182562,0.0,0.012893019571252662,0.004310161777806159,0.3789434234997728,0.5585880234414665,0.04526537170970159
09111d7d,e1762771,layer2.2.conv2.weight,0.7273742622766488,0.009085751999580888,0.002479423178984045,0.0138831583931599,0.13142713291830002,0.25844556808505564,0.5525858929550789,0.04117882446942154
09111d7d,e1762771,layer3.0.conv1.weight,0.7257261292623306,0.015007565482538256,0.0,0.02195776044151101,0.14350693634338177,0.335552967342017,0.47993376500996493,0.019048570863125128
09111d7d,e1762771,layer3.0.conv2.weight,0.7145032403145911,0.045293950583722174,0.005944782420684085,0.03312417930947452,0.02592061976891835,0.27263914728477884,0.5988250896509172,0.06354618156522707
09111d7d,e1762771,layer3.0.shortcut.0.weight,0.7352841035564613,0.028082561246621757,0.0,0.013067949297292318,0.26468619157285345,0.10482318005941296,0.5959521776622817,0.02147050140815951
09111d7d,e1762771,layer3.1.conv1.weight,0.7210345403448151,0.03507633915317912,0.0,0.05688622695201495,0.009024035482202547,0.35746240371181875,0.548533550415739,0.02809378343822468
09111d7d,e1762771,layer3.1.conv2.weight,0.723124814767964,0.06806169410816042,0.0,0.2710425769044112,0.0,0.06421061624328515,0.6625174037154522,0.0022294031368514686
09111d7d,e1762771,layer3.2.conv1.weight,0.7342661579444384,0.04395949313909455,0.1382022919404103,0.01687168033254419,0.11349406203536012,0.1658165010270091,0.5636322488697688,0.0019832157949075052
09111d7d,e1762771,layer3.2.conv2.weight,0.7238707929645919,0.07708404588686568,0.0,0.03234516685565444,0.0,0.5357325997556429,0.40989262224751016,0.022029611141192517
1887bcd2,366f9057,conv1.weight,0.7917594695893175,0.0028030259024957953,0.06488412371978995,0.08794401245959321,0.13140339866804646,0.0,0.7051499302087526,0.010618534943817788
1887bcd2,366f9057,layer1.0.conv1.weight,0.8265196759054341,0.01098575899592828,0.0,0.0,0.1792258160222396,0.09963782021895651,0.7183866488670776,0.002749714891726267
1887bcd2,366f9057,layer1.0.conv2.weight,0.8108637575565607,0.008755681411169287,0.0,0.054726060371213754,0.11502340821488945,0.15713481103922547,0.669569258814286,0.003546461560385385
1887bcd2,366f9057,layer1.1.conv1.weight,0.8075353312831396,0.0063133992048117656,0.0,0.031103658240952833,0.028895520133852038,0.2034324252160322,0.7313031527765627,0.0052652436326002475
1887bcd2,366f9057,layer1.1.conv2.weight,0.8236324106523336,0.006628784206545054,0.0,0.02805853560381852,0.07002492669196186,0.13566918385319518,0.7643344325138585,0.001912921337165918
1887bcd2,366f9057,layer1.2.conv1.weight,0.816913796848314,0.006066442115495311,0.0067779569611725815,0.08961417239427025,0.10826501563903076,0.13947775409993873,0.6556098977542922,0.00025520315129541355
1887bcd2,366f9057,layer1.2.conv2.weight,0.7929372942842045,0.004309368879640835,0.0,0.049625544859077386,0.11855177904858896,0.16953368858427295,0.6581585828660953,0.00413040464196543
1887bcd2,366f9057,layer2.0.conv1.weight,0.7491449925384879,0.004290872877790669,0.0,0.023146534616310683,0.05345340077189753,0.25712935584279606,0.5677611049802522,0.09850960378874346
1887bcd2,366f9057,layer2.0.conv2.weight,0.7179961093740317,0.008131305229066684,0.0065165081902818925,0.023941069308261235,0.09037923363089383,0.2327444367950193,0.5243958620632304,0.12202289001231352
1887bcd2,366f9057,layer2.0.shortcut.0.weight,0.690802891823785,0.00368240847090106,0.0025433441090237725,0.016069739492090618,0.121252354338838,0.26889374122573984,0.5418475007945912,0.04939332003971654
1887bcd2,366f9057,layer2.1.conv1.weight,0.6698013880711008,0.006727211196855192,0.0037936854415395738,0.011135261115817146,0.11706949953747324,0.2408226321793617,0.5808610510500842,0.04631787067572437
1887bcd2,366f9057,layer2.1.conv2.weight,0.6624770962100854,0.007436662595263073,0.0,0.013277678122229856,0.037226254515351796,0.42136208613445925,0.4899887063515957,0.038145274876363267
1887bcd2,366f9057,layer2.2.conv1.weight,0.6544421697370795,0.006149017843209896,0.0024592586844349247,0.009816360339966392,0.1283462371330766,0.27374795793017925,0.44572779443355176,0.139902391478791
1887bcd2,366f9057,layer2.2.conv2.weight,0.6638429406085576,0.008409227896347363,0.0,0.02219789669662018,0.03258483429274789,0.3189835058535662,0.5503780544468294,0.07585570871023632
1887bcd2,366f9057,layer3.0.conv1.weight,0.6765089268324529,0.012149029356307156,0.0,0.0,0.009572819426115728,0.4101754668571466,0.4497109337942716,0.1305407799224659
1887bcd2,366f9057,layer3.0.conv2.weight,0.6750532906496268,0.042438257105260155,0.0,0.018801626934899604,0.0,0.29699065399820945,0.6674740745779737,0.01673364448891726
1887bcd2,366f9057,layer3.0.shortcut.0.weight,0.666692631523361,0.026606357396730906,0.018944378750736915,0.0,0.061288955721513154,0.1611422759498785,0.7315602093077604,0.027064180270111014
1887bcd2,366f9057,layer3.1.conv1.weight,0.6924763405556831,0.030623161509164953,0.0,0.0,0.06602171320466951,0.427801030868626,0.4216504671774592,0.08452678874924516
1887bcd2,366f9057,layer3.1.conv2.weight,0.7023161183689093,0.0536839380162172,0.0,0.023282206632204233,0.3160205984629596,0.15335411755240166,0.42631153547373885,0.08103154187869567
1887bcd2,366f9057,layer3.2.conv1.weight,0.6891123689331349,0.035242790878898,0.0,0.019193451031003828,0.07133265564837923,0.7957266070980685,0.10621656156788271,0.007530724654665637
1887bcd2,366f9057,layer3.2.conv2.weight,0.6895802717990676,0.06630217661148433,0.0,0.0,0.21511510280143054,0.18244268525453394,0.5467259446907939,0.05571626725324141
1887bcd2,5ffed8da,conv1.weight,0.8417870471605827,0.0022389767731771752,0.18423623439268152,0.0,0.0,0.0,0.8054204642750504,0.010343301332267988
1887bcd2,5ffed8da,layer1.0.conv1.weight,0.8407978246474449,0.009194860078017592,0.02837710006848732,0.019501443328412582,0.07171344380807364,0.00609433885603344,0.838100006351167,0.036213667587826105
1887bcd2,5ffed8da,layer1.0.conv2.weight,0.849917561427964,0.007156192377891488,0.017350017720291846,0.012306254493468607,0.052624757104136596,0.12988341446536358,0.7811458291234932,0.006689727093246208
1887bcd2,5ffed8da,layer1.1.conv1.weight,0.848863618639879,0.00520404383617188,0.004382662640582034,0.019628675690179,0.05776124931362652,0.09112795456601014,0.8233439786061694,0.0037554791834329393
1887bcd2,5ffed8da,layer1.1.conv2.weight,0.8369493226371636,0.005145310821089695,0.020949150971613394,0.022175164618460683,0.05425912632798656,0.04805380486009781,0.8488450491998049,0.005717704022036829
1887bcd2,5ffed8da,layer1.2.conv1.weight,0.8125609473009884,0.004335712757769761,0.007083328864097346,0.012105952590652076,0.07136249520962178,0.21904514101488368,0.6771203580104025,0.013282724310342378
1887bcd2,5ffed8da,layer1.2.conv2.weight,0.8220269536345844,0.0033165590902156043,0.00617789792969468,0.008655968284827412,0.08094445367543299,0.0876549975157287,0.8065980314719006,0.009968651122415729
1887bcd2,5ffed8da,layer2.0.conv1.weight,0.7413791085755195,0.0036780083078050874,0.0,0.014553633975883688,0.04677156837070364,0.3430469052157253,0.5751899406068807,0.0204379518308069
1887bcd2,5ffed8da,layer2.0.conv2.weight,0.721318875846022,0.007107615352902308,0.0,0.016531121929402547,0.0188221303847702,0.4866921256561713,0.4513384212628365,0.026616200766819358
1887bcd2,5ffed8da,layer2.0.shortcut.0.weight,0.7230491900468382,0.003480592969486007,0.0,0.017955836850652943,0.00802285777613935,0.43834706281331187,0.460259735547939,0.07541450701195677
1887bcd2,5ffed8da,layer2.1.conv1.weight,0.7431259086751422,0.0069036848170893166,0.0049266150156435035,0.015820948885125974,0.0898534061589481,0.235034904164901,0.6037536616665191,0.050610464108862475
1887bcd2,5ffed8da,layer2.1.conv2.weight,0.7362619416813735,0.008943272449654534,0.014045504184836645,0.024500978192033257,0.08740278663868062,0.3783875866039547,0.45034711223120005,0.045316032149294784
1887bcd2,5ffed8da,layer2.2.conv1.weight,0.7346882523002525,0.007321712154191371,0.0,0.01788042519437964,0.214748842047226,0.3457376137342362,0.3865076423678215,0.03512547665633671
1887bcd2,5ffed8da,layer2.2.conv2.weight,0.7170336861278739,0.011155862032595736,0.007711468656509873,0.01630096972908463,0.22086514816749903,0.38453129128355457,0.2977236456432827,0.0728674765200693
1887bcd2,5ffed8da,layer3.0.conv1.weight,0.7324770104783864,0.01680032612572699,0.024741574018021108,0.015619066629813652,0.11783780073054681,0.21791875228074847,0.5431904404966881,0.08069236584418182
1887bcd2,5ffed8da,layer3.0.conv2.weight,0.7160273992880712,0.05458656234028629,0.005242202191491218,0.0,0.09629835654870346,0.6510739518549815,0.23734410390199864,0.010041385502825132
1887bcd2,5ffed8da,layer3.0.shortcut.0.weight,0.7272473435077066,0.03455242694545747,0.0219930258031912,0.06856289223115355,0.0,0.28995404450138806,0.5881149340792308,0.03137510338503632
1887bcd2,5ffed8da,layer3.1.conv1.weight,0.7108745090238551,0.04398575451448486,0.009991833532470393,0.01504358714277264,0.22096954702390711,0.38104859747052644,0.3646744079247088,0.008272026905614604
1887bcd2,5ffed8da,layer3.1.conv2.weight,0.7243302804718582,0.08399575913545532,0.0,0.011245054757285475,0.2185198184079775,0.0,0.5548976175309964,0.21533750930374057
1887bcd2,5ffed8da,layer3.2.conv1.weight,0.7716246952076118,0.05614613646349336,0.023255244980163074,0.006126129484128524,0.2050034150938644,0.17524122570206552,0.5778128933723138,0.01256109136746463
1887bcd2,5ffed8da,layer3.2.conv2.weight,0.7642967212983685,0.1206484226675168,0.06808760647306494,0.0,0.05641237582723676,0.0,0.7866972334211499,0.08880278427854832
1887bcd2,88ed44d1,conv1.weight,0.869828048184668,0.002542666111354613,0.0,0.0,0.0,0.03295733242624809,0.9592155216554955,0.007827145918256319
1887bcd2,88ed44d1,layer1.0.conv1.weight,0.8998855579476749,0.01109795715835695,0.0,0.0,0.011130109382683228,0.10569611861001611,0.8831737720073005,0.0
1887bcd2,88ed44d1,layer1.0.conv2.weight,0.8798391290535726,0.007832519299077497,0.0026520305030559763,0.0212267457000044,0.022053653133546413,0.09541759248741634,0.8586174869962876,3.2491179689267905e-05
1887bcd2,88ed44d1,layer1.1.conv1.weight,0.8529184402025887,0.005695640249733342,0.0024956325440188597,0.036051377193456684,0.04123582992224942,0.15221073213449393,0.7672139943515489,0.0007924338542322075
1887bcd2,88ed44d1,layer1.1.conv2.weight,0.8531423186694961,0.005384137438861262,0.004468227982721739,0.021054929026392052,0.02953505459410049,0.098889482060293,0.8460523063364925,0.0
1887bcd2,88ed44d1,layer1.2.conv1.weight,0.8518700766551437,0.004537072994368015,0.0029409274156208956,0.03070399945311253,0.026090648386560947,0.05725596096298327,0.8708414563817077,0.012167007400014798
1887bcd2,88ed44d1,layer1.2.conv2.weight,0.7878496421201573,0.003104811319312742,0.016553484558331548,0.03954961373304775,0.09324016681082285,0.3307863744096676,0.5198703604881305,0.0
1887bcd2,88ed44d1,layer2.0.conv1.weight,0.7366180864475748,0.003199230399492347,0.002305192968232723,0.03385815715118065,0.07679505079482972,0.63420394232805,0.24939018874943233,0.003447468008274569
1887bcd2,88ed44d1,layer2.0.conv2.weight,0.7220623862730143,0.005790089596309562,0.0036340301405895126,0.020804814545279472,0.07417290427678415,0.2717422424853806,0.5224053305478881,0.10724067800407824
1887bcd2,88ed44d1,layer2.0.shortcut.0.weight,0.7080623275946941,0.0026918763753385963,0.007539368886681444,0.05016526557773925,0.11568193608844353,0.40236092659498174,0.3084790642876865,0.11577343856446752
1887bcd2,88ed44d1,layer2.1.conv1.weight,0.7020056046496465,0.004775006227687808,0.003081690123767838,0.028690612508565035,0.1189452114338437,0.38250826330306126,0.4112524923961118,0.05552173023465034
1887bcd2,88ed44d1,layer2.1.conv2.weight,0.7078219289856671,0.005886340984989656,0.004565057299719277,0.029444955816306465,0.05049297395694674,0.43668474516341205,0.43429513917698087,0.04451712858663453
1887bcd2,88ed44d1,layer2.2.conv1.weight,0.6991720971682561,0.005178386820370683,0.0057600115423725555,0.014133825056088432,0.0978756856465989,0.39759106063989547,0.3786901032992593,0.10594931381578541
1887bcd2,88ed44d1,layer2.2.conv2.weight,0.7037491219263633,0.006833310954879093,0.0,0.018528614843187616,0.07286552361959243,0.2750907210923592,0.5609788630963108,0.07253627734854992
1887bcd2,88ed44d1,layer3.0.conv1.weight,0.7148756459278369,0.010374621740538423,0.0044806823798231145,0.0035389642487028195,0.04680890952518269,0.40453814983653524,0.5216036135081028,0.019029680501653223
1887bcd2,88ed44d1,layer3.0.conv2.weight,0.7149204717771713,0.03468473750850013,0.0,0.015535991708726287,0.023867026692877307,0.3824099277579097,0.48589170858248754,0.09229534525799901
1887bcd2,88ed44d1,layer3.0.shortcut.0.weight,0.7440538961811721,0.02183273516355389,0.018802078128702628,0.004951584726188783,0.08510640969239501,0.13825109910919361,0.7213501223676223,0.031538705975897585
1887bcd2,88ed44d1,layer3.1.conv1.weight,0.6898460687209891,0.025427668092848004,0.0,0.03738667295219354,0.13507479913199263,0.2148850892820069,0.5319948028118758,0.0806586358219309
1887bcd2,88ed44d1,layer3.1.conv2.weight,0.7097248669886651,0.049745283944531274,0.012690556146251973,0.028294985683316905,0.4026832055532544,0.23134530284362922,0.28366721244281945,0.04131873733072811
1887bcd2,88ed44d1,layer3.2.conv1.weight,0.7415008397666188,0.030108289327379092,0.013237830193502512,0.07976701562629583,0.1939901491893881,0.22087721649875766,0.4548083670885694,0.03731942140348663
1887bcd2,88ed44d1,layer3.2.conv2.weight,0.7361874046723753,0.06618944456174135,0.05942756191610584,0.0,0.11022055923657056,0.0,0.8177702720266475,0.012581606820676203
1887bcd2,905afff7,conv1.weight,0.9297258053552048,0.003057015367261503,0.10304560784542365,0.0,0.0,0.0,0.8969543921545763,0.0
1887bcd2,905afff7,layer1.0.conv1.weight,0.9146189173746064,0.01087642553115918,0.0,0.01940859651036564,0.0,0.017210742458418016,0.9633806610312163,0.0
1887bcd2,905afff7,layer1.0.conv2.weight,0.8980278729170875,0.007897306196712084,0.0,0.014665882540054286,0.021133381618157893,0.03668111034433157,0.9273400011084433,0.00017962438901329694
1887bcd2,905afff7,layer1.1.conv1.weight,0.8799405161535981,0.005812858273827779,0.0143917046467197,0.01687340157303285,0.042534096301939356,0.04614021641190533,0.879649137576014,0.000411443490388847
1887bcd2,905afff7,layer1.1.conv2.weight,0.8874725471980617,0.005668844411585064,0.0,0.03964999764867006,0.026547010789872722,0.02192353679585232,0.9118794547656047,0.0
1887bcd2,905afff7,layer1.2.conv1.weight,0.8893564389558429,0.004770850823099435,0.011119976093374334,0.020719975496909026,0.03425645148314254,0.027585182848180456,0.9063184140783936,0.0
1887bcd2,905afff7,layer1.2.conv2.weight,0.8362592153283134,0.00312669532529297,0.0,0.032220792061413886,0.027869532336539722,0.14469106230975212,0.7942623307308029,0.0009562825614914614
1887bcd2,905afff7,layer2.0.conv1.weight,0.7655509465678779,0.0030333573613516547,0.0,0.029221541469094184,0.047647559190793345,0.35922513214355495,0.5378315262325825,0.026074240963975075
1887bcd2,905afff7,layer2.0.conv2.weight,0.7472438578121623,0.005449274342547572,0.0015996711685809357,0.023036840314469873,0.07410273027792852,0.29133438467463063,0.5520841277846256,0.057842245779764496
1887bcd2,905afff7,layer2.0.shortcut.0.weight,0.7280851343389159,0.0025211727579739383,0.0019153499253095347,0.0184653532223886,0.10247644213392926,0.3419466743734454,0.4784341296399475,0.05676205070497985
1887bcd2,905afff7,layer2.1.conv1.weight,0.7365061795242771,0.004484024727289249,0.001576319289848215,0.010008215514374818,0.07385803455654369,0.27188507280120205,0.5931663227118603,0.04950603512617096
1887bcd2,905afff7,layer2.1.conv2.weight,0.7271525860965382,0.005386331753113406,0.00555710696351587,0.019262604797969658,0.12611232819181256,0.3008840837164344,0.3067360446484042,0.24144783168186332
1887bcd2,905afff7,layer2.2.conv1.weight,0.7472348457954257,0.004745493687028276,0.0028999162655449387,0.013068602380932288,0.08514211478602672,0.3752001452346639,0.49026809212148514,0.03342112921134705
1887bcd2,905afff7,layer2.2.conv2.weight,0.7118194837110319,0.006381931453036331,0.001302369264188546,0.013033511193620798,0.13140761158580325,0.4358203868507716,0.33069541736585745,0.08774070373975827
1887bcd2,905afff7,layer3.0.conv1.weight,0.7101315382821471,0.009279923978196923,0.003171929884285156,0.02407723749802556,0.02316994495758496,0.46368346666201765,0.45379133385703546,0.03210608714105136
1887bcd2,905afff7,layer3.0.conv2.weight,0.7178770496844944,0.03232267873708328,0.0,0.1171612421859859,0.046314518856719535,0.4266173992798009,0.3539549184932758,0.05595192118421773
1887bcd2,905afff7,layer3.0.shortcut.0.weight,0.7122507778102004,0.021850107758398372,0.010846637253213285,0.0,0.013035470032927505,0.14827757262179475,0.756271222289073,0.0715690978029915
1887bcd2,905afff7,layer3.1.conv1.weight,0.7361793209827429,0.02461321129774368,0.0539019307694623,0.06380523765496326,0.133801944472189,0.20577468029459595,0.5216705289340113,0.021045677874778096
1887bcd2,905afff7,layer3.1.conv2.weight,0.7385371171401648,0.04794199909878355,0.07068453134618856,0.041697052175648744,0.052634597568559864,0.0,0.8065434308155627,0.02844038809404029
1887bcd2,905afff7,layer3.2.conv1.weight,0.7367132541687792,0.02850448350562837,0.03434202156086952,0.22264954557798325,0.21883282912497423,0.023852992022771725,0.48513397429160504,0.015188637421796306
1887bcd2,905afff7,layer3.2.conv2.weight,0.717695891171048,0.06056918687631706,0.06586452816947173,0.0,0.1572108455676018,0.0,0.7659046213944825,0.011020004868443947
1887bcd2,be2e50e9,conv1.weight,0.7904952267287121,0.0018800545345236826,0.0,0.2036238587398723,0.7122029665784917,0.08417317468163613,0.0,0.0
1887bcd2,be2e50e9,layer1.0.conv1.weight,0.8072011789394157,0.008182358955734307,0.03658203351539636,0.014667993231269083,0.05115228735014599,0.5878097777970851,0.30978790810610335,0.0
1887bcd2,be2e50e9,layer1.0.conv2.weight,0.7843587081581779,0.006040883146863712,0.027208999392324545,0.0284547942033063,0.12537374453677655,0.24897177024586734,0.5386381451769935,0.03135254644473164
1887bcd2,be2e50e9,layer1.1.conv1.weight,0.7841162247615373,0.004341759203750613,0.020975848409581124,0.015974603975434574,0.07558875528967494,0.4138112824634318,0.3429789950792303,0.13067051478264713
1887bcd2,be2e50e9,layer1.1.conv2.weight,0.7994576159652552,0.0042727984952750115,0.020610950842152358,0.01965269645853462,0.0459886372043669,0.2121021641851811,0.6788052711077122,0.022840280202052914
1887bcd2,be2e50e9,layer1.2.conv1.weight,0.7961531379963892,0.0034624192826150004,0.03239577934702034,0.019558926562056936,0.043419766624343076,0.10410186364587544,0.6290005888693586,0.17152307495134553
1887bcd2,be2e50e9,layer1.2.conv2.weight,0.7862706410956115,0.0025295049528013145,0.029339893458914267,0.036832482670718314,0.08183596016228445,0.5818431560568,0.2642231895075985,0.005925318143684352
1887bcd2,be2e50e9,layer2.0.conv1.weight,0.7482169841023035,0.002665542324523727,0.0108327398002064,0.02082939389372686,0.08378603134581054,0.27231318187575815,0.45361704693347205,0.15862160615102588
1887bcd2,be2e50e9,layer2.0.conv2.weight,0.7291942325533189,0.004885504680431964,0.012875830349084653,0.015628144136167504,0.13029957533285672,0.4019138544090973,0.3258161275975668,0.11346646817522686
1887bcd2,be2e50e9,layer2.0.shortcut.0.weight,0.7405330184663494,0.002325958421714109,0.01744372731350498,0.018973203576449625,0.10466503893728572,0.49370504409145943,0.3109104737983319,0.05430251228296839
1887bcd2,be2e50e9,layer2.1.conv1.weight,0.72295316955852,0.004345053431115224,0.007247492057039723,0.02107613304593084,0.12039592638475687,0.3207741974473298,0.41053026909442214,0.11997598197052052
1887bcd2,be2e50e9,layer2.1.conv2.weight,0.7280077755765021,0.005082050468603709,0.0095489355419052,0.013502237540458381,0.12446010762805045,0.30748653637021206,0.3983760579560256,0.1466261249633484
1887bcd2,be2e50e9,layer2.2.conv1.weight,0.7476492619916764,0.004577906673123093,0.011217481686031743,0.009091694897183736,0.11781758141130926,0.3156666062527025,0.4509089512003249,0.09529768455244779
1887bcd2,be2e50e9,layer2.2.conv2.weight,0.7386978946980955,0.005906348855396346,0.01283410581064053,0.012394526500670694,0.127184443560763,0.4789501269600018,0.34268871180880867,0.025948085359115157
1887bcd2,be2e50e9,layer3.0.conv1.weight,0.7384958177539719,0.008955547544715798,0.004577301574912613,0.03578722744559029,0.06503824762391656,0.29269456107624603,0.562931389174407,0.038971273104927436
1887bcd2,be2e50e9,layer3.0.conv2.weight,0.7472706857011994,0.031025046317240082,0.0025197944904558904,0.010791544481101383,0.06862907852108938,0.3105661916545149,0.5882060352701309,0.019287355582707676
1887bcd2,be2e50e9,layer3.0.shortcut.0.weight,0.7465216019870407,0.01973319250413737,0.0161793562926969,0.018995249050463077,0.10305299909380783,0.16287565377509944,0.5924197678509755,0.10647697393695724
1887bcd2,be2e50e9,layer3.1.conv1.weight,0.7338758970898636,0.021993268935324245,0.0,0.02429639883014852,0.022122121645394736,0.41059102676022924,0.4835045554022262,0.05948589736200128
1887bcd2,be2e50e9,layer3.1.conv2.weight,0.7068521315493212,0.04020542941093806,0.029943314692084232,0.015552287093126326,0.14667625657586203,0.5181086874362316,0.2886958260043087,0.0010236281983870854
1887bcd2,be2e50e9,layer3.2.conv1.weight,0.7564583167433397,0.026509091260854184,0.0,0.0,0.058343512746871516,0.19563368859803834,0.7268937840000559,0.019129014655034228
1887bcd2,be2e50e9,layer3.2.conv2.weight,0.7411305910597837,0.0522604438679377,0.0,0.0,0.0,0.31272134477741814,0.6781002724665406,0.009178382756041307
1887bcd2,cb3a86af,conv1.weight,0.816629080186059,0.0029856499878388072,0.09837939927383867,0.0,0.05613910456154903,0.0,0.8439751978251512,0.001506298339461217
1887bcd2,cb3a86af,layer1.0.conv1.weight,0.7686187431911902,0.010289738510370964,0.07917977411299548,0.08908660449764377,0.14715552003038698,0.17067599485200552,0.33103432972946684,0.18286777677750124
1887bcd2,cb3a86af,layer1.0.conv2.weight,0.7716287014941726,0.0075935071232083,0.0,0.09283121658996288,0.08767680650866554,0.1579550054868271,0.46348326126573247,0.1980537101488121
1887bcd2,cb3a86af,layer1.1.conv1.weight,0.7590042877619447,0.005556442729690243,0.0,0.02140843932557693,0.08021058947793264,0.30333467251956747,0.5508481070952876,0.04419819158163523
1887bcd2,cb3a86af,layer1.1.conv2.weight,0.8004580578890097,0.00530456230466665,0.00988725810227429,0.041148788413246186,0.033094142130107806,0.15880657281889432,0.7305607241856684,0.026502514349809127
1887bcd2,cb3a86af,layer1.2.conv1.weight,0.7628763993044203,0.004278618016711127,0.02605540578125039,0.05945310250521996,0.08249675389710216,0.3921940369250708,0.4395386240965619,0.0002620767947948042
1887bcd2,cb3a86af,layer1.2.conv2.weight,0.7503295121190074,0.0030943235004402656,0.004900839635864964,0.03182559271932079,0.07613465263978639,0.2341161436492339,0.6239872727731098,0.029035498582684203
1887bcd2,cb3a86af,layer2.0.conv1.weight,0.7106867760549613,0.0032067457973735574,0.0,0.05285994302148991,0.06207796000439141,0.28859560776823306,0.4284053162012267,0.16806117300465875
1887bcd2,cb3a86af,layer2.0.conv2.weight,0.7019378825116033,0.005874526891600966,0.0013071221986208285,0.009304773880254226,0.07893639264720673,0.2851810294723264,0.5302303882132158,0.09504029358837594
1887bcd2,cb3a86af,layer2.0.shortcut.0.weight,0.6974750385985445,0.002845953004803652,0.00406986663676391,0.007852435215143403,0.1259050349610464,0.2470955022796228,0.5485996549463269,0.0664775059610966
1887bcd2,cb3a86af,layer2.1.conv1.weight,0.6926720727086862,0.005116902078821453,0.0020031812625529617,0.013564351865593873,0.08046148828209267,0.43490871473567244,0.4401969556168224,0.028865308237265682
1887bcd2,cb3a86af,layer2.1.conv2.weight,0.6863387322915867,0.005967316001673492,0.005507327356690039,0.025591186701277826,0.09787608622826884,0.44560683913728205,0.34763274001690114,0.07778582055958011
1887bcd2,cb3a86af,layer2.2.conv1.weight,0.686506713276885,0.005300339990332222,0.005641794845614707,0.013644887283411374,0.15125490069548772,0.37666852989946126,0.34741757932076217,0.10537230795526281
1887bcd2,cb3a86af,layer2.2.conv2.weight,0.6758259856186969,0.007108092565507715,0.0,0.006835857844578007,0.07753351709243685,0.27013042205656296,0.4795174442479745,0.16598275875844765
1887bcd2,cb3a86af,layer3.0.conv1.weight,0.7024962612094077,0.010325014985517359,0.0,0.00747232799607702,0.014982485640575107,0.4945559332101823,0.44770907965011003,0.03528017350305556
1887bcd2,cb3a86af,layer3.0.conv2.weight,0.7132423637994824,0.03672081414231294,0.0,0.03424414893858209,0.05869438331988024,0.3400859813535537,0.4993160562175244,0.06765943017045958
1887bcd2,cb3a86af,layer3.0.shortcut.0.weight,0.731871596467469,0.023954339894458707,0.02553576236052595,0.010445922866988993,0.04397029325865332,0.0727439843565746,0.8012116208048342,0.04609241635242284
1887bcd2,cb3a86af,layer3.1.conv1.weight,0.702216404002175,0.029242741922150914,0.006486930872871327,0.04364008518798211,0.07857957705831917,0.5906971264078801,0.2519394475512628,0.02865683292168437
1887bcd2,cb3a86af,layer3.1.conv2.weight,0.7090891508794737,0.05410528594420865,0.017128500149651553,0.02288071428803024,0.47076103847494827,0.380694223371007,0.10853552371636294,0.0
1887bcd2,cb3a86af,layer3.2.conv1.weight,0.7201348149441754,0.03865676940648995,0.011602173687021407,0.07647502187474255,0.14376789210945784,0.24194810674670594,0.5229955387826087,0.0032112667994635647
1887bcd2,cb3a86af,layer3.2.conv2.weight,0.7164686498845588,0.07496630706666389,0.20251502294508203,0.028593169819041784,0.3426406802315189,0.0,0.42625112700435736,0.0
1887bcd2,d8bd0bc0,conv1.weight,0.9061427072475006,0.00312307103144905,0.09643357848176488,0.0,0.03611168144128734,0.0,0.8674547400769479,0.0
1887bcd2,d8bd0bc0,layer1.0.conv1.weight,0.9050005049817995,0.012547513468409974,0.016337004390730415,0.0,0.0140752772447723,0.0,0.9675779446809193,0.0020097736835779896
1887bcd2,d8bd0bc0,layer1.0.conv2.weight,0.8740772162440015,0.009243750747310481,0.005758707385055417,0.0306082369282026,0.024057915456646865,0.05370120312532001,0.8857304708399597,0.00014346626481538167
1887bcd2,d8bd0bc0,layer1.1.conv1.weight,0.8843872987990602,0.006032843715243057,0.0025880315782802225,0.015874114982148323,0.022029731983221175,0.06363914413051014,0.89586897732584,0.0
1887bcd2,d8bd0bc0,layer1.1.conv2.weight,0.8924956290321386,0.006093037253721653,0.01673820369962426,0.01525873382912969,0.020207651727121956,0.010501192756830209,0.9350157647683023,0.002278453218991498
1887bcd2,d8bd0bc0,layer1.2.conv1.weight,0.895050581060937,0.004679443254968283,0.009961484244063528,0.01913212000529841,0.018225698092424206,0.07283954491644697,0.8798411527417669,0.0
1887bcd2,d8bd0bc0,layer1.2.conv2.weight,0.841929187300433,0.0033102312441035406,0.0036294234445107677,0.023914616231348176,0.05654980759251388,0.06380685637514469,0.8468822675580752,0.005217028798407326
1887bcd2,d8bd0bc0,layer2.0.conv1.weight,0.7996784342916357,0.0034233282029772546,0.001360848555689038,0.03450336961012651,0.031611572981144365,0.17428069003074975,0.7504954179356988,0.0077481008865914365
1887bcd2,d8bd0bc0,layer2.0.conv2.weight,0.7746375253717094,0.006144348203520738,0.0027295786594239767,0.018274593905025623,0.09141911100373246,0.22310668112294682,0.6467961458578168,0.01767388945105435
1887bcd2,d8bd0bc0,layer2.0.shortcut.0.weight,0.7548329046295902,0.002817671573254523,0.0020210821256179913,0.010852543806603283,0.12907225251481386,0.32650796246797104,0.51295156459989,0.018594594485103803
1887bcd2,d8bd0bc0,layer2.1.conv1.weight,0.743420203953361,0.00509146514207004,0.0021027894959468074,0.019530097104758382,0.1260800918605338,0.25399522476445585,0.5662314096558156,0.03206038711848967
1887bcd2,d8bd0bc0,layer2.1.conv2.weight,0.7559146019696593,0.006401921675945955,0.0026974863902381706,0.012466399552571108,0.03440570267285097,0.3340963361270293,0.6008082555551695,0.01552581970214093
1887bcd2,d8bd0bc0,layer2.2.conv1.weight,0.739389742196084,0.005472401647520962,0.002779815693282827,0.011735539924908328,0.12669062220904848,0.27269553964777354,0.5500881922874664,0.03601029023752036
1887bcd2,d8bd0bc0,layer2.2.conv2.weight,0.7473987477535681,0.007251577165922547,0.0,0.011489410198137411,0.029505442707498997,0.2986015738493602,0.6310946544558993,0.029308918789103914
1887bcd2,d8bd0bc0,layer3.0.conv1.weight,0.7318218776691159,0.011834768634945956,0.005932447714355277,0.008327291894159794,0.1353359006151856,0.4134381592107363,0.4212598376942588,0.015706362871304395
1887bcd2,d8bd0bc0,layer3.0.conv2.weight,0.7237297028713721,0.0394205312576651,0.0,0.010028894945857687,0.09029733741294786,0.2947517690289365,0.5918023659645333,0.013119632647724581
1887bcd2,d8bd0bc0,layer3.0.shortcut.0.weight,0.6844219069514657,0.025536883869469486,0.0,0.008359161715163547,0.28360336846220824,0.1477310790053156,0.56030429831404,2.092503272543175e-06
1887bcd2,d8bd0bc0,layer3.1.conv1.weight,0.6967071487987329,0.025329501743263767,0.005822397548346682,0.09598382487140032,0.050752658884668476,0.6358290323762665,0.15418976802742398,0.05742231829189397
1887bcd2,d8bd0bc0,layer3.1.conv2.weight,0.7116740652019603,0.052183190005573865,0.010179962544548008,0.04298277006127882,0.27682055581695836,0.23931205876269093,0.4145722879482298,0.01613236486629421
1887bcd2,d8bd0bc0,layer3.2.conv1.weight,0.7243800623976764,0.029186109267850945,0.015093614469929852,0.08097738900960169,0.12895528266399942,0.17629058971612516,0.549189076324896,0.049494047815447806
1887bcd2,d8bd0bc0,layer3.2.conv2.weight,0.7316169827568519,0.060167072875233076,0.030743147932008177,0.04413734491941942,0.06916931922877455,0.0,0.8447444334184648,0.011205754501332934
1887bcd2,e1762771,conv1.weight,0.8460758213509145,0.003114272382433311,0.15416642777097983,0.0,0.0,0.0,0.8436829873520753,0.002150584876944804
1887bcd2,e1762771,layer1.0.conv1.weight,0.8994624397784061,0.01162614383357978,0.017809467042884008,0.0,0.02790556264049598,0.1564542990199105,0.7978306712967095,0.0
1887bcd2,e1762771,layer1.0.conv2.weight,0.8768814901050418,0.008553729175547913,0.004961179098019762,0.006839232332268887,0.030187323864023483,0.12316649909496132,0.8345893960406349,0.00025636957009183984
1887bcd2,e1762771,layer1.1.conv1.weight,0.8689356928353281,0.006193906568360795,0.018073755100402673,0.0,0.0,0.150268207158889,0.8301388497826135,0.0015191879580947396
1887bcd2,e1762771,layer1.1.conv2.weight,0.874391742760418,0.006103543223543874,0.0,0.010977613895366084,0.041703294989288875,0.13189595131754175,0.8154231397978032,0.0
1887bcd2,e1762771,layer1.2.conv1.weight,0.8645707264629149,0.004946709422135466,0.0035232319231269993,0.0,0.033081250966845874,0.1467983353804007,0.8165971817296266,0.0
1887bcd2,e1762771,layer1.2.conv2.weight,0.8168138191971196,0.0036417032501411322,0.0,0.003505806895134462,0.0740771005915907,0.02337835777751676,0.877574215585555,0.02146451915020303
1887bcd2,e1762771,layer2.0.conv1.weight,0.7485934427499646,0.0035901225893346985,0.0,0.01193120822870852,0.15474842724725568,0.35556451232359726,0.3839372919392321,0.09381856026120641
1887bcd2,e1762771,layer2.0.conv2.weight,0.7338371683348694,0.006641614723111618,0.0012327775021257845,0.005121439339856784,0.02592928167870383,0.24283654400341498,0.67904002433531,0.045839933140588804
1887bcd2,e1762771,layer2.0.shortcut.0.weight,0.7334400494933638,0.0033149151858841296,0.0,0.01587885175395133,0.04480862949870707,0.39395104495606,0.5217281961479406,0.02363327764334109
1887bcd2,e1762771,layer2.1.conv1.weight,0.7069362846425334,0.005634087973871725,0.0,0.0032953290334956494,0.03964795859463626,0.2902072383666438,0.6095800486953925,0.057269425309831805
1887bcd2,e1762771,layer2.1.conv2.weight,0.7059716095630483,0.00749723253739596,0.0033943359100921497,0.019242647030351206,0.03792621031598665,0.3951446883298212,0.3934721657127357,0.15081995270101306
1887bcd2,e1762771,layer2.2.conv1.weight,0.7226811450803109,0.006026540472817093,0.00676980227768844,0.01844301376542985,0.06310716979151354,0.3577106406089328,0.5099642456113651,0.0440051279450702
1887bcd2,e1762771,layer2.2.conv2.weight,0.7188233002353358,0.00863185123492079,0.00655865469237003,0.019666121441805684,0.3013624331467118,0.38547811693758655,0.2489781030478307,0.037956570733695114
1887bcd2,e1762771,layer3.0.conv1.weight,0.7269419131816595,0.013141326864296681,0.006970058947595227,0.0,0.1080388850502035,0.45584869748740964,0.39750029406195225,0.03164206445283925
1887bcd2,e1762771,layer3.0.conv2.weight,0.7153917947177519,0.04341586379932312,0.0,0.015920479802282176,0.06319900369858379,0.3542642924212546,0.5443651312276587,0.022251092850220776
1887bcd2,e1762771,layer3.0.shortcut.0.weight,0.7261420816543332,0.02889933780898009,0.0,0.01602507069162245,0.02462311676947377,0.11635179668684442,0.831364876508914,0.011635139343145275
1887bcd2,e1762771,layer3.1.conv1.weight,0.7242711328065092,0.03135598297572707,0.0,0.018360926480261153,0.07036716159070726,0.3095704602410021,0.6001992759925466,0.0015021756954828863
1887bcd2,e1762771,layer3.1.conv2.weight,0.6851149969808795,0.056915833713237725,0.03470119949873786,0.0,0.04956465636026069,0.34657849884110914,0.5497221110213707,0.01943353427852158
1887bcd2,e1762771,layer3.2.conv1.weight,0.7094170504101017,0.03336301086273783,0.0,0.06011144390957864,0.14160244945983488,0.1306550015207597,0.5910557889094094,0.0765753162004175
1887bcd2,e1762771,layer3.2.conv2.weight,0.7030408099027728,0.0656743319000581,0.0,0.0,0.0,0.2982758256968978,0.6758317058617198,0.025892468441382308
366f9057,5ffed8da,conv1.weight,0.7318115498671475,0.0018528025421263264,0.0,0.0,0.0,0.0,0.965973519472616,0.03402648052738389
366f9057,5ffed8da,layer1.0.conv1.weight,0.7978310215700649,0.005727337063085435,0.028186437149638623,0.027388244522775357,0.09466541385225008,0.17257395383878418,0.6621398233905569,0.015046127245994884
366f9057,5ffed8da,layer1.0.conv2.weight,0.7843004129486717,0.005479264710567924,0.01352222951932063,0.025284388197905735,0.10989866459263531,0.1414120150052459,0.7092077092285003,0.0006749934563921508
366f9057,5ffed8da,layer1.1.conv1.weight,0.7552159445983232,0.004123978116435982,0.0,0.01361959728842829,0.09254345206599521,0.27872001433509547,0.5963559186803256,0.01876101763015544
366f9057,5ffed8da,layer1.1.conv2.weight,0.7595381676081293,0.0042982311235432915,0.05126757396836826,0.06101018206185456,0.07410708146869462,0.12371818751619017,0.6815950688814365,0.008301906103456097
366f9057,5ffed8da,layer1.2.conv1.weight,0.7573758265820021,0.004343125247787494,0.09342378796528997,0.07132898915839489,0.07124329950522759,0.5177920450247134,0.2462118783463742,0.0
366f9057,5ffed8da,layer1.2.conv2.weight,0.759117047504312,0.003411974740229096,0.009082872338214866,0.03175023000172564,0.15758491355824122,0.09681056637487716,0.6867981349116666,0.017973282815274376
366f9057,5ffed8da,layer2.0.conv1.weight,0.7090745533110823,0.003882734709349028,0.0,0.023331099595509466,0.16887442713707196,0.5571579310143306,0.24244846267303266,0.008188079580055118
366f9057,5ffed8da,layer2.0.conv2.weight,0.7147050570958026,0.007960378510858136,0.004931263655373119,0.010413449586636666,0.22535753064032019,0.4590333457985357,0.29589418861700123,0.004370221702133124
366f9057,5ffed8da,layer2.0.shortcut.0.weight,0.7097229694440493,0.0037299833709100822,0.0,0.011894222177765269,0.18104754514169102,0.4591492446922814,0.335154158828702,0.012754829159560284
366f9057,5ffed8da,layer2.1.conv1.weight,0.7016629270865015,0.007576132412004297,0.0,0.021027037650471772,0.045993299246194205,0.35722845638025236,0.5128124909926951,0.06293871573038644
366f9057,5ffed8da,layer2.1.conv2.weight,0.6934596905694521,0.009010916961664221,0.01642649410387527,0.0036633159740696577,0.2932551096863458,0.5031890001614954,0.13603124818114037,0.04743483189307364
366f9057,5ffed8da,layer2.2.conv1.weight,0.6777563775867645,0.006803468772961434,0.01681137937449035,0.013729659112007332,0.21749170739929316,0.3767337498893503,0.2884633068706123,0.08677019735424668
366f9057,5ffed8da,layer2.2.conv2.weight,0.6987381341659509,0.011292008438587903,0.033874519413999965,0.01360665530538771,0.4913531376673298,0.21329881954376015,0.2118204109257379,0.03604645714378432
366f9057,5ffed8da,layer3.0.conv1.weight,0.6842460886004704,0.017395068097415218,0.022470118285047355,0.0,0.1872472305463753,0.2024567274279416,0.506016632072515,0.08180929166812066
366f9057,5ffed8da,layer3.0.conv2.weight,0.6894664790857469,0.055923232228470086,0.008411087152621096,0.02242167617671317,0.12158249034628633,0.1879085148113907,0.5122079750731203,0.14746825643986844
366f9057,5ffed8da,layer3.0.shortcut.0.weight,0.696845279214374,0.033147358585101,0.009366894054818442,0.007850281564502355,0.2375892698408013,0.20753179797931842,0.4360888065252981,0.10157295003526136
366f9057,5ffed8da,layer3.1.conv1.weight,0.7019716502708738,0.04627456357838959,0.01014360905610826,0.0,0.13946899434586377,0.1465582127591343,0.6024089799386907,0.10142020390020313
366f9057,5ffed8da,layer3.1.conv2.weight,0.7124431624170371,0.08878729148848145,0.0,0.0,0.3056947052542738,0.6775518753945058,0.0,0.016753419351220433
366f9057,5ffed8da,layer3.2.conv1.weight,0.7151853541523118,0.0611820040605351,0.0,0.0,0.15645143579139648,0.8381863922432686,0.0,0.0053621719653350625
366f9057,5ffed8da,layer3.2.conv2.weight,0.7258630873033731,0.12493461439590936,0.0,0.08269797495065317,0.18341511980536807,0.7338869052439789,0.0,0.0
366f9057,88ed44d1,conv1.weight,0.805561583927359,0.002156491880303764,0.13883555664135502,0.0,0.0,0.0,0.8422481902495543,0.01891625310909075
366f9057,88ed44d1,layer1.0.conv1.weight,0.8446543597686833,0.007630434143424793,0.0,0.03877705861154886,0.11589531731596563,0.05529671962073099,0.7900309044517546,0.0
366f9057,88ed44d1,layer1.0.conv2.weight,0.8445910269816834,0.006155591631753934,0.0036318909202275977,0.011537908867207505,0.021180792791942668,0.09230072263728314,0.8704165677220843,0.0009321170612547138
366f9057,88ed44d1,layer1.1.conv1.weight,0.8305579477130063,0.004615574529997444,0.0,0.007093959986690421,0.025557492018675413,0.09534618134687678,0.8551078720649931,0.01689449458276435
366f9057,88ed44d1,layer1.1.conv2.weight,0.8295628563959412,0.004537057741314859,0.0020182491887525155,0.04719248824758814,0.053526138450713995,0.0660004311039211,0.8308478947259881,0.00041479828303616636
366f9057,88ed44d1,layer1.2.conv1.weight,0.8370862281237045,0.004544485484385748,0.007525082004879269,0.03476076966911739,0.08075181292437875,0.026515584489206986,0.8504467509124176,0.0
366f9057,88ed44d1,layer1.2.conv2.weight,0.8050374476364612,0.0032002269693262335,0.01213804391284899,0.040121081003767343,0.07015445547778215,0.09712628436992281,0.7629974607525378,0.017462674483140952
366f9057,88ed44d1,layer2.0.conv1.weight,0.8075103628518493,0.0034039568010362873,0.005832377077353241,0.023332478315815634,0.06792506735362917,0.16357511469354996,0.7351429449436214,0.004192017616030403
366f9057,88ed44d1,layer2.0.conv2.weight,0.7785630997087437,0.006642852754265389,0.01367711698769833,0.02398523522644705,0.08749467521149175,0.3345222920105476,0.5295165911239601,0.010804089439855124
366f9057,88ed44d1,layer2.0.shortcut.0.weight,0.74764077082929,0.0029412667767626717,0.013635380985722251,0.016210784441776663,0.1288732474442715,0.335440618233004,0.48177043158561406,0.024069537309611425
366f9057,88ed44d1,layer2.1.conv1.weight,0.7524604411929569,0.0054474538226027885,0.011190386176124755,0.022260160735863413,0.09708106557922815,0.1905486411783118,0.6427152906509705,0.03620445567950155
366f9057,88ed44d1,layer2.1.conv2.weight,0.7380089269364855,0.005953985496999343,0.003359727663345638,0.01586846584869082,0.08343323752529497,0.24031433727618084,0.6175054092631923,0.039518822423295505
366f9057,88ed44d1,layer2.2.conv1.weight,0.745566707166354,0.004660143439140746,0.0006059722298794735,0.00747823954516792,0.018875151371216443,0.31656755871955355,0.5992639730850485,0.0572091050491342
366f9057,88ed44d1,layer2.2.conv2.weight,0.7267775015554662,0.00696945736087126,0.0,0.012072636568003082,0.05565171749086717,0.5609759208208143,0.3415737568678061,0.02972596825250923
366f9057,88ed44d1,layer3.0.conv1.weight,0.7150897144569639,0.010969363712226654,0.0,0.020469717146998485,0.07707313142212127,0.32119085102361533,0.4997467328298539,0.08151956757741095
366f9057,88ed44d1,layer3.0.conv2.weight,0.7150073521244649,0.03602140739668393,0.0,0.009999791520423941,0.11134286958947634,0.7476018804094234,0.1287554242010781,0.0023000342795981323
366f9057,88ed44d1,layer3.0.shortcut.0.weight,0.7291779824471486,0.02042766680319742,0.0,0.014699256154881895,0.0,0.5927181411588174,0.3755983129282965,0.016984289758004176
366f9057,88ed44d1,layer3.1.conv1.weight,0.7489842502186436,0.027716477156752732,0.0,0.008148769310236927,0.05212324791030433,0.23738935751077184,0.6832610398178005,0.019077585450886274
366f9057,88ed44d1,layer3.1.conv2.weight,0.7196424823185531,0.054536816297557404,0.0,0.0,0.2813151388868044,0.24792207493648932,0.43729287926791954,0.03346990690878682
366f9057,88ed44d1,layer3.2.conv1.weight,0.7263154139066985,0.035144156924420834,0.0,0.025782885160236725,0.030436050302896193,0.24389122238085856,0.6647364370268201,0.03515340512918845
366f9057,88ed44d1,layer3.2.conv2.weight,0.7283202091336347,0.07047563629013393,0.0,0.1486695328265614,0.17237638402633856,0.0,0.6522563468390639,0.02669773630803619
366f9057,905afff7,conv1.weight,0.8824758338925509,0.002670841136210654,0.0,0.0,0.0,0.0,0.9994167553889237,0.0005832446110763202
366f9057,905afff7,layer1.0.conv1.weight,0.863039418949858,0.007408902516227023,0.012607063105544441,0.01876989244822745,0.056198958176990964,0.07629900511367985,0.8361250811555573,0.0
366f9057,905afff7,layer1.0.conv2.weight,0.847500964270817,0.0062203785293885195,0.0,0.03989773327544813,0.026263196357813875,0.0273075877783273,0.9055575216624253,0.0009739609259855168
366f9057,905afff7,layer1.1.conv1.weight,0.8541639521870967,0.004732792554091881,0.00439672618002115,0.02398051646292522,0.027376631451131398,0.0864908527242775,0.8554698688994025,0.0022854042822420925
366f9057,905afff7,layer1.1.conv2.weight,0.8489581862252681,0.004821764714038662,0.007141560859265732,0.045741854427769645,0.05967464023792405,0.03803772491431749,0.8494042195607231,0.0
366f9057,905afff7,layer1.2.conv1.weight,0.8438377274394381,0.004778263313117168,0.0,0.01815873860261085,0.10227513956315312,0.03863050208879651,0.8409356197454397,0.0
366f9057,905afff7,layer1.2.conv2.weight,0.8140921885247935,0.0032221109753064617,0.002039389637988851,0.05833440503900053,0.049167876653840065,0.14654456095384272,0.7433275665983102,0.0005862011170179122
366f9057,905afff7,layer2.0.conv1.weight,0.7874573324142813,0.003238083762895595,0.004097735448710773,0.016561679581662,0.05474863246677297,0.235618572084702,0.6802696817319374,0.008703698686214949
366f9057,905afff7,layer2.0.conv2.weight,0.7728647327932326,0.0063020375005034,0.003930478967489862,0.023859244131550644,0.053999288245928506,0.17703730298057746,0.7260781996968456,0.015095485977607846
366f9057,905afff7,layer2.0.shortcut.0.weight,0.7419044688048378,0.002770563159398014,0.006987014935757329,0.0199049860401929,0.11023436458132478,0.5239415964745913,0.31948598561593416,0.019446052352199362
366f9057,905afff7,layer2.1.conv1.weight,0.7491411970952704,0.005156472322204229,0.004758520775072062,0.022143456574805105,0.0985260180255355,0.4735579272304896,0.3624860251618233,0.03852805223227441
366f9057,905afff7,layer2.1.conv2.weight,0.7405752216460716,0.005453976265123093,0.0023500537780806745,0.023805971231343887,0.1305491891330339,0.4363524893535136,0.38164382375677747,0.02529847274725046
366f9057,905afff7,layer2.2.conv1.weight,0.7370813617493922,0.004227250305798338,0.0017924852931952184,0.014962273284534085,0.04222160206321734,0.39741971907496404,0.4716981368923116,0.07190578339177768
366f9057,905afff7,layer2.2.conv2.weight,0.7212571910644552,0.006518077859028498,0.0015710161868317865,0.004742076133823791,0.0745974651742108,0.5683608267350355,0.34269946189179323,0.008029153878304938
366f9057,905afff7,layer3.0.conv1.weight,0.6843518684513806,0.009874665949885154,0.0,0.011180961331137539,0.0,0.39152401710297524,0.5119083259000007,0.08538669566588639
366f9057,905afff7,layer3.0.conv2.weight,0.6832241919512424,0.03365934862526707,0.01981974554620777,0.059832489620169856,0.028458205214529426,0.5215776365720509,0.3567397039366937,0.013572219110348515
366f9057,905afff7,layer3.0.shortcut.0.weight,0.7070890931778294,0.020445039398041896,0.019841966009781987,0.03620109770604274,0.23939493075905063,0.3290881755102533,0.37070165658927523,0.004772173425596283
366f9057,905afff7,layer3.1.conv1.weight,0.6944303485726331,0.026902020361648408,0.0,0.11099508930472264,0.2449407380567827,0.18078917300076863,0.4146313501286183,0.048643649509107816
366f9057,905afff7,layer3.1.conv2.weight,0.6787418790800099,0.05273353145180968,0.0,0.09400516591744507,0.13493005385702753,0.1401247975237267,0.5744695050422104,0.05647047765959027
366f9057,905afff7,layer3.2.conv1.weight,0.7089838711077816,0.03354035110267012,0.0,0.024214244309164322,0.0,0.35040280679754393,0.6095602125215911,0.015822736371700633
366f9057,905afff7,layer3.2.conv2.weight,0.7129457373289866,0.06485537860470963,0.20505241146662315,0.0,0.11396029384115458,0.0,0.6714649568683323,0.009522337823889847
366f9057,be2e50e9,conv1.weight,0.734385333685146,0.0014938803034728336,0.0,0.0,0.0,0.0,0.8283679775116743,0.1716320224883256
366f9057,be2e50e9,layer1.0.conv1.weight,0.750086729392923,0.00471483594080215,0.04019862415211608,0.05192108924445108,0.13263413571048008,0.4545455451974399,0.26824989565035373,0.052450710045159124
366f9057,be2e50e9,layer1.0.conv2.weight,0.7535488402259443,0.004363955479540148,0.023577167409816576,0.0406767380824176,0.06788922552090004,0.44262621374080063,0.30390977495594984,0.12132088029011535
366f9057,be2e50e9,layer1.1.conv1.weight,0.751925982568483,0.0032616934840147154,0.020083783461181885,0.028433888397922647,0.11805913610054276,0.4003979404241469,0.3508279525719375,0.08219729904426827
366f9057,be2e50e9,layer1.1.conv2.weight,0.7707347734213075,0.003425718797728609,0.04179177640880777,0.02319796122821199,0.045946406699674244,0.2893162280122893,0.5245026434712942,0.07524498417972247
366f9057,be2e50e9,layer1.2.conv1.weight,0.788103320410123,0.0034698317726327334,0.03948676850375043,0.013142291757211624,0.052011930657027486,0.09058147246475387,0.48039794698268135,0.3243795896345751
366f9057,be2e50e9,layer1.2.conv2.weight,0.7732467377970209,0.002624920602814806,0.04435450126644428,0.02945921376651616,0.06832585560088467,0.3854086085628016,0.452479489558233,0.01997233124512022
366f9057,be2e50e9,layer2.0.conv1.weight,0.7547076943404344,0.0028702687260676674,0.012629342816426819,0.010583619821026043,0.10525089506675024,0.2463004961642249,0.5668489687983312,0.058386677333240614
366f9057,be2e50e9,layer2.0.conv2.weight,0.7587447582256027,0.0057382678383877915,0.020427643949218113,0.01656836510488559,0.12335108423453228,0.12377918114570019,0.6541196321536769,0.061754093411987114
366f9057,be2e50e9,layer2.0.shortcut.0.weight,0.7610513924404362,0.0025753488231381847,0.018513647808218556,0.011892065163544255,0.09889352484002126,0.3039606278110846,0.4692969075666082,0.0974432268105229
366f9057,be2e50e9,layer2.1.conv1.weight,0.77099098729864,0.005017501026030204,0.008993690154361213,0.014838151885208277,0.10398950995920499,0.14907492686271298,0.6352456482371711,0.0878580729013414
366f9057,be2e50e9,layer2.1.conv2.weight,0.7588611324453537,0.005149694980613397,0.006774746092751979,0.012659207720599901,0.1164606393825872,0.27789788279514926,0.5275655124833772,0.0586420115255345
366f9057,be2e50e9,layer2.2.conv1.weight,0.7349310780653703,0.004059663291893156,0.0031117345059048307,0.012881733984682252,0.12575049382833794,0.3711916517146509,0.40118699142817354,0.0858773945382504
366f9057,be2e50e9,layer2.2.conv2.weight,0.7480377036013209,0.006042495261388513,0.009307216536571773,0.013114031072403887,0.096661594132764,0.24866583538948328,0.5364835309966782,0.09576779187209852
366f9057,be2e50e9,layer3.0.conv1.weight,0.7254251951924527,0.009550289516404027,0.0,0.034088020042864264,0.06729228866047594,0.5438858960831621,0.34243039454791274,0.012303400665584918
366f9057,be2e50e9,layer3.0.conv2.weight,0.7340415336142985,0.032361716205423885,0.005672427835462701,0.008747454638802029,0.062327883218854005,0.40962368406151417,0.4594744129462312,0.05415413729913607
366f9057,be2e50e9,layer3.0.shortcut.0.weight,0.7358608322843371,0.018328124143780898,0.010484384084343495,0.0028637837697347924,0.09746292415602809,0.5157139855401003,0.36750101178700967,0.005973910662783521
366f9057,be2e50e9,layer3.1.conv1.weight,0.7569828258076574,0.02428207799922897,0.005420116820134642,0.026040316609786337,0.058907709354068395,0.3155303494930196,0.5713495320752451,0.022751975647745924
366f9057,be2e50e9,layer3.1.conv2.weight,0.7368019130742871,0.044996961763964186,0.0,0.012375805663451808,0.25910622606979616,0.37044617615396025,0.3514806732172553,0.006591118895536451
366f9057,be2e50e9,layer3.2.conv1.weight,0.743564902393735,0.03154495885789593,0.0,0.0,0.02593159477290957,0.18056183400314726,0.7874455264200889,0.006061044803854219
366f9057,be2e50e9,layer3.2.conv2.weight,0.7226445006006538,0.05654663559633027,0.0,0.0,0.0,0.10888425876962905,0.8381592234130179,0.05295651781735305
366f9057,cb3a86af,conv1.weight,0.8483530451834309,0.0025994757567879582,0.0,0.0,0.0,0.0,0.9999625523862071,3.7447613792811684e-05
366f9057,cb3a86af,layer1.0.conv1.weight,0.7474089361911824,0.0068222154954388076,0.015061662889768762,0.1497157873700574,0.14081086395721468,0.18627174901449695,0.5080059905907096,0.00013394617775244622
366f9057,cb3a86af,layer1.0.conv2.weight,0.7581349293665782,0.005916579455884736,0.0,0.05985485344032841,0.07196744439535574,0.19006634531597352,0.6074735750803735,0.07063778176796895
366f9057,cb3a86af,layer1.1.conv1.weight,0.6693696299790648,0.004476377009954346,0.0,0.11115230637801168,0.04806428257911582,0.34186310793297886,0.37252150113072297,0.1263988019791707
366f9057,cb3a86af,layer1.1.conv2.weight,0.7369567825676029,0.004457482607120248,0.006617992479870015,0.11906512180431132,0.10384482875871962,0.5252339077524821,0.2434770338886902,0.001761115315926742
366f9057,cb3a86af,layer1.2.conv1.weight,0.7422055429155789,0.00428603050672886,0.035949924736178605,0.08439138953367709,0.13913300821460348,0.7405256775155409,0.0,0.0
366f9057,cb3a86af,layer1.2.conv2.weight,0.7379841019278506,0.003189739150453757,0.006571356015053402,0.049554278719773075,0.11839646694067074,0.5254926243376842,0.28590781706295754,0.014077456923861005
366f9057,cb3a86af,layer2.0.conv1.weight,0.7214281697681206,0.0034114721989174975,0.006435307844803449,0.018468975540206285,0.09263496398978906,0.37124525619468907,0.40661840333208515,0.10459709309842706
366f9057,cb3a86af,layer2.0.conv2.weight,0.7595119375109782,0.006727290049556795,0.0058449309150482775,0.016726047118829527,0.09572824429847539,0.1322823407970883,0.5807308514969697,0.1686875853735889
366f9057,cb3a86af,layer2.0.shortcut.0.weight,0.7436312663316031,0.003095343406227727,0.005030199421403432,0.0139009863692665,0.10668489139660027,0.37917485934928546,0.45630815549563597,0.03890090796780861
366f9057,cb3a86af,layer2.1.conv1.weight,0.7364457689847711,0.005789349673736434,0.003361976224177816,0.01112872512325199,0.09871249162205654,0.2046704999197769,0.5788795438733468,0.10324676323738978
366f9057,cb3a86af,layer2.1.conv2.weight,0.7368103038190301,0.00603496051368318,0.0028122985849637974,0.012627165627877196,0.040211361545193315,0.24096215041550223,0.6372952616347649,0.06609176219169847
366f9057,cb3a86af,layer2.2.conv1.weight,0.744903181510057,0.004782096609102284,0.002913407126045135,0.0097187981486999,0.07162139579369084,0.37945092888544446,0.5202211777869468,0.016074292259172875
366f9057,cb3a86af,layer2.2.conv2.weight,0.74725825410771,0.007244238971499882,0.0,0.01334044423809005,0.03709580753705981,0.2353374861209404,0.6989160267747175,0.015310235329192257
366f9057,cb3a86af,layer3.0.conv1.weight,0.74101811208796,0.010919756957205588,0.0,0.014230720967312755,0.06226952361869362,0.34825961660758187,0.5654761003882267,0.00976403841818522
366f9057,cb3a86af,layer3.0.conv2.weight,0.7148945148668212,0.03805748403049673,0.0,0.008974315933621281,0.033723213674390684,0.36588540829988286,0.5621288677864624,0.029288194305642674
366f9057,cb3a86af,layer3.0.shortcut.0.weight,0.7232194676402426,0.022549271534102234,0.0,0.02433332593881529,0.05407913461325397,0.2896183275768001,0.5922390034930665,0.03973020837806396
366f9057,cb3a86af,layer3.1.conv1.weight,0.7528899870074364,0.03153155098605564,0.0,0.015166739450687592,0.08736044859119223,0.18286215610458784,0.7070597293914779,0.007550926462054589
366f9057,cb3a86af,layer3.1.conv2.weight,0.7245672109667809,0.05889681829723478,0.0,0.0,0.02575053627958723,0.0,0.9690749861217113,0.0051744775987014775
366f9057,cb3a86af,layer3.2.conv1.weight,0.7502562408724747,0.043692637003531695,0.0,0.0,0.21495092411246758,0.0,0.773943462745577,0.011105613141955357
366f9057,cb3a86af,layer3.2.conv2.weight,0.7324917825835123,0.07925249879505647,0.15522776558641913,0.0,0.1046363602405074,0.0,0.7162675471207469,0.02386832705232657
366f9057,d8bd0bc0,conv1.weight,0.8912648952941591,0.002736896800398201,0.0,0.0,0.0,0.0,1.0,0.0
366f9057,d8bd0bc0,layer1.0.conv1.weight,0.8434932248967951,0.009079990453477817,0.007322425540073636,0.014921341902080266,0.03288697979602626,0.05355982481928653,0.8782442417427713,0.013065186199762057
366f9057,d8bd0bc0,layer1.0.conv2.weight,0.8425056481805774,0.0075668230799869176,0.010661699009809749,0.009392283960527294,0.03266458122915212,0.0959319638646053,0.8513415063056036,7.965630301792526e-06
366f9057,d8bd0bc0,layer1.1.conv1.weight,0.8118244842805865,0.004952777995507159,0.0,0.06474722067078849,0.06223522205388469,0.1506094299357291,0.7222001311442142,0.0002079961953836929
366f9057,d8bd0bc0,layer1.1.conv2.weight,0.8494107391132255,0.005245957556175251,0.002809004187825203,0.011510155366796563,0.09120139928795638,0.09797504667268354,0.7965043944847383,0.0
366f9057,d8bd0bc0,layer1.2.conv1.weight,0.8357729899562222,0.004686855744986016,0.026927859212700387,0.05027888405951647,0.06683748490225958,0.011338968880656006,0.8446168029448679,0.0
366f9057,d8bd0bc0,layer1.2.conv2.weight,0.8271430713189399,0.003405646894117032,0.011456100469726838,0.054596791818340575,0.08330368513782498,0.049048654403402885,0.8015947681707047,0.0
366f9057,d8bd0bc0,layer2.0.conv1.weight,0.7923916594549603,0.003628054604521195,0.0043226089969946105,0.0191592375196563,0.07194229791494966,0.17713338416559388,0.7169157479156197,0.010526723487186
366f9057,d8bd0bc0,layer2.0.conv2.weight,0.7455899894982388,0.006997111361476565,0.0053809191884341264,0.02425215662634998,0.1265581583814038,0.1695439979393519,0.5705032813490873,0.10376148651537269
366f9057,d8bd0bc0,layer2.0.shortcut.0.weight,0.7239842921339852,0.0030670619746785985,0.008707695726095362,0.026818659318133865,0.16815453954884121,0.33280937491088686,0.3418752793030636,0.12163445119297914
366f9057,d8bd0bc0,layer2.1.conv1.weight,0.7377244361535948,0.005763912736985019,0.003272214163515886,0.021651139783350638,0.10894391577153184,0.2667070543672607,0.5793509202459591,0.02007475566838174
366f9057,d8bd0bc0,layer2.1.conv2.weight,0.7144238749051656,0.006469566187955643,0.0,0.01300963882167312,0.06059168087744034,0.4877921370829764,0.4223129205762326,0.016293622641677552
366f9057,d8bd0bc0,layer2.2.conv1.weight,0.6924995632866794,0.004954158266291025,0.0,0.014009180370691869,0.08196623820204829,0.41971289688360547,0.3994154871929062,0.08489619735074824
366f9057,d8bd0bc0,layer2.2.conv2.weight,0.6782704980982375,0.007387723571914714,0.009247557219897274,0.01161809877396585,0.05151502729444739,0.43893959126766935,0.4168815079153159,0.07179821752870429
366f9057,d8bd0bc0,layer3.0.conv1.weight,0.6827744431323737,0.012429510606634185,0.013021078943091218,0.032186867287265636,0.09323184998074845,0.5939435200729457,0.2580436387315154,0.009573044984433716
366f9057,d8bd0bc0,layer3.0.conv2.weight,0.7007407807170806,0.040757201145848895,0.0,0.04391109719031567,0.01126294161842342,0.6358886345127371,0.29706062891995505,0.011876697758568765
366f9057,d8bd0bc0,layer3.0.shortcut.0.weight,0.6910389821869573,0.024131815509113017,0.009883604642202956,0.06148040732734059,0.06839001389725656,0.1678049378835958,0.656342600973117,0.036098435276487005
366f9057,d8bd0bc0,layer3.1.conv1.weight,0.7082044296658623,0.0276183108071685,0.0,0.033902297747755245,0.011488646354262107,0.7196780935067659,0.21840293222503315,0.016528030166183712
366f9057,d8bd0bc0,layer3.1.conv2.weight,0.7102755346900443,0.056974722358599995,0.08281273668250498,0.13400011865582387,0.10825881611378738,0.0,0.6569547955866094,0.01797353296127434
366f9057,d8bd0bc0,layer3.2.conv1.weight,0.7293645569128869,0.034221976864892686,0.0,0.06073204473970643,0.052812974578225126,0.10303275151970731,0.7783290973116116,0.005093131850749601
366f9057,d8bd0bc0,layer3.2.conv2.weight,0.7264711067032207,0.06445326460362565,0.04242901932478649,0.0,0.23352114459529505,0.0,0.7235592395837446,0.0004905964961738856
366f9057,e1762771,conv1.weight,0.5655571979845654,0.002728098151382462,0.0,0.0,0.0,0.0,0.994355040467187,0.005644959532812897
366f9057,e1762771,layer1.0.conv1.weight,0.7186003366089191,0.008158620818647622,0.0,0.019805870974594915,0.31947760026170835,0.10483905377839486,0.5533391468477925,0.002538328137509399
366f9057,e1762771,layer1.0.conv2.weight,0.7026905695783526,0.006876801508224348,0.0,0.027783339587433165,0.3269685668832032,0.2586369709513459,0.382865755595238,0.003745366982779584
366f9057,e1762771,layer1.1.conv1.weight,0.6894408022858978,0.0051138408486248975,0.0,0.16293679241462786,0.0816703200987388,0.42009017474494215,0.29388361760000453,0.04141909514168669
366f9057,e1762771,layer1.1.conv2.weight,0.7143666413809776,0.0052564635259974716,0.0,0.006436017856281639,0.06242601458702224,0.5235873308878001,0.3828818567915043,0.0246687798773917
366f9057,e1762771,layer1.2.conv1.weight,0.6989081725519074,0.004954121912153199,0.010738941347124033,0.06033161216474192,0.14330203310198206,0.785627413386152,0.0,0.0
366f9057,e1762771,layer1.2.conv2.weight,0.6981414582777193,0.003737118900154624,0.004263657393469129,0.08807214646257086,0.1112180130778148,0.5206506335339173,0.247518328141636,0.028277221390591707
366f9057,e1762771,layer2.0.conv1.weight,0.6963306860100447,0.0037948489908786395,0.0036867193263182326,0.017120891910370212,0.11980630616708887,0.4471673872697032,0.39553938709242287,0.016679308234096867
366f9057,e1762771,layer2.0.conv2.weight,0.7224657447484313,0.007494377881067446,0.007661015661978009,0.02847476314240076,0.1911360307937062,0.26575122902593107,0.4098273869598202,0.09714957441616384
366f9057,e1762771,layer2.0.shortcut.0.weight,0.713273296734706,0.003564305587308205,0.0,0.030859692475758344,0.14454013873537774,0.29085673595936684,0.5011633024732701,0.03258013035622694
366f9057,e1762771,layer2.1.conv1.weight,0.7052952484922441,0.0063065355687867055,0.003195868956248914,0.013796059800586322,0.08324158434794215,0.2765503247432656,0.5205685893071347,0.10264757284482241
366f9057,e1762771,layer2.1.conv2.weight,0.7371770255752,0.007564877049405647,0.0021292567079844943,0.010427331590117737,0.08461036574244646,0.2348947554660223,0.631040740981361,0.03689754951206823
366f9057,e1762771,layer2.2.conv1.weight,0.7280074516523003,0.005508297091587155,0.0015822656519091285,0.014702993752620677,0.05242646243868628,0.32469792772100603,0.5392726460530607,0.06731770438271725
366f9057,e1762771,layer2.2.conv2.weight,0.7477843900129671,0.008767997640912958,0.0,0.010106088111277571,0.09934211044596206,0.34779525764136443,0.51500324439299,0.02775329940840603
366f9057,e1762771,layer3.0.conv1.weight,0.7284098302212875,0.013736068835984912,0.0,0.003344460956812317,0.20299711060280892,0.33914134994599826,0.4352922953044707,0.019224783189909705
366f9057,e1762771,layer3.0.conv2.weight,0.7332506412967398,0.044752533687506924,0.011436961128148517,0.0044030936020597895,0.04887693614734833,0.2796790527793895,0.6254693218164326,0.030134634526621372
366f9057,e1762771,layer3.0.shortcut.0.weight,0.7332124236946985,0.027494269448623616,0.0,0.02251536162204489,0.09164664846245725,0.3100817079496583,0.5721516773005749,0.0036046046652646853
366f9057,e1762771,layer3.1.conv1.weight,0.736181331271317,0.033644792039631805,0.0,0.010048716566764095,0.07810963069857275,0.16271879039685452,0.7359635678183667,0.013159294519441948
366f9057,e1762771,layer3.1.conv2.weight,0.7369182307520549,0.061707366066263855,0.0,0.011731789290521264,0.24518288964343546,0.06496168247616374,0.6739882719416521,0.004135366648227476
366f9057,e1762771,layer3.2.conv1.weight,0.7374553697728368,0.03839887845977957,0.0,0.0,0.0,0.042426455359343855,0.9496191786036395,0.007954366037016589
366f9057,e1762771,layer3.2.conv2.weight,0.7093739721934964,0.06996052362845068,0.0,0.0,0.0,0.041069369538100635,0.9573960312009743,0.001534599260925016
5ffed8da,88ed44d1,conv1.weight,0.7564072077021806,0.0015924427509851442,0.3141790522673913,0.0,0.0,0.0,0.6847838471040326,0.001037100628576141
5ffed8da,88ed44d1,layer1.0.conv1.weight,0.8379029028895663,0.005839535225514104,0.021878692944740572,0.014419482562264703,0.10224017078009615,0.014898048418694751,0.8453542453181168,0.00120935997608699
5ffed8da,88ed44d1,layer1.0.conv2.weight,0.8389456847044342,0.004556102598476134,0.024445691726410597,0.0462490325643199,0.06301367415351379,0.06583634512989123,0.7999449377107295,0.0005103187151347713
5ffed8da,88ed44d1,layer1.1.conv1.weight,0.8361887735740569,0.003506219161357558,0.010973600510056537,0.04495446093325875,0.061131720113335675,0.05579781513331206,0.8230927951846342,0.004049608125402846
5ffed8da,88ed44d1,layer1.1.conv2.weight,0.8077057031307379,0.0030535843558594997,0.0,0.016523603140340494,0.09266509069973713,0.1157031903177407,0.7614681555333355,0.013639960308846294
5ffed8da,88ed44d1,layer1.2.conv1.weight,0.8055950143400421,0.0028137561266601985,0.0036884310387627905,0.03130232121814755,0.09815248707785668,0.21121521336388993,0.6532327146911107,0.00240883261023236
5ffed8da,88ed44d1,layer1.2.conv2.weight,0.7958026323478201,0.002207417179901003,0.0,0.009623167965150866,0.024714185547712198,0.22479981076899577,0.720390862077338,0.020471973640803155
5ffed8da,88ed44d1,layer2.0.conv1.weight,0.7528249089403819,0.002791092231050705,0.0,0.019442282470325218,0.027916073392879624,0.3072501168378459,0.602758064542014,0.04263346275693508
5ffed8da,88ed44d1,layer2.0.conv2.weight,0.7493895076254221,0.005619162878101013,0.0020102371012378764,0.019777877852404153,0.10286615421770458,0.41538023639281624,0.43085561085492136,0.02910988358091588
5ffed8da,88ed44d1,layer2.0.shortcut.0.weight,0.7423799526205774,0.0027394512753476184,0.006081819409358112,0.014183056051318966,0.06701369866878103,0.32935482046105397,0.5182814271531485,0.06508517825633939
5ffed8da,88ed44d1,layer2.1.conv1.weight,0.7471103467654853,0.005623927442836913,0.011012890906028328,0.01797366260407328,0.08236000262575417,0.30865695595470594,0.504722849965492,0.07527363794394623
5ffed8da,88ed44d1,layer2.1.conv2.weight,0.7508022040327934,0.007460595351390803,0.026460695489746063,0.02746340358410856,0.13449112721768636,0.34377928621959053,0.41625466678718887,0.05155082070167954
5ffed8da,88ed44d1,layer2.2.conv1.weight,0.7622657192999013,0.005832837750122222,0.00418123564083974,0.014926330092507887,0.10860337113073867,0.20676476515548192,0.5792689544514066,0.08625534352902511
5ffed8da,88ed44d1,layer2.2.conv2.weight,0.7470767370774302,0.009716091497119633,0.011111225732330443,0.015301550153437874,0.21283296556223485,0.22056158528917894,0.40453239024591847,0.1356602830168993
5ffed8da,88ed44d1,layer3.0.conv1.weight,0.7464571212827422,0.015620660481646485,0.010496730464656273,0.013408424024143729,0.09605895837840613,0.4960413672458287,0.3692792807209764,0.014715239165988755
5ffed8da,88ed44d1,layer3.0.conv2.weight,0.7524071725515902,0.04816971263171006,0.00526338280645873,0.013865948544770692,0.050245917450171304,0.16804692013141426,0.70823533908365,0.05434249198353521
5ffed8da,88ed44d1,layer3.0.shortcut.0.weight,0.7397803468857166,0.028373736351923987,0.009900579257095673,0.0,0.07586850880741802,0.5570557178273958,0.3394862409877421,0.0176889531203485
5ffed8da,88ed44d1,layer3.1.conv1.weight,0.7099353735225928,0.04107907016207264,0.0,0.029219738120351186,0.07834127109874649,0.36079050552187225,0.2864038591427576,0.24524462611627254
5ffed8da,88ed44d1,layer3.1.conv2.weight,0.6949715543345286,0.08484863741679552,0.0,0.0,0.07763514397947723,0.24543696663273246,0.5996220590606411,0.07730583032714917
5ffed8da,88ed44d1,layer3.2.conv1.weight,0.7163457803272592,0.056047502509016196,0.0,0.0,0.15730652273611487,0.11239455621608181,0.6089715682833983,0.12132735276440523
5ffed8da,88ed44d1,layer3.2.conv2.weight,0.7360125040211675,0.12482188234616638,0.0,0.0,0.0,0.0,0.9416687364740782,0.0583312635259217
5ffed8da,905afff7,conv1.weight,0.7698743336280862,0.002106792006892034,0.0,0.0,0.0,0.0,0.9536982030321769,0.04630179696782306
5ffed8da,905afff7,layer1.0.conv1.weight,0.8396260578085697,0.005618003598316334,0.03684541175305082,0.0076728100336287365,0.10190148289170997,0.06572975720176195,0.7878505381198486,0.0
5ffed8da,905afff7,layer1.0.conv2.weight,0.8321801033472116,0.004620889496110721,0.04052797760552266,0.02439151006686953,0.09662837133682964,0.12020574574724302,0.7139434098051892,0.004302985438345962
5ffed8da,905afff7,layer1.1.conv1.weight,0.8359339395792237,0.0036234371854519947,0.04422057087922719,0.017974606729117996,0.07139720953965163,0.05629381730776928,0.8069223321765321,0.0031914633677018354
5ffed8da,905afff7,layer1.1.conv2.weight,0.8062985459074951,0.0033382913285833022,0.05081892649343615,0.04916519589177595,0.08997261826148588,0.1653616820474997,0.6391444125439208,0.0055371647618815325
5ffed8da,905afff7,layer1.2.conv1.weight,0.7926392190233962,0.003047533955391618,0.046374796682054166,0.05100107765431674,0.08329503296070784,0.11011319229571265,0.703123334620677,0.006092565786531554
5ffed8da,905afff7,layer1.2.conv2.weight,0.7771138971495798,0.002229301185881231,0.0,0.02082221993762441,0.12403889034007955,0.2616492392793989,0.5934896504428974,0.0
5ffed8da,905afff7,layer2.0.conv1.weight,0.7474332776100794,0.0026252191929100124,0.0,0.01570865314480811,0.03962774899579356,0.4275381668188336,0.49780273556557464,0.019322695474990045
5ffed8da,905afff7,layer2.0.conv2.weight,0.7186521784600407,0.005278347624339024,0.0020961745599936293,0.014619948746200056,0.049411834974791964,0.5011152760088895,0.34842493149856374,0.0843318342115612
5ffed8da,905afff7,layer2.0.shortcut.0.weight,0.7216291564815778,0.0025687476579829603,0.0076401883368137635,0.02047145213038265,0.09021922222014546,0.5294217696809926,0.32201172086630886,0.03023564676535664
5ffed8da,905afff7,layer2.1.conv1.weight,0.7423158882291432,0.0053329459424383534,0.017505993415518544,0.018078651636743336,0.10968261681686979,0.19827881127132968,0.5240460942652597,0.13240783259427893
5ffed8da,905afff7,layer2.1.conv2.weight,0.7463914593158586,0.006960586119514553,0.014810677757327476,0.010091777078392893,0.10495828149807782,0.2349813400495823,0.5177082055661749,0.1174497180504445
5ffed8da,905afff7,layer2.2.conv1.weight,0.7259285003013273,0.005399944616779814,0.008078320470640712,0.020495453650447356,0.10289551151850537,0.5227430661835194,0.25772113923678996,0.08806650894009709
5ffed8da,905afff7,layer2.2.conv2.weight,0.747279319513651,0.009264711995276871,0.014926634288750903,0.0032319213547577236,0.34999692514685216,0.2801509550493673,0.33692778478793844,0.014765779372333481
5ffed8da,905afff7,layer3.0.conv1.weight,0.738496315947852,0.014525962719304984,0.010437700615572785,0.005211702279132067,0.11299149665301646,0.2579583570879106,0.5168878491158861,0.09651289424848214
5ffed8da,905afff7,layer3.0.conv2.weight,0.7239953369785305,0.0458076538602932,0.011815962933603753,0.0028245578376205585,0.24076810850523483,0.42583730531605124,0.267355483792612,0.05139858161487768
5ffed8da,905afff7,layer3.0.shortcut.0.weight,0.7427975315067274,0.028391108946768467,0.0,0.0,0.14715621372548468,0.16825542343149436,0.6530542765077896,0.03153408633523136
5ffed8da,905afff7,layer3.1.conv1.weight,0.7241615721047648,0.04026461336696832,0.0,0.010045199075001423,0.2645162239300485,0.5123928147681928,0.16687260619385502,0.046173156032902216
5ffed8da,905afff7,layer3.1.conv2.weight,0.7009943591743661,0.08304535257104781,0.0,0.0,0.34103000423471597,0.0,0.5874985942920907,0.0714714014731933
5ffed8da,905afff7,layer3.2.conv1.weight,0.7814883578561881,0.05444369668726548,0.0,0.0,0.04548863265167018,0.012459566022746985,0.8944868336671512,0.04756496765843171
5ffed8da,905afff7,layer3.2.conv2.weight,0.7481696576728308,0.11920162466074209,0.0,0.0,0.0,0.0,0.9305888534565241,0.06941114654347603
5ffed8da,be2e50e9,conv1.weight,0.820446996911907,0.0009298311741542137,0.0,0.0,0.0,0.0,0.9755541263169537,0.02444587368304637
5ffed8da,be2e50e9,layer1.0.conv1.weight,0.7667073186386041,0.002923937022891461,0.002707651760364323,0.02372474840152857,0.06761521678301421,0.39607042118744973,0.4925427500026842,0.017339211864958987
5ffed8da,be2e50e9,layer1.0.conv2.weight,0.7560892333701855,0.0027644664462623493,0.0027181022793762066,0.0208412560553504,0.09185468005256812,0.4237479482493174,0.429620573928412,0.031217439434975933
5ffed8da,be2e50e9,layer1.1.conv1.weight,0.7326108257771219,0.002152338115374829,0.009465474580957792,0.04258994637409683,0.1196600056283423,0.33713130081080456,0.4419561625848336,0.04919711002096485
5ffed8da,be2e50e9,layer1.1.conv2.weight,0.7327607071516152,0.0019422454122732498,0.011318265386007588,0.04465640979949228,0.09422362997759767,0.44852747549924415,0.34037976262495784,0.060894456712700364
5ffed8da,be2e50e9,layer1.2.conv1.weight,0.7508714985884547,0.0017391024149071834,0.01617156425741492,0.027975133814157168,0.08622186429552556,0.40747257230524364,0.40434987192078414,0.057808993406874794
5ffed8da,be2e50e9,layer1.2.conv2.weight,0.7611594827330243,0.0016321108133895753,0.015019963655924545,0.02985327940774278,0.07444923051316323,0.25296904661945624,0.5718384860598996,0.05586999374381369
5ffed8da,be2e50e9,layer2.0.conv1.weight,0.7529596258222212,0.002257404156082085,0.010813891569766521,0.022093237857837345,0.08002466875589191,0.4110843174004305,0.4300592902952257,0.04592459412084795
5ffed8da,be2e50e9,layer2.0.conv2.weight,0.7605978545344997,0.004714577962223416,0.014429688854362755,0.020735969301438614,0.09817107856979082,0.28496631695434893,0.4829950488000216,0.0987018975200373
5ffed8da,be2e50e9,layer2.0.shortcut.0.weight,0.7616224838481852,0.002373533321723131,0.015592080721996708,0.008688182141879807,0.08115049222124042,0.34980043083730733,0.480361138756998,0.06440767532057778
5ffed8da,be2e50e9,layer2.1.conv1.weight,0.771945038287048,0.005193974646264328,0.014664437391615222,0.0171745302737753,0.09361779954177943,0.26301266988645433,0.533035373975347,0.07849518893102882
5ffed8da,be2e50e9,layer2.1.conv2.weight,0.7804572506059264,0.006656304835004856,0.02321087199295211,0.017842688941446073,0.07714831563256322,0.22670785419349385,0.592469037995946,0.062621231243599
5ffed8da,be2e50e9,layer2.2.conv1.weight,0.7766856119256426,0.005232357602874632,0.015595315523821665,0.010022250655077307,0.1233164457377201,0.3146331145010628,0.5012738883936521,0.035158985188666156
5ffed8da,be2e50e9,layer2.2.conv2.weight,0.7790375016098567,0.008789129397636887,0.025023668246863872,0.00780704065363563,0.08891497407533029,0.269299940745836,0.530136492284121,0.07881788399421319
5ffed8da,be2e50e9,layer3.0.conv1.weight,0.7559077820193644,0.014201586285823858,0.013899121978864646,0.011492707106609865,0.08501769915121091,0.297324420492526,0.5078407537905076,0.08442529748028078
5ffed8da,be2e50e9,layer3.0.conv2.weight,0.7571569089068309,0.04451002144045001,0.016102019257137105,0.003343490175277384,0.08292196970557834,0.5909193882465702,0.29575831982937395,0.010954812786062921
5ffed8da,be2e50e9,layer3.0.shortcut.0.weight,0.761117656524679,0.026274193692507466,0.02496901057965111,0.0,0.05669743245847177,0.1962962774821991,0.577814561565701,0.1442227179139771
5ffed8da,be2e50e9,layer3.1.conv1.weight,0.7696636224738765,0.03764467100454888,0.021438745711530597,0.04272497719428355,0.03338766304881958,0.021967149743940283,0.7212103507750156,0.15927111352641032
5ffed8da,be2e50e9,layer3.1.conv2.weight,0.7441888001646875,0.07530878288320231,0.0,0.0,0.11271901100728507,0.0,0.7056506951512117,0.1816302938415033
5ffed8da,be2e50e9,layer3.2.conv1.weight,0.7348322531571322,0.052448304442491295,0.009061656939891631,0.0,0.10606274024636175,0.6560057819212136,0.18571302199594192,0.04315679889659115
5ffed8da,be2e50e9,layer3.2.conv2.weight,0.7377558989224378,0.11089288165236273,0.036857352871785896,0.02909079224553388,0.05649300171848538,0.0,0.6357072131114356,0.24185164005275933
5ffed8da,cb3a86af,conv1.weight,0.7311720496039926,0.002035426627469338,0.0,0.0,0.0,0.0,0.9655917893713297,0.03440821062867017
5ffed8da,cb3a86af,layer1.0.conv1.weight,0.7354953108708335,0.005031316577528118,0.005710725001718182,0.042287426768768496,0.11723053574087353,0.41559209840680966,0.4066799196288129,0.012499294453017187
5ffed8da,cb3a86af,layer1.0.conv2.weight,0.7328540382031705,0.004317090422606937,0.012166262453390536,0.13500080125837924,0.12609230284916734,0.46624285322946396,0.2547108843434441,0.005786895866154896
5ffed8da,cb3a86af,layer1.1.conv1.weight,0.7356062516087812,0.0033670216413144594,0.00910173057989809,0.02505067195898842,0.09829182445408058,0.38638684436155807,0.4679632834247818,0.0132056452206931
5ffed8da,cb3a86af,layer1.1.conv2.weight,0.8059244250076059,0.0029740092216648884,0.005167485624292956,0.02671388015738924,0.02194601769036103,0.1373057899950495,0.7725369807632936,0.03632984576961369
5ffed8da,cb3a86af,layer1.2.conv1.weight,0.7966861200582032,0.002555301149003311,0.0,0.026214796520014978,0.008094700102862127,0.27107167605842897,0.6913133232834638,0.0033055040352303173
5ffed8da,cb3a86af,layer1.2.conv2.weight,0.759711339509973,0.0021969293610285268,0.0,0.008411444304666177,0.031179894963241295,0.32883027361292877,0.5991860552815635,0.032392331837599986
5ffed8da,cb3a86af,layer2.0.conv1.weight,0.7527595748473226,0.002798607628931915,0.005452553394443041,0.015476037269895798,0.052187179429489,0.3762364685113479,0.5385147816274685,0.012132979767355948
5ffed8da,cb3a86af,layer2.0.conv2.weight,0.7227791902848563,0.005703600173392418,0.0012195526804334687,0.011864702796048695,0.03726319239101901,0.2576819452934924,0.642009450858587,0.04996115598041942
5ffed8da,cb3a86af,layer2.0.shortcut.0.weight,0.7282102952211614,0.002893527904812674,0.0039708910379656626,0.01226541617108366,0.08119211654430543,0.40125232809613187,0.4825983180943408,0.01872093005617249
5ffed8da,cb3a86af,layer2.1.conv1.weight,0.6963192502589969,0.005965823293970558,0.010424803038630177,0.029047265458596223,0.1381173500330417,0.31124405207101913,0.4236531644495861,0.08751336494912673
5ffed8da,cb3a86af,layer2.1.conv2.weight,0.6945285181131592,0.007541570368074639,0.016208389472550065,0.02476913671289186,0.14006223155045064,0.5582051215168009,0.22292521015677927,0.03782991059052721
5ffed8da,cb3a86af,layer2.2.conv1.weight,0.7028315152957365,0.00595479092008376,0.01268849488119294,0.016903622558780463,0.13795080079408087,0.2934128266644396,0.39833864493318344,0.1407056101683227
5ffed8da,cb3a86af,layer2.2.conv2.weight,0.7061840855708471,0.009990873107748256,0.009501485587656601,0.005424244049038354,0.1341447152299436,0.23830256307143574,0.5227715663504,0.08985542571152565
5ffed8da,cb3a86af,layer3.0.conv1.weight,0.7243756733861221,0.01557105372662542,0.012388108927278265,0.008446026800072344,0.127651860953635,0.5673083976252818,0.23768311861711577,0.04652248707661677
5ffed8da,cb3a86af,layer3.0.conv2.weight,0.7133715152196273,0.05020578926552287,0.0,0.024771342643250573,0.1266616709174888,0.2210735813851204,0.5204618167178892,0.10703158833625113
5ffed8da,cb3a86af,layer3.0.shortcut.0.weight,0.7062644464520125,0.0304953410828288,0.0075365865120140185,0.08918014230097292,0.47344128882342024,0.29584973505257445,0.13245439143656154,0.0015378558744569685
5ffed8da,cb3a86af,layer3.1.conv1.weight,0.7254999676735279,0.04489414399137555,0.006788454675482494,0.0,0.5657937811890894,0.13915360970900054,0.2668988361808025,0.021365318245625115
5ffed8da,cb3a86af,layer3.1.conv2.weight,0.7440970622582822,0.0892086394164729,0.0,0.0,0.09587389629669073,0.0,0.8643089890317429,0.03981711467156643
5ffed8da,cb3a86af,layer3.2.conv1.weight,0.7420260716928394,0.06459598258812706,0.0,0.0,0.28472647747181834,0.0,0.7152735225281819,0.0
5ffed8da,cb3a86af,layer3.2.conv2.weight,0.7276725113691058,0.13359874485108894,0.0,0.0,0.0,0.0,0.9550671812269842,0.04493281877301576
5ffed8da,d8bd0bc0,conv1.weight,0.7960214062800732,0.0021728476710795807,0.0,0.0,0.0,0.0,0.9621323580018166,0.03786764199818341
5ffed8da,d8bd0bc0,layer1.0.conv1.weight,0.7878109336599075,0.007289091535567128,0.011763537011208771,0.01800027875546409,0.15458219689203453,0.3408329784786091,0.4589976370462023,0.01582337181648131
5ffed8da,d8bd0bc0,layer1.0.conv2.weight,0.7755365425825665,0.005967334046709119,0.027521455662322857,0.049979120335298714,0.1222206270802008,0.28732775369058267,0.5129510432315948,0.0
5ffed8da,d8bd0bc0,layer1.1.conv1.weight,0.7766505200519112,0.0038434226268672725,0.006048194420022832,0.03415160866198162,0.0693859407429111,0.3238851791409733,0.5568876502180848,0.009641426816026375
5ffed8da,d8bd0bc0,layer1.1.conv2.weight,0.7803505491409812,0.0037624841707198913,0.01582149566345454,0.041707257877160724,0.1293784627216446,0.15330204020406307,0.6530139163352546,0.006776827198422453
5ffed8da,d8bd0bc0,layer1.2.conv1.weight,0.7558492051355474,0.0029561263872604658,0.007488712829494618,0.03174179139315139,0.09550062803499967,0.33025919346597027,0.5297281834031371,0.005281490873246941
5ffed8da,d8bd0bc0,layer1.2.conv2.weight,0.7533796182318672,0.002412837104691802,0.0028396151045028393,0.03403454110828444,0.03663108429235713,0.256630183421412,0.6563038743150179,0.013560701758425673
5ffed8da,d8bd0bc0,layer2.0.conv1.weight,0.710746829398701,0.0030151900345356127,0.0014179323843638576,0.014687592835460913,0.14099865885556598,0.46582357830541443,0.33781227351204024,0.039259964107154696
5ffed8da,d8bd0bc0,layer2.0.conv2.weight,0.68806345486071,0.005973421485312189,0.002037679832679997,0.018935235364956022,0.147105899534929,0.33663319330398833,0.41685981653353177,0.07842817542991504
5ffed8da,d8bd0bc0,layer2.0.shortcut.0.weight,0.6933628136899113,0.0028652464732635452,0.0019084246747912087,0.024499194664850052,0.15543433183494426,0.4533127491972234,0.3167983859845884,0.04804691364360266
5ffed8da,d8bd0bc0,layer2.1.conv1.weight,0.7032574835045813,0.005940386357219144,0.0060969522210447,0.022778116300152616,0.1706645694884279,0.24404981009295973,0.4431365432421712,0.11327400865524391
5ffed8da,d8bd0bc0,layer2.1.conv2.weight,0.6948686576264352,0.007976176042347103,0.0257220094486113,0.04131147175054081,0.18787393068683306,0.30507043067880313,0.17752308346983303,0.2624990739653787
5ffed8da,d8bd0bc0,layer2.2.conv1.weight,0.7371635083150488,0.006126852577272501,0.006980057941384197,0.019421609360583156,0.10679502061331228,0.35392916184711587,0.4868222801500958,0.026051870087508984
5ffed8da,d8bd0bc0,layer2.2.conv2.weight,0.7198631089969965,0.010134357708163087,0.034265858603000285,0.018122729588693914,0.1851373828700283,0.22113717828571153,0.4143777533947888,0.12695909725777738
5ffed8da,d8bd0bc0,layer3.0.conv1.weight,0.6977798780218146,0.017080807376054018,0.009913042597237163,0.012482005637557681,0.11473658992398858,0.3426369180194538,0.4768586915583647,0.04337275226339792
5ffed8da,d8bd0bc0,layer3.0.conv2.weight,0.7258436346372035,0.05290550638087503,0.023793935644468696,0.014546154426634587,0.16054538991929998,0.3516286477857447,0.4401887788771828,0.009297093346669307
5ffed8da,d8bd0bc0,layer3.0.shortcut.0.weight,0.7227511423371822,0.03207788505783958,0.01636379387767109,0.009191675172568503,0.05807426964356905,0.19921870810213566,0.6532718479953943,0.06387970520866151
5ffed8da,d8bd0bc0,layer3.1.conv1.weight,0.7300084104216462,0.04098090381248841,0.03840128962720626,0.0,0.08803363125814054,0.6991969036678501,0.1576014816441205,0.016766693802682583
5ffed8da,d8bd0bc0,layer3.1.conv2.weight,0.7256317176663916,0.08728654347783812,0.018918932710428698,0.0,0.5388465425476111,0.06274332928582027,0.3794911954561399,0.0
5ffed8da,d8bd0bc0,layer3.2.conv1.weight,0.7526604388730863,0.05512532244948805,0.035346854130290976,0.0,0.36364741670844597,0.20283877993644364,0.3981669492248194,0.0
5ffed8da,d8bd0bc0,layer3.2.conv2.weight,0.7625280547682813,0.11879951065965812,0.03100539219880236,0.014086263966919215,0.01523366982632058,0.0,0.8525026959621917,0.08717197804576594
5ffed8da,e1762771,conv1.weight,0.8829508802626144,0.0021640490220638424,0.0,0.0,0.0,0.0,0.985932253727703,0.014067746272296983
5ffed8da,e1762771,layer1.0.conv1.weight,0.8331658001378963,0.006367721900736934,0.015813644499909813,0.035427880131882965,0.1290837856716202,0.05259967812167934,0.7670750115749077,0.0
5ffed8da,e1762771,layer1.0.conv2.weight,0.8390342858637345,0.005277312474946549,0.0294470025262635,0.005108850188830996,0.08005210001407768,0.13151752659492646,0.7517931522040983,0.0020813684718031075
5ffed8da,e1762771,layer1.1.conv1.weight,0.84465645239974,0.00400448547998501,0.007381873293111268,0.0161767188557988,0.06446192376144473,0.05780060547742936,0.8531128671358097,0.0010660114764060543
5ffed8da,e1762771,layer1.1.conv2.weight,0.8201588316811507,0.003772990140542112,0.011758516839334463,0.012960169097624565,0.08140925037429812,0.16396890330342914,0.7253421325680509,0.004561027817262662
5ffed8da,e1762771,layer1.2.conv1.weight,0.8107529661898819,0.00322339255442765,0.01103101728195472,0.017838451645233216,0.1143322363264443,0.1813656944297879,0.6750669450467228,0.0003656552698572922
5ffed8da,e1762771,layer1.2.conv2.weight,0.7693155618581733,0.002744309110729393,0.005188357493234131,0.008740152246785331,0.09710410929670939,0.3047174045967207,0.5797875025639566,0.004462473802593821
5ffed8da,e1762771,layer2.0.conv1.weight,0.7295555631735203,0.003181984420893057,0.0,0.0065039949344469885,0.004264589676061938,0.41428385051849875,0.5629282611727396,0.012019303698252727
5ffed8da,e1762771,layer2.0.conv2.weight,0.7015341753715066,0.00647068800490307,0.0,0.004623619793111884,0.0034469062417193013,0.31657448891522283,0.6313514083438259,0.044003576706120234
5ffed8da,e1762771,layer2.0.shortcut.0.weight,0.7038711675213427,0.0033624900858931516,0.0,0.0023156268621647817,0.06594882186114744,0.48602249811553255,0.4234384287503437,0.02227462441081162
5ffed8da,e1762771,layer2.1.conv1.weight,0.7313148597744561,0.00648300918902083,0.004120416995149182,0.01456609333419281,0.09494827687788066,0.46351923020577285,0.394854215990763,0.027991766596241432
5ffed8da,e1762771,layer2.1.conv2.weight,0.7185003326942859,0.009071486903797107,0.0019056739189294513,0.00462640865767443,0.10887368476946974,0.3950554590764918,0.4293883892607614,0.06015038431667329
5ffed8da,e1762771,layer2.2.conv1.weight,0.710577706710817,0.006680991402568632,0.008238338903065164,0.02466429792550456,0.10992256631762672,0.4229208019907862,0.3853156422019831,0.048938352661034225
5ffed8da,e1762771,layer2.2.conv2.weight,0.6881295509154248,0.01151463177716133,0.028500654826475107,0.017170525531782464,0.1311613181787973,0.350458402337696,0.3853537053060024,0.08735539381924673
5ffed8da,e1762771,layer3.0.conv1.weight,0.7066047283270777,0.018387365605404743,0.00837077913986128,0.05811143997366129,0.22661487642227535,0.3465120700739903,0.2793144301041394,0.08107640428607235
5ffed8da,e1762771,layer3.0.conv2.weight,0.6924887448118251,0.056900838922533045,0.0,0.012018635715939677,0.09865871713509676,0.3765124829991666,0.4453694679126613,0.06744069623713561
5ffed8da,e1762771,layer3.0.shortcut.0.weight,0.6900305213872173,0.03544033899735018,0.017402744525281802,0.10446266800441616,0.18370867893259443,0.4697286479495933,0.20406341445358767,0.02063384613452673
5ffed8da,e1762771,layer3.1.conv1.weight,0.7180461924817831,0.047007385044951715,0.00786419254804227,0.0,0.4958826452864204,0.05132587976595205,0.4338758963457598,0.01105138605382533
5ffed8da,e1762771,layer3.1.conv2.weight,0.7186917009418252,0.09201918718550198,0.020440724099394705,0.0,0.28319688435045975,0.4991235669278836,0.18757824656241984,0.009660578059842084
5ffed8da,e1762771,layer3.2.conv1.weight,0.701803560926758,0.059302224044374935,0.0425817444734815,0.0,0.3373244907282612,0.11495492924008648,0.3532670128463536,0.1518718227118173
5ffed8da,e1762771,layer3.2.conv2.weight,0.738201374936206,0.12430676968448315,0.1305496243631406,0.0,0.0,0.0,0.7620828306653327,0.10736754497152673
88ed44d1,905afff7,conv1.weight,0.8780206651637122,0.0024104813450694716,0.11932624788420626,0.0,0.09143657019995949,0.0,0.7892371819158343,0.0
88ed44d1,905afff7,layer1.0.conv1.weight,0.9350416385544839,0.007521100678655692,0.0,0.0,0.0,0.02140139712601909,0.9785986028739809,0.0
88ed44d1,905afff7,layer1.0.conv2.weight,0.9278129623113971,0.005297216417296731,0.006751596724784287,0.0,0.00470799973533905,0.03003736322566283,0.9585030403142137,0.0
88ed44d1,905afff7,layer1.1.conv1.weight,0.925006335647909,0.0041150335990134575,0.008023631304657212,0.006115179631016155,0.009474370695471898,0.008155371441219894,0.9682314469276349,0.0
88ed44d1,905afff7,layer1.1.conv2.weight,0.9175556445127521,0.00357711794635487,0.016667094676943068,0.006345552705192023,0.018553096308733523,0.017962369940218555,0.9404246807410462,4.720562786669561e-05
88ed44d1,905afff7,layer1.2.conv1.weight,0.9205872062415039,0.0032488941919898715,0.015138439649810586,0.015823762072589835,0.0037090180900005124,0.0,0.9652993226161769,2.9457571422234535e-05
88ed44d1,905afff7,layer1.2.conv2.weight,0.8785941611250557,0.0020175534149783686,0.0032546978167043096,0.007642776517666169,0.042325414201866904,0.05751437858951033,0.8892138504703012,4.8882403950959044e-05
88ed44d1,905afff7,layer2.0.conv1.weight,0.8490948883290466,0.002146441284597272,0.0024658295686855345,0.000885868205217154,0.045185954484668764,0.15113128218485317,0.7988695692199578,0.0014614963366177632
88ed44d1,905afff7,layer2.0.conv2.weight,0.8247541872146039,0.003960821867746277,0.0,0.0045117131567780164,0.01888398665496695,0.16239041771396315,0.8052433764156043,0.008970506058687553
88ed44d1,905afff7,layer2.0.shortcut.0.weight,0.8100073543563152,0.0017800310638355498,0.0,0.0,0.004629586962653425,0.20727190154732916,0.7796752505097817,0.008423260980235867
88ed44d1,905afff7,layer2.1.conv1.weight,0.7924869242634797,0.0032042673530368448,0.0,0.005854685384822218,0.02524959258080031,0.22615848835272492,0.7295911770627028,0.013146056618949511
88ed44d1,905afff7,layer2.1.conv2.weight,0.7709969777487531,0.0039036546548496757,0.0,0.00669673210325488,0.03921455828035427,0.2614438832008506,0.6675720515668914,0.02507277484864868
88ed44d1,905afff7,layer2.2.conv1.weight,0.7706582741925907,0.0032566192829591263,0.0,0.0030638610594144857,0.06433995630911707,0.24972580111430698,0.6696216387599012,0.013248742757260195
88ed44d1,905afff7,layer2.2.conv2.weight,0.7407864100913417,0.0049421609175602284,0.0,0.0069445317416706575,0.1209363083539173,0.2510384919081562,0.5853706129157122,0.035710055080543535
88ed44d1,905afff7,layer3.0.conv1.weight,0.738291175672119,0.008100258334116421,0.0,0.005951447733777341,0.11958850464233184,0.2941670407894109,0.5690646349645788,0.011228371869901258
88ed44d1,905afff7,layer3.0.conv2.weight,0.7122309391432201,0.025905829028507046,0.0,0.004612369847431039,0.11350357963053814,0.5178358100203445,0.3330269159935502,0.031021324508136144
88ed44d1,905afff7,layer3.0.shortcut.0.weight,0.701693020861934,0.015671417164864886,0.0,0.006481907521490865,0.318859636478313,0.3929299988415913,0.2770841303947835,0.004644326763821333
88ed44d1,905afff7,layer3.1.conv1.weight,0.7056076028193119,0.02170652694533146,0.014191407515032832,0.02061214040551707,0.1619481786526241,0.18991799800291143,0.5801372685360192,0.03319300688789528
88ed44d1,905afff7,layer3.1.conv2.weight,0.705097665187266,0.04879487738012375,0.0,0.0,0.5995324488901731,0.4004675511098269,0.0,0.0
88ed44d1,905afff7,layer3.2.conv1.weight,0.699156027329188,0.028405849551151212,0.0,0.025980753631454686,0.747159187928797,0.07974732450344181,0.14240919041935654,0.004703543516949813
88ed44d1,905afff7,layer3.2.conv2.weight,0.6993285416211541,0.06474264655496664,0.0,0.0,0.0,0.0,0.9985417862925218,0.0014582137074782907
88ed44d1,be2e50e9,conv1.weight,0.7942955960738881,0.0012335205123316512,0.0,0.35506474312593245,0.44434880338259647,0.2005864534914711,0.0,0.0
88ed44d1,be2e50e9,layer1.0.conv1.weight,0.7818748019309006,0.00482703410323082,0.03754639740952526,0.007629782631773308,0.14449948765805892,0.205160180302654,0.5645804053299507,0.040583746668037775
88ed44d1,be2e50e9,layer1.0.conv2.weight,0.7552494726841216,0.0034407933674483588,0.024583301969721513,0.021462804454716336,0.06653474209640962,0.17887637807996612,0.5858267061327322,0.12271606726645412
88ed44d1,be2e50e9,layer1.1.conv1.weight,0.7381482350936517,0.0026439345289362916,0.02119763828203582,0.021516839848375553,0.0964263886289418,0.26126819766673154,0.46908421814132645,0.13050671743258885
88ed44d1,be2e50e9,layer1.1.conv2.weight,0.7515923559103072,0.0021810720300448174,0.01916620035882082,0.03294130079588681,0.09323437192398344,0.3234081640928802,0.44020011553971794,0.09104984728871085
88ed44d1,be2e50e9,layer1.2.conv1.weight,0.7555185192300251,0.001940462651505437,0.03937560442675327,0.05717682327171402,0.07460622542636167,0.31670881011850777,0.46061504464062364,0.05151749211603953
88ed44d1,be2e50e9,layer1.2.conv2.weight,0.7429903292205543,0.001420363042486713,0.009954229572495902,0.03759437515737464,0.09730843435620075,0.3661449033770543,0.39623957214377153,0.09275848539310294
88ed44d1,be2e50e9,layer2.0.conv1.weight,0.742434390352873,0.0017786262477693445,0.0033364462547139334,0.015739700261473276,0.1254271436330371,0.2850757603366422,0.5265556410241286,0.04386530849000501
88ed44d1,be2e50e9,layer2.0.conv2.weight,0.7584932754064028,0.003397052205630669,0.0035797451287698607,0.01703634921100426,0.08632618208344979,0.2979547111279732,0.5670736621935744,0.028029350255228673
88ed44d1,be2e50e9,layer2.0.shortcut.0.weight,0.7479581538057614,0.0015848167275757203,0.005900277195480308,0.01020642095005612,0.06590399145726293,0.41300852705491553,0.4898873292430901,0.015093454099195117
88ed44d1,be2e50e9,layer2.1.conv1.weight,0.7503077548443169,0.0030652960568628195,0.0,0.007494120886386049,0.0647478782067079,0.33451842039358065,0.5806544524968698,0.012585128016455616
88ed44d1,be2e50e9,layer2.1.conv2.weight,0.7423429866100721,0.0035993733703399786,0.001360039058810387,0.0053292828830905845,0.09365189188467057,0.2861582644160911,0.5543728135293304,0.059127708228006885
88ed44d1,be2e50e9,layer2.2.conv1.weight,0.7275993940236487,0.003089032269053944,0.00124343888254214,0.011743140332656112,0.08640708935335648,0.30021702698728914,0.5362164714034499,0.06417283304070628
88ed44d1,be2e50e9,layer2.2.conv2.weight,0.7499354209256305,0.004466578319920244,0.008215211130533346,0.007612206097322963,0.0758979746023488,0.18053194258821864,0.6792073198361955,0.048535345745380765
88ed44d1,be2e50e9,layer3.0.conv1.weight,0.7271552479540244,0.007775881900635295,0.008907140889327949,0.0045954068828932895,0.06209881680910755,0.5080475717604436,0.39212497156822856,0.024226092089999006
88ed44d1,be2e50e9,layer3.0.conv2.weight,0.72374227869121,0.024608196608663854,0.011090141152062158,0.005271226658722091,0.2761424087870704,0.22816923209921947,0.47270345062757024,0.006623540675355543
88ed44d1,be2e50e9,layer3.0.shortcut.0.weight,0.7062407301744095,0.013554501910603884,0.0,0.015697264718857212,0.3843355996941277,0.5158341960172873,0.08323633102076855,0.0008966085489590547
88ed44d1,be2e50e9,layer3.1.conv1.weight,0.6973796016247655,0.01908658458291202,0.003772072439056538,0.010594317286202996,0.344390209889127,0.4384784947702017,0.19652214890538594,0.006242756710025907
88ed44d1,be2e50e9,layer3.1.conv2.weight,0.7021368830172621,0.041058307692278265,0.0,0.0,0.1313396508224311,0.047451921968763654,0.7609897546941469,0.06021867251465833
88ed44d1,be2e50e9,layer3.2.conv1.weight,0.7167317986480672,0.026410457306377026,0.0,0.0,0.10203218526324719,0.1515055429145854,0.7130586647100771,0.03340360711209039
88ed44d1,be2e50e9,layer3.2.conv2.weight,0.7122153701877466,0.05643390354658728,0.16997053966080855,0.0,0.0,0.0,0.7730320133466062,0.05699744699258523
88ed44d1,cb3a86af,conv1.weight,0.703398365586365,0.0023391159656467758,0.05532013571935939,0.09321664336215056,0.456901873627799,0.394561347290691,0.0,0.0
88ed44d1,cb3a86af,layer1.0.conv1.weight,0.69440198881322,0.006934413657867476,0.030872278669413607,0.22502477723552164,0.14186789161953214,0.5215073784837747,0.0,0.08072767399175813
88ed44d1,cb3a86af,layer1.0.conv2.weight,0.70918384305618,0.004993417343792947,0.0,0.11640802203760088,0.08863956080973852,0.37381183214121594,0.4083183795664613,0.012822205444983439
88ed44d1,cb3a86af,layer1.1.conv1.weight,0.7089363968820722,0.003858618054875922,0.0,0.0259895052990026,0.01903711967760412,0.46185916023407947,0.47173471943244116,0.021379495356872637
88ed44d1,cb3a86af,layer1.1.conv2.weight,0.7361547032954016,0.003212835839436456,0.0,0.03485876333321638,0.0660736048999809,0.2189507267930908,0.6173421610844447,0.06277474388926732
88ed44d1,cb3a86af,layer1.2.conv1.weight,0.7128491014543957,0.0027566613856015642,0.0,0.04254437616606981,0.16786608843603165,0.3626194006997377,0.41489496406601917,0.012075170632141625
88ed44d1,cb3a86af,layer1.2.conv2.weight,0.6960395066755506,0.0019851815901256644,0.0,0.03141153069767397,0.05178064195156237,0.4691376095068747,0.4027825737598723,0.04488764408401656
88ed44d1,cb3a86af,layer2.0.conv1.weight,0.7096495511682562,0.002319829720619175,0.0,0.02310776655275944,0.0121815056682925,0.4097697500664264,0.5177745638606746,0.037166413851846936
88ed44d1,cb3a86af,layer2.0.conv2.weight,0.7271005569315726,0.004386074416799671,0.001234834500324721,0.0179879875061993,0.0731016299113558,0.3140897601095537,0.5748703302358765,0.018715457736689867
88ed44d1,cb3a86af,layer2.0.shortcut.0.weight,0.7104737431416275,0.0021048113106652633,0.0,0.015591716063839613,0.11812658170675593,0.4352671737764416,0.4094118694821708,0.021602658970792016
88ed44d1,cb3a86af,layer2.1.conv1.weight,0.7172323192767296,0.0038371447045690487,0.0019837437550978988,0.031127374667250435,0.12937958730084517,0.3170364937166993,0.4656067381358969,0.054866062424210355
88ed44d1,cb3a86af,layer2.1.conv2.weight,0.7097747888390102,0.004484638903409762,0.0,0.007423193669017151,0.012994812782269525,0.48854017177814163,0.4566421164185055,0.03439970535206606
88ed44d1,cb3a86af,layer2.2.conv1.weight,0.7151327578857233,0.003811465586263072,0.0,0.0044922920846202806,0.023132731199602276,0.3069633323673811,0.6019207841130981,0.06349086023529833
88ed44d1,cb3a86af,layer2.2.conv2.weight,0.7161785042787825,0.0056683220300316126,0.0,0.004297177184440578,0.10475647996468103,0.47592343760974737,0.392413093507159,0.02260981173397211
88ed44d1,cb3a86af,layer3.0.conv1.weight,0.7209378967973077,0.009145349341436855,0.007141086855249106,0.007752991605151131,0.04690828958502192,0.3791255165308604,0.4989766464509146,0.06009546897280295
88ed44d1,cb3a86af,layer3.0.conv2.weight,0.7027262110652019,0.03030396443373671,0.0,0.041953616287809366,0.0,0.5874340102346526,0.28631329725449645,0.08429907622304182
88ed44d1,cb3a86af,layer3.0.shortcut.0.weight,0.6777434605851038,0.01777564930092522,0.0,0.031714952607557335,0.14205513656215624,0.3717895354546549,0.4011860806092909,0.05325429476634083
88ed44d1,cb3a86af,layer3.1.conv1.weight,0.6895394410747885,0.02633605756973869,0.010873817326400593,0.009642652540384438,0.30068526618359664,0.28890768244658804,0.2573674243995944,0.1325231571034359
88ed44d1,cb3a86af,layer3.1.conv2.weight,0.6937259153109084,0.054958164225548854,0.0,0.0,0.3736876786985673,0.0,0.6238651270438601,0.0024471942575726305
88ed44d1,cb3a86af,layer3.2.conv1.weight,0.7046606840506308,0.038558135452012796,0.0,0.0,0.06811580648381564,0.035657839135305534,0.858948094924218,0.037278259456660814
88ed44d1,cb3a86af,layer3.2.conv2.weight,0.6888266730529494,0.07913976674531348,0.0,0.0,0.0,0.0,0.9972710596309362,0.002728940369063749
88ed44d1,d8bd0bc0,conv1.weight,0.8331077503231302,0.0024765370092570183,0.10695873362444636,0.0,0.21971410838902763,0.0,0.6733271579865259,0.0
88ed44d1,d8bd0bc0,layer1.0.conv1.weight,0.876367416227641,0.009192188615906486,0.0,0.011790535536537377,0.036657745969246223,0.0691650068894163,0.8822520989710503,0.00013461263374982667
88ed44d1,d8bd0bc0,layer1.0.conv2.weight,0.8710228311921692,0.006643660967895128,0.00964255532433476,0.027434361926754056,0.012528338033705472,0.04691187837570672,0.9014553657391211,0.00202750060037782
88ed44d1,d8bd0bc0,layer1.1.conv1.weight,0.8561480131366174,0.004335019040428735,0.009917186555676288,0.02828628329985242,0.02394826600388551,0.10090017503268232,0.8349654503978657,0.0019826387100377813
88ed44d1,d8bd0bc0,layer1.1.conv2.weight,0.8625234307527316,0.004001310788491459,0.0,0.011869408957401063,0.01979105553237818,0.06470651500823353,0.9019133972883738,0.001719623213613374
88ed44d1,d8bd0bc0,layer1.2.conv1.weight,0.8538722659964315,0.0031574866238587196,0.0,0.03092917220672901,0.021787368998827477,0.07387531865048315,0.8728702789690967,0.0005378611748633838
88ed44d1,d8bd0bc0,layer1.2.conv2.weight,0.789093329800725,0.0022010893337889395,0.001852543576787896,0.013178453011877034,0.06273720265161818,0.27604435215120493,0.641794749461416,0.004392699147095982
88ed44d1,d8bd0bc0,layer2.0.conv1.weight,0.7708693980510299,0.0025364121262228725,0.0,0.004097122149131867,0.01901200098083069,0.3271212702253695,0.6328181778131772,0.016951428831490555
88ed44d1,d8bd0bc0,layer2.0.conv2.weight,0.734455271808618,0.004655895728719443,0.0007929867401761576,0.008120009304680965,0.05714207216163571,0.29602903539506614,0.6060229523820301,0.03189294401641089
88ed44d1,d8bd0bc0,layer2.0.shortcut.0.weight,0.7147952700588734,0.0020765298791161346,0.0,0.008455938283808926,0.015243384995203486,0.3765891228825765,0.5613563683794597,0.038355185458951405
88ed44d1,d8bd0bc0,layer2.1.conv1.weight,0.725946922347695,0.003811707767817635,0.0004773876788793909,0.01415611090828751,0.055509690731318125,0.26794964516174963,0.6174334641453793,0.04447370137438609
88ed44d1,d8bd0bc0,layer2.1.conv2.weight,0.712371624827962,0.004919244577682225,0.0009129283673212804,0.006932722383718401,0.028023555918649048,0.2877441716631339,0.6265989642897705,0.04978765737740713
88ed44d1,d8bd0bc0,layer2.2.conv1.weight,0.7358294112517836,0.003983527243451813,0.002133885700203285,0.0075995496572394215,0.006455721540274891,0.3111843509392015,0.6474249280009177,0.02520156416216326
88ed44d1,d8bd0bc0,layer2.2.conv2.weight,0.7162337091039569,0.005811806630446444,0.0,0.012434857151690572,0.04273646770452261,0.32365458079430687,0.5569578891021653,0.06421620524731475
88ed44d1,d8bd0bc0,layer3.0.conv1.weight,0.7142276997802137,0.010655102990865452,0.003356450051162622,0.006661187734476626,0.07140476461713392,0.8047062310047657,0.11357774428860182,0.0002936223038594569
88ed44d1,d8bd0bc0,layer3.0.conv2.weight,0.7364315645322459,0.03300368154908887,0.0,0.03326637542429242,0.013332211911323728,0.2507370533471449,0.6668419036667146,0.0358224556505243
88ed44d1,d8bd0bc0,layer3.0.shortcut.0.weight,0.7463450765446522,0.019358193275936,0.0,0.012593103379986786,0.07696431536510022,0.0870920106719097,0.7931125214483656,0.03023804913463778
88ed44d1,d8bd0bc0,layer3.1.conv1.weight,0.6991635457196215,0.02242281739085155,0.007788205313541119,0.03533024267636542,0.048743092670977255,0.32330661797385746,0.517846501858118,0.06698533950714089
88ed44d1,d8bd0bc0,layer3.1.conv2.weight,0.689426619202402,0.05303606828691407,0.0,0.045225743507841906,0.160925289834587,0.3139617327929871,0.4651178155786625,0.014769418285921517
88ed44d1,d8bd0bc0,layer3.2.conv1.weight,0.7187537819914319,0.02908747531337378,0.0,0.014253469614742489,0.0,0.2537938423833105,0.7133203740443737,0.018632313957573296
88ed44d1,d8bd0bc0,layer3.2.conv2.weight,0.7496431867680411,0.06434053255388267,0.09523715133366542,0.0,0.0,0.0,0.8991151245185198,0.005647724147814645
88ed44d1,e1762771,conv1.weight,0.7713436347943957,0.0024677383602412797,0.07441164708273242,0.09229209432225292,0.20238716084087846,0.6309090977541361,0.0,0.0
88ed44d1,e1762771,layer1.0.conv1.weight,0.8486725875254504,0.008270818981076292,0.0,0.05767615817081304,0.05148877385905567,0.0701358809957363,0.820311874684586,0.00038731228980864584
88ed44d1,e1762771,layer1.0.conv2.weight,0.8252766031977612,0.005953639396132559,0.0,0.00570016531159666,0.07838919129288599,0.17018621266016679,0.7435299233539628,0.002194507381387673
88ed44d1,e1762771,layer1.1.conv1.weight,0.8190184830688144,0.004496081893546474,0.0,0.02780866173880102,0.09513570854741053,0.1947865845345908,0.6789372071241561,0.0033318380550414824
88ed44d1,e1762771,layer1.1.conv2.weight,0.8059591235917576,0.00401181675831368,0.015482274764615264,0.03413962530955505,0.032565465336738604,0.1526137487216912,0.724217901308028,0.04098098455937178
88ed44d1,e1762771,layer1.2.conv1.weight,0.8161158423902873,0.0034247527910259033,0.0,0.014681122871685858,0.06955774515713635,0.11117499614944817,0.8001935946985469,0.004392541123182897
88ed44d1,e1762771,layer1.2.conv2.weight,0.776713076019762,0.0025325613398265306,0.00618679159629062,0.02346029762379772,0.07969021299152702,0.151908565959821,0.7207119844725419,0.01804214735602176
88ed44d1,e1762771,layer2.0.conv1.weight,0.7364834589264935,0.0027032065125803164,0.004655400838371099,0.049311083135198226,0.065872760173972,0.23087999875008086,0.5763331571140221,0.07294759998835568
88ed44d1,e1762771,layer2.0.conv2.weight,0.7318354743087131,0.005153162248310323,0.00629877195562874,0.016980111198161035,0.10265845381671906,0.4238972572647899,0.4154499938772445,0.03471541188745689
88ed44d1,e1762771,layer2.0.shortcut.0.weight,0.7294846677303951,0.002573773491745741,0.005156483493915639,0.021858677784223103,0.14547119981548362,0.37442144018854145,0.40322730701823456,0.04986489169960152
88ed44d1,e1762771,layer2.1.conv1.weight,0.7522485065376331,0.00435433059961932,0.004974116272129875,0.011893769055676738,0.05249119988776503,0.34766045474584756,0.5603205503452146,0.022659909693366332
88ed44d1,e1762771,layer2.1.conv2.weight,0.7344802497748673,0.006014555439132229,0.005209991637717362,0.014034758317078394,0.1204890758389543,0.418241505875932,0.40476116920271965,0.03726349912759829
88ed44d1,e1762771,layer2.2.conv1.weight,0.716678542471963,0.004537666068747943,0.003001631550636955,0.010819113693935057,0.09813634580005355,0.342764157219521,0.49196454230619296,0.053314209429660385
88ed44d1,e1762771,layer2.2.conv2.weight,0.7227776820492274,0.007192080699444687,0.0014121415607328124,0.004387656210850258,0.2194879769904114,0.3112106535261258,0.380984362841767,0.0825172088701129
88ed44d1,e1762771,layer3.0.conv1.weight,0.7295535434798499,0.011961661220216179,0.00984163148286894,0.005298190804720831,0.1493094186393061,0.22490039082802074,0.5395571038397362,0.07109326440534697
88ed44d1,e1762771,layer3.0.conv2.weight,0.6950559728816782,0.03699901409074689,0.0,0.04439870492608597,0.31502535032200485,0.3236011856154495,0.23710381396610092,0.07987094517035868
88ed44d1,e1762771,layer3.0.shortcut.0.weight,0.7250718727258837,0.0227206472154466,0.0,0.022545066909472486,0.17725981556406753,0.2803384237009907,0.48694772179159185,0.032908972033877396
88ed44d1,e1762771,layer3.1.conv1.weight,0.6949907673828839,0.028449298623314856,0.027402523669600342,0.018690940899799533,0.275528585465403,0.09755804641659716,0.4714399138249153,0.10937998972368462
88ed44d1,e1762771,layer3.1.conv2.weight,0.6979073831892907,0.05776871199457793,0.0,0.0,0.0,0.43056997431519817,0.5663511677429185,0.0030788579418832584
88ed44d1,e1762771,layer3.2.conv1.weight,0.7147374919517967,0.033264376908260666,0.0,0.018660816530753334,0.0,0.22262880302064506,0.7314290820833577,0.0272812983652439
88ed44d1,e1762771,layer3.2.conv2.weight,0.749655027912751,0.06984779157870769,0.10971953510527827,0.0780796375850758,0.07506591082588839,0.0,0.7218085827160208,0.015326333767736653
905afff7,be2e50e9,conv1.weight,0.7481467785754867,0.0017478697682385411,0.0,0.0,0.0,0.0,0.788864555006595,0.21113544499340506
905afff7,be2e50e9,layer1.0.conv1.weight,0.7781063332134189,0.004605502476033049,0.06461077417929002,0.00709525500538,0.12296904303748103,0.24665001349666854,0.511223101860197,0.047451812420983286
905afff7,be2e50e9,layer1.0.conv2.weight,0.7400199154296576,0.003505580265082945,0.030771979833303046,0.02004308483030606,0.13354646307468726,0.3653700922920199,0.31391074398221275,0.13635763598747103
905afff7,be2e50e9,layer1.1.conv1.weight,0.7450733108468425,0.002761152553030728,0.03444950808414842,0.016097482668886023,0.10313869345214116,0.4183957653528605,0.33839640627876405,0.08952214416319972
905afff7,be2e50e9,layer1.1.conv2.weight,0.7542777931093256,0.0024657790027686195,0.04476991997126258,0.07146156155305808,0.07506592754773124,0.2440735780010813,0.4022770098372302,0.16235200308963668
905afff7,be2e50e9,layer1.2.conv1.weight,0.7668187260559837,0.002174240480236857,0.05149598239855739,0.048151377264441075,0.0827833746497175,0.11297347229592597,0.3740320183747768,0.3305637750165815
905afff7,be2e50e9,layer1.2.conv2.weight,0.7513385421884311,0.0014422470484669408,0.027988746197861115,0.03789415732562659,0.12669678554155187,0.20361968993943672,0.5203362357124408,0.08346438528308298
905afff7,be2e50e9,layer2.0.conv1.weight,0.7579901370446562,0.001612753209628652,0.004357042192366124,0.035874665188733286,0.13597473821146108,0.38272906334128615,0.43483681863186247,0.006227672434290837
905afff7,be2e50e9,layer2.0.conv2.weight,0.7432320639942118,0.0030562369518686793,0.007795068559212367,0.02340891427299023,0.14026730415635819,0.3196220723334305,0.41443959775314654,0.09446704292486216
905afff7,be2e50e9,layer2.0.shortcut.0.weight,0.7362844848411487,0.0014141131102110625,0.0017873576383519204,0.019726010380332674,0.09082583772173664,0.2823323200015438,0.5520314159327023,0.053297058325332686
905afff7,be2e50e9,layer2.1.conv1.weight,0.7428593837017528,0.0027743145564642605,0.0007777815971054672,0.013177200246799897,0.05937755443205322,0.32593704465631634,0.5603579281080926,0.040372490959632454
905afff7,be2e50e9,layer2.1.conv2.weight,0.7438257322251143,0.0030993641384637286,0.0038389400393010363,0.01026581997124031,0.06629451615666923,0.3105275065988199,0.5719993148258582,0.03707390240811142
905afff7,be2e50e9,layer2.2.conv1.weight,0.7326809979683351,0.0026561391357115367,0.0020439564822786497,0.008424274825671008,0.11246932140175094,0.28246742305494565,0.5529040329552527,0.0416909912801013
905afff7,be2e50e9,layer2.2.conv2.weight,0.7351992629374793,0.004015198818077482,0.007244206112084504,0.011620058099142457,0.19600203757539297,0.21417229971686552,0.542854792248207,0.02810660624830757
905afff7,be2e50e9,layer3.0.conv1.weight,0.7280670046583932,0.0066811841382937946,0.0,0.009357584198865492,0.0812301117611954,0.4212237225678551,0.46328062695514843,0.02490795451693554
905afff7,be2e50e9,layer3.0.conv2.weight,0.7308540725263968,0.022246137837246997,0.0,0.03418620717447177,0.15208459673464206,0.305533770517732,0.4909978730709949,0.017197552502159423
905afff7,be2e50e9,layer3.0.shortcut.0.weight,0.7399640339938471,0.013571874505448363,0.02321904191238798,0.029366971839150827,0.06559384336431018,0.3582167669932592,0.5231111493193659,0.0004922265715259484
905afff7,be2e50e9,layer3.1.conv1.weight,0.7441661858062254,0.0182721277878077,0.039080600225073675,0.004919119058334039,0.16603297001864553,0.3664597396336588,0.3973410780302013,0.02616649303408677
905afff7,be2e50e9,layer3.1.conv2.weight,0.7417576769880538,0.03925502284653054,0.014880278242105856,0.0,0.19706329378784096,0.12018856308002857,0.6041181071305661,0.0637497577594586
905afff7,be2e50e9,layer3.2.conv1.weight,0.7436691319241341,0.024806651484626303,0.06541268131495356,0.0,0.2996655750292702,0.013146436204826669,0.5883756837239467,0.033399623727002774
905afff7,be2e50e9,layer3.2.conv2.weight,0.7163193328169621,0.05081364586116299,0.0,0.20411707778337854,0.23739580661515108,0.5584871156014704,0.0,0.0
905afff7,cb3a86af,conv1.weight,0.8656028864628584,0.0028534652215536655,0.0,0.0,0.0,0.0,1.0,0.0
905afff7,cb3a86af,layer1.0.conv1.weight,0.7328293829469947,0.006712882030669706,0.11614281642371872,0.12383973992815583,0.16903706432830135,0.2381587663224725,0.3072555450658978,0.045566067931453604
905afff7,cb3a86af,layer1.0.conv2.weight,0.7211487056912452,0.005058204241427533,0.0,0.07090711068441666,0.13165315942577518,0.5162416356762275,0.25001043038874,0.031187663824840804
905afff7,cb3a86af,layer1.1.conv1.weight,0.724170979269605,0.003975836078970358,0.0,0.039825276771978266,0.11783469385808018,0.16127656576956573,0.6562974881758497,0.02476597542452614
905afff7,cb3a86af,layer1.1.conv2.weight,0.7604616900626651,0.003497542812160258,0.012343591840484749,0.0691943442965606,0.11147142713639968,0.28134915631064605,0.5256414804159087,0.0
905afff7,cb3a86af,layer1.2.conv1.weight,0.716580006530856,0.0029904392143329838,0.01580704964627143,0.09172879560585022,0.19480782026999918,0.05141462368821447,0.3858475957766751,0.2603941150129896
905afff7,cb3a86af,layer1.2.conv2.weight,0.6981589838862733,0.002007065596105892,0.0026024948344096585,0.020110309765159,0.10262086701549197,0.39067305771591304,0.3875587554263022,0.09643451524272434
905afff7,cb3a86af,layer2.0.conv1.weight,0.69654763021833,0.0021539566824784824,0.0,0.007014694321800671,0.05541198949818403,0.3956148661735102,0.4889197795909621,0.05303867041554299
905afff7,cb3a86af,layer2.0.conv2.weight,0.6994520720389628,0.004045259163037681,0.0,0.009520766557929118,0.03605574431747937,0.38341926540991594,0.4351626494155314,0.13584157429914398
905afff7,cb3a86af,layer2.0.shortcut.0.weight,0.6978149348056033,0.0019341076933006053,0.001828597646743441,0.021934305860502788,0.03873602495602632,0.48380000657128086,0.3509083950275005,0.10279266993794609
905afff7,cb3a86af,layer2.1.conv1.weight,0.7139270371143845,0.00354616320417049,0.0014813114430926534,0.01585879856061877,0.09512954957646534,0.4096331632317175,0.4113334420732579,0.06656373511484794
905afff7,cb3a86af,layer2.1.conv2.weight,0.7056649445575576,0.003984629671533512,0.0010194060797504541,0.029266932545468017,0.031315706347060525,0.2990094906457692,0.6169535124914285,0.02243495189052346
905afff7,cb3a86af,layer2.2.conv1.weight,0.6999811809343288,0.0033785724529206643,0.0,0.010126910440646772,0.028565695206533594,0.3410870765536054,0.563243681546037,0.056976636253177226
905afff7,cb3a86af,layer2.2.conv2.weight,0.6918907557720094,0.005216942528188851,0.004029863071496695,0.004649690925604131,0.06823266161463055,0.36970370041771444,0.4453473968056906,0.10803668716486363
905afff7,cb3a86af,layer3.0.conv1.weight,0.6811682297552779,0.008050651579095356,0.0,0.025017416825721252,0.0,0.4356345100784044,0.48837351399949014,0.050974559096384035
905afff7,cb3a86af,layer3.0.conv2.weight,0.7012185186106341,0.02794190566231985,0.0,0.07627274539923876,0.06635876055722882,0.16141270233939337,0.6464775448862491,0.049478246817889926
905afff7,cb3a86af,layer3.0.shortcut.0.weight,0.6999357122932428,0.0177930218957697,0.02643451473012602,0.07021675311587627,0.11033162398539266,0.32883105728131645,0.36107670828822097,0.10310934259906758
905afff7,cb3a86af,layer3.1.conv1.weight,0.7373956075376619,0.02552160077463437,0.03435853381696154,0.03189174568000793,0.10699135877757367,0.21563739522315792,0.6021057755829119,0.009015190919387085
905afff7,cb3a86af,layer3.1.conv2.weight,0.7268040777456699,0.05315487937980113,0.0,0.0,0.06988317650293527,0.0,0.9030674141496896,0.027049409347375285
905afff7,cb3a86af,layer3.2.conv1.weight,0.7378884065736425,0.03695432963026207,0.0,0.0,0.0929759818991362,0.0,0.8863730428399634,0.020650975260900283
905afff7,cb3a86af,layer3.2.conv2.weight,0.7350305552137554,0.0735195090598892,0.0,0.0,0.0,0.0,0.9945567408244391,0.005443259175560805
905afff7,d8bd0bc0,conv1.weight,0.9320228991639357,0.002990886265163908,0.0,0.0,0.0,0.0,1.0,0.0
905afff7,d8bd0bc0,layer1.0.conv1.weight,0.8900666991402181,0.008970656988708716,0.0,0.0,0.09154624814461162,0.05330930746545371,0.8551444443899346,0.0
905afff7,d8bd0bc0,layer1.0.conv2.weight,0.8755418311212275,0.006708447865529715,0.013634450521910063,0.03519313717089689,0.0,0.041598984991925415,0.9066995652041016,0.002873862111166024
905afff7,d8bd0bc0,layer1.1.conv1.weight,0.8767756920162718,0.004452237064523171,0.0,0.01381739288906038,0.02593510058959238,0.037850043835684674,0.9217909606501338,0.0006065020355286467
905afff7,d8bd0bc0,layer1.1.conv2.weight,0.8870096897860276,0.004286017761215261,0.0,0.013280335388963897,0.02514622317158649,0.036449251488397165,0.9251056135529758,1.8576398076766642e-05
905afff7,d8bd0bc0,layer1.2.conv1.weight,0.881646942875551,0.0033912644525901396,0.011288224680319082,0.0204884115970122,0.04221586140697644,0.05638414536124027,0.868964277372095,0.0006590795823571007
905afff7,d8bd0bc0,layer1.2.conv2.weight,0.8097697548297806,0.0022229733397691673,0.0,0.00914535174961044,0.07692986339422225,0.0750836615361105,0.8352946631681402,0.0035464601519165167
905afff7,d8bd0bc0,layer2.0.conv1.weight,0.7723220841397866,0.00237053908808218,0.0,0.0024026855828127107,0.011421962537433168,0.3462990988589291,0.6217892415632494,0.018087011457575616
905afff7,d8bd0bc0,layer2.0.conv2.weight,0.7513956416412682,0.0043150804749574525,0.0,0.006145469980169117,0.006038823171680978,0.34395988786818954,0.6179560992707468,0.02589971970921365
905afff7,d8bd0bc0,layer2.0.shortcut.0.weight,0.7393236142231668,0.0019058262617514766,0.0,0.005314468927841392,0.005775313400926699,0.41632805745951856,0.5495486290026597,0.02303353120905373
905afff7,d8bd0bc0,layer2.1.conv1.weight,0.7439345662033885,0.0035207262674190757,0.0,0.010078167792013882,0.010870860900489825,0.38766250278159453,0.5659374784632696,0.025450990062632198
905afff7,d8bd0bc0,layer2.1.conv2.weight,0.7326678821746281,0.004419235345805975,0.0,0.005889474874732368,0.06953158981882344,0.35122943798492234,0.5243897380639031,0.04895975925761862
905afff7,d8bd0bc0,layer2.2.conv1.weight,0.7434699584047364,0.0035506341101094055,0.0,0.004944055508506457,0.028878798402263282,0.3853523130417672,0.5662087609111073,0.014616072136355613
905afff7,d8bd0bc0,layer2.2.conv2.weight,0.7192238686223291,0.0053604271286036825,0.002779629123359547,0.00949541057433492,0.02449486667990698,0.33086148748629174,0.5787731379800086,0.053595468156098336
905afff7,d8bd0bc0,layer3.0.conv1.weight,0.7395401246657113,0.009560405228523952,0.0,0.006565265287782146,0.03277405169723825,0.38861726124708384,0.5603364144716847,0.011707007296210863
905afff7,d8bd0bc0,layer3.0.conv2.weight,0.7154677871845223,0.030641622777672014,0.0028384570586335784,0.004858291594218107,0.06521174767639305,0.20091730970620228,0.6536442220345542,0.07252997192999867
905afff7,d8bd0bc0,layer3.0.shortcut.0.weight,0.7117297556078405,0.01937556587078048,0.007913060309407662,0.03472264589182973,0.32043085206333916,0.4124586229388498,0.2197962621316729,0.004678556664900637
905afff7,d8bd0bc0,layer3.1.conv1.weight,0.7125836021220476,0.021608360595747222,0.012588453701532915,0.04996634078812222,0.03937870869968894,0.29580387329421365,0.5807823671614326,0.021480256355009796
905afff7,d8bd0bc0,layer3.1.conv2.weight,0.704963587608065,0.051232783441166344,0.0,0.0,0.1400402910132249,0.045406127716106005,0.8074032866385974,0.007150294632071683
905afff7,d8bd0bc0,layer3.2.conv1.weight,0.7144954197508303,0.02748366949162306,0.0,0.033657894297868654,0.4314676235298068,0.10900094152442903,0.3899196460308993,0.03595389461699618
905afff7,d8bd0bc0,layer3.2.conv2.weight,0.7375899659852231,0.05872027486845838,0.07424980658048635,0.0,0.12452087700562514,0.0,0.7905317105609055,0.010697605852982975
905afff7,e1762771,conv1.weight,0.7392110405044451,0.0029820876161481694,0.0,0.0,0.0,0.0,0.9999959891202089,4.010879791079746e-06
905afff7,e1762771,layer1.0.conv1.weight,0.8445532588304527,0.008049287353878522,0.028337045950540696,0.02126154677824666,0.0482544588589064,0.04467670237150756,0.8574702460407986,0.0
905afff7,e1762771,layer1.0.conv2.weight,0.843840590667166,0.006018426293767145,0.0,0.023529834608411456,0.026134051000945936,0.1740221980287901,0.7763139163618525,0.0
905afff7,e1762771,layer1.1.conv1.weight,0.8443894829658224,0.00461329991764091,0.0,0.005943205777426027,0.036062839721799245,0.09038687790342491,0.8658277438970624,0.001779332700287409
905afff7,e1762771,layer1.1.conv2.weight,0.8367808235435775,0.004296523731037482,0.012661443098456024,0.006816998573947903,0.06609163285683778,0.061004754881341605,0.8447878501435748,0.008637320445841859
905afff7,e1762771,layer1.2.conv1.weight,0.8496740072952519,0.003658530619757323,0.008810939429236843,0.0219430334704262,0.03570108630061362,0.11991056590748563,0.812347124540838,0.001287250351399626
905afff7,e1762771,layer1.2.conv2.weight,0.8268160314056274,0.002554445345806759,0.002591040301052163,0.010186499754786025,0.06711892837356291,0.09233684384952778,0.8227860151972586,0.00498067252381261
905afff7,e1762771,layer2.0.conv1.weight,0.7730756335193647,0.002537333474439624,0.0009989178703962976,0.016100321062948737,0.03894011510376497,0.3030185018550947,0.6372350091849595,0.003707134922835749
905afff7,e1762771,layer2.0.conv2.weight,0.7598802704551059,0.004812346994548333,0.0036326533240903522,0.01153274677210897,0.05224452053789024,0.3075332149965795,0.6119565772881901,0.013100287081140916
905afff7,e1762771,layer2.0.shortcut.0.weight,0.7651079297396087,0.002403069874381083,0.006330184509672625,0.021588073266571306,0.08882013206732962,0.3520823186761524,0.5031970337247967,0.02798225775547715
905afff7,e1762771,layer2.1.conv1.weight,0.7350361820469633,0.004063349099220762,0.00509519287820522,0.009649346346373773,0.07617680635000004,0.4018551901989725,0.47034972501887007,0.036873739207578256
905afff7,e1762771,layer2.1.conv2.weight,0.7290214812494622,0.005514546207255979,0.009505348042504682,0.0043026394379156304,0.14849864861924883,0.22068208129700265,0.5086495165110452,0.10836176609228294
905afff7,e1762771,layer2.2.conv1.weight,0.717529796292911,0.004104772935405536,0.004089551965032701,0.008055485694637057,0.0985706817547904,0.5218798405654793,0.3291008116786342,0.038303628341426386
905afff7,e1762771,layer2.2.conv2.weight,0.7057379904098835,0.006740701197601925,0.003475501049011054,0.043026834347431674,0.06553350999777299,0.3759405344862166,0.3893233409066512,0.12270027921291646
905afff7,e1762771,layer3.0.conv1.weight,0.6865489567052876,0.01086696345787468,0.01189010644574123,0.06314598273440784,0.06829025437299663,0.1666957110933813,0.5452460407418772,0.14473190461159563
905afff7,e1762771,layer3.0.conv2.weight,0.6752590715118456,0.03463695531933003,0.011883887529675754,0.08827674895755452,0.0570723313149663,0.17389652199405467,0.5598893962690795,0.10898111393466937
905afff7,e1762771,layer3.0.shortcut.0.weight,0.6996045733605339,0.022738019810291082,0.0,0.0,0.14344185106688007,0.1851784685135022,0.5571172588286922,0.11426242159092549
905afff7,e1762771,layer3.1.conv1.weight,0.6879755203604946,0.02763484182821053,0.008976518796183117,0.11328561855241195,0.1707885000695382,0.10099176265037892,0.5976238986775809,0.008333701253906933
905afff7,e1762771,layer3.1.conv2.weight,0.6852169250528082,0.0559654271488302,0.0,0.0,0.0,0.0886508061210361,0.8966471883792164,0.01470200549974751
905afff7,e1762771,layer3.2.conv1.weight,0.7058234796843535,0.03166057108650995,0.0,0.0,0.18102942561523705,0.275671540673134,0.5265666848613081,0.016732348850320735
905afff7,e1762771,layer3.2.conv2.weight,0.7030314158362353,0.06422753389328341,0.0,0.2508107662018863,0.33094267607078137,0.41824655772733227,0.0,0.0
be2e50e9,cb3a86af,conv1.weight,0.7252924799925258,0.0016765043888158453,0.0,0.0,0.0,0.0,0.7989598890697875,0.2010401109302126
be2e50e9,cb3a86af,layer1.0.conv1.weight,0.7491896940750685,0.004018815455244833,0.012417859362265277,0.04333644014962309,0.171203054499887,0.4928676386129837,0.234496561455789,0.045678445919452124
be2e50e9,cb3a86af,layer1.0.conv2.weight,0.7094619863892748,0.0032017811915791613,0.028879980050377795,0.029864745910295403,0.11959578656778523,0.36140060500842275,0.3597936622549508,0.10046522020816794
be2e50e9,cb3a86af,layer1.1.conv1.weight,0.7246973034655562,0.002504737008893193,0.02638407992345034,0.04032421241361697,0.09372956945857427,0.4202354176371706,0.31312461708465583,0.10620210348253203
be2e50e9,cb3a86af,layer1.1.conv2.weight,0.7442599882618889,0.0021014968958502057,0.024322748706726693,0.06232701294220133,0.07497107353153493,0.24034932398012937,0.5478715389760747,0.050158301863333046
be2e50e9,cb3a86af,layer1.2.conv1.weight,0.734931408539779,0.0016820076738485493,0.019375346221006222,0.033640534692493264,0.07735693212490284,0.34726901841578234,0.4249802265976544,0.09737794194816086
be2e50e9,cb3a86af,layer1.2.conv2.weight,0.7413022915387855,0.0014098752236142366,0.0097131743835838,0.0367237465204076,0.08771712285001791,0.2980689128890442,0.5291434112129223,0.03863363214402438
be2e50e9,cb3a86af,layer2.0.conv1.weight,0.7352374461761088,0.0017861416456505547,0.004740233773365403,0.018045372411894797,0.10388221636121073,0.3979410222251119,0.41367207812214346,0.06171907710627359
be2e50e9,cb3a86af,layer2.0.conv2.weight,0.7510561079871434,0.0034814895009220737,0.0060957145928085335,0.015589814043238755,0.097598262050113,0.2943632865116152,0.5564446069724425,0.029908315829781925
be2e50e9,cb3a86af,layer2.0.shortcut.0.weight,0.7439559014906152,0.0017388933570407759,0.005173721431954704,0.017959222491749995,0.12720955078668286,0.26429305857150026,0.5396768303196756,0.04568761639843668
be2e50e9,cb3a86af,layer2.1.conv1.weight,0.7301224272532463,0.003407191907996465,0.0029849716730782553,0.011333458441473048,0.1026697218076758,0.3955609257919073,0.44513341458878913,0.042317507697076484
be2e50e9,cb3a86af,layer2.1.conv2.weight,0.7140999706151868,0.003680348387023815,0.004424184197293713,0.012430571946390596,0.08550014230415635,0.3465700187555176,0.4873271202179365,0.06374796257870527
be2e50e9,cb3a86af,layer2.2.conv1.weight,0.6923395742210453,0.0032109854390154824,0.003500312735140867,0.008457628370219355,0.08143231081447644,0.3441431421939983,0.4434042796750254,0.11906232621113981
be2e50e9,cb3a86af,layer2.2.conv2.weight,0.7085291584014725,0.004741359930548866,0.00899640280646764,0.015359751701310277,0.108131381226491,0.21873512688003602,0.5313432934058058,0.11743404397988932
be2e50e9,cb3a86af,layer3.0.conv1.weight,0.7045384947566425,0.00772627514561423,0.0,0.005434550554316425,0.0767488412078266,0.35170118739311046,0.514540397404091,0.05157502344065554
be2e50e9,cb3a86af,layer3.0.conv2.weight,0.7158290748641755,0.02664427324247666,0.0,0.00805263144129856,0.12800205567315173,0.35163207047213774,0.4894836272029533,0.02282961521045862
be2e50e9,cb3a86af,layer3.0.shortcut.0.weight,0.7134335782023379,0.0156761066415087,0.004888911846021369,0.0,0.2704441236760346,0.4715323164480672,0.25035126634585414,0.002783381684022717
be2e50e9,cb3a86af,layer3.1.conv1.weight,0.7181095407629543,0.02290165841221493,0.0,0.004416078762449915,0.20058856024804042,0.36165436273110146,0.3806327363375842,0.05270826192082403
be2e50e9,cb3a86af,layer3.1.conv2.weight,0.7170554890271766,0.045418309691955636,0.0,0.0,0.6258661779483891,0.26058707279762877,0.097256577093609,0.016290172160373
be2e50e9,cb3a86af,layer3.2.conv1.weight,0.7237287350541746,0.03495893738548789,0.0,0.0,0.18268739560482125,0.3607657067207397,0.4342967799983623,0.022250117676076736
be2e50e9,cb3a86af,layer3.2.conv2.weight,0.7158021230664279,0.06521076605150983,0.13709643238336977,0.0,0.0,0.0,0.8021615233370375,0.06074204427959283
be2e50e9,d8bd0bc0,conv1.weight,0.7524208750390148,0.0018139254324260879,0.0,0.0,0.0,0.0,0.8051109963341571,0.1948890036658429
be2e50e9,d8bd0bc0,layer1.0.conv1.weight,0.7552447978443284,0.006276590413283843,0.02022210702568809,0.015903461562650784,0.055042584190171794,0.44304331720836376,0.3605931022068619,0.10519542780626369
be2e50e9,d8bd0bc0,layer1.0.conv2.weight,0.7256760408618028,0.004852024815681343,0.03480512442122437,0.02157997125497208,0.07308364360120026,0.23718693674119054,0.21057294484648828,0.4227713791349244
be2e50e9,d8bd0bc0,layer1.1.conv1.weight,0.6960842430600394,0.002981137994446006,0.024786537797339806,0.029632206218992114,0.09476144705947365,0.3938213676689307,0.3534104587847305,0.10358798247053322
be2e50e9,d8bd0bc0,layer1.1.conv2.weight,0.7237305038644105,0.0028899718449052086,0.032540055621174735,0.02468731667943834,0.06329805740876078,0.3757898868433268,0.29504767415163613,0.20863700929566328
be2e50e9,d8bd0bc0,layer1.2.conv1.weight,0.7243910729062589,0.002082832912105705,0.0261786815905478,0.01877812584367598,0.09165343395725785,0.2962080546824194,0.44231835993776536,0.12486334398833372
be2e50e9,d8bd0bc0,layer1.2.conv2.weight,0.7059566227577803,0.0016257829672775117,0.021335857159354977,0.02886952016984942,0.14457388026221188,0.3797186994994662,0.3590265533717288,0.06647548953738901
be2e50e9,d8bd0bc0,layer2.0.conv1.weight,0.7014176237105514,0.002002724051254252,0.008323855643713959,0.02047382462421726,0.16130156889827568,0.33249800435116905,0.3662418863524452,0.11116086013017888
be2e50e9,d8bd0bc0,layer2.0.conv2.weight,0.6916630258118841,0.0037513108128418445,0.009322177267344007,0.020187543822521692,0.08139933067435919,0.2921049886669193,0.4788085206874309,0.1181774388814251
be2e50e9,d8bd0bc0,layer2.0.shortcut.0.weight,0.6813788767400181,0.0017106119254916472,0.002181779820987769,0.004783632866966263,0.11649351398897397,0.5365923523246775,0.2716063538485662,0.06834236714982828
be2e50e9,d8bd0bc0,layer2.1.conv1.weight,0.6763517561619394,0.0033817549712450504,0.0028460529266082927,0.02756184788189019,0.08885623898423214,0.45180367390945897,0.33755953020437207,0.09137265609343831
be2e50e9,d8bd0bc0,layer2.1.conv2.weight,0.6790665858175108,0.0041149540612962785,0.007777948434612145,0.011395041999752725,0.14908165370863133,0.5206497333795306,0.1662398208375042,0.14485580163996906
be2e50e9,d8bd0bc0,layer2.2.conv1.weight,0.6755042939732533,0.0033830470962042235,0.006644434883978058,0.009009863044252673,0.1002721745364191,0.38766954431278755,0.3700329368116795,0.12637104641088306
be2e50e9,d8bd0bc0,layer2.2.conv2.weight,0.6875102110585032,0.0048848445309636985,0.008021066071710338,0.008868761357770087,0.0811238195107746,0.2608937691411799,0.5688409006893026,0.07225168322926256
be2e50e9,d8bd0bc0,layer3.0.conv1.weight,0.689813129188759,0.009236028795042827,0.02648575594037667,0.031576752443277664,0.09832330678832277,0.41730052362574743,0.3456997261252905,0.08061393507698504
be2e50e9,d8bd0bc0,layer3.0.conv2.weight,0.6849620924111105,0.029343990357828822,0.014543936091541964,0.024764050676395265,0.10739268515040622,0.34741725199725065,0.4766363442219845,0.029245731862421416
be2e50e9,d8bd0bc0,layer3.0.shortcut.0.weight,0.6820460304964842,0.01725865061651948,0.009921935400924703,0.008821848134230625,0.16328917457111178,0.3337443158660153,0.3812085164869802,0.10301420954073737
be2e50e9,d8bd0bc0,layer3.1.conv1.weight,0.7063819087882356,0.018988418233327788,0.004190067509029935,0.016047995135064306,0.06647854253317326,0.5202701249192978,0.3768006948238575,0.016212575079577102
be2e50e9,d8bd0bc0,layer3.1.conv2.weight,0.6999669356158396,0.043496213753320856,0.0,0.05825596712819389,0.02420044987626163,0.3011398850583392,0.5614744726982114,0.05492922523899391
be2e50e9,d8bd0bc0,layer3.2.conv1.weight,0.7030297979846193,0.025488277246848875,0.0,0.0,0.12049629862738832,0.4905906594225218,0.3706025311399255,0.018310510810164347
be2e50e9,d8bd0bc0,layer3.2.conv2.weight,0.6950091954359484,0.05041153186007902,0.05946916599294133,0.22675484940864374,0.17660233373065887,0.13923682618630093,0.3957282490347981,0.0022085756466569953
be2e50e9,e1762771,conv1.weight,0.8396245284024769,0.0018051267834103494,0.0,0.0,0.0,0.0,0.9244225458693497,0.0755774541306504
be2e50e9,e1762771,layer1.0.conv1.weight,0.7857962940281693,0.005355220778453649,0.014104523416471275,0.018476365235266405,0.09436514122285604,0.14640949460667332,0.7100631709575889,0.016581304561144105
be2e50e9,e1762771,layer1.0.conv2.weight,0.7617897011189144,0.004162003243918773,0.026188558860144956,0.022397475159383774,0.08596748502695375,0.15654243349069624,0.5616169777037886,0.14728706975903247
be2e50e9,e1762771,layer1.1.conv1.weight,0.7583066487702361,0.0031422008475637444,0.04229097129297952,0.023627864666140676,0.07699539362142337,0.3447307861575552,0.25822707081235585,0.25412791344954516
be2e50e9,e1762771,layer1.1.conv2.weight,0.7941989002036977,0.00290047781472743,0.03124298471935145,0.04799471383567216,0.04280824005636683,0.11870030587992765,0.6847897608152126,0.07446399469346952
be2e50e9,e1762771,layer1.2.conv1.weight,0.7895226990557602,0.002350099079272888,0.027667466630454315,0.017073797080670007,0.06716323842869187,0.3036020942870889,0.552372620015464,0.03212078355763074
be2e50e9,e1762771,layer1.2.conv2.weight,0.7847097345986086,0.0019572549733151033,0.02810804124616527,0.03114169419298843,0.08616830750256423,0.20798297592574339,0.6109020121559894,0.03569696897654917
be2e50e9,e1762771,layer2.0.conv1.weight,0.7599876978851594,0.0021695184376116965,0.012308394460758817,0.018655943696648636,0.1131717767370131,0.2630366477535599,0.5273294658204575,0.06549777153156214
be2e50e9,e1762771,layer2.0.conv2.weight,0.7366278423649212,0.004248577332432725,0.013074981749756288,0.02378132616078416,0.14548567470465576,0.35844510090665777,0.418667753767076,0.040545162711069935
be2e50e9,e1762771,layer2.0.shortcut.0.weight,0.7430583416724936,0.0022078555381212536,0.014157851676054663,0.0115517138807353,0.1184825884447181,0.3729571007151212,0.43667157401116186,0.046179171272208885
be2e50e9,e1762771,layer2.1.conv1.weight,0.7149651982104036,0.0039243778030467365,0.004127108216185278,0.020345020966858935,0.1257734457424992,0.426943283246399,0.3686692701971703,0.054141871630887364
be2e50e9,e1762771,layer2.1.conv2.weight,0.7326510880527377,0.005210264922746282,0.014181490855009846,0.014668115628261778,0.13246174189160806,0.3217996639105484,0.3572901637576676,0.15959882395690428
be2e50e9,e1762771,layer2.2.conv1.weight,0.7500423937565892,0.003937185921500354,0.009216459235279084,0.01210442600031137,0.12625410623916747,0.3426791356948293,0.4741795909981695,0.03556628183224321
be2e50e9,e1762771,layer2.2.conv2.weight,0.7368191432102904,0.006265118599961941,0.017691006964694337,0.007315673225604651,0.14785384747464303,0.4927583335620827,0.29071012916632444,0.04367100960665085
be2e50e9,e1762771,layer3.0.conv1.weight,0.7324485734978178,0.010542587024393552,0.01303559756172263,0.022666188104827147,0.11653296649016066,0.3296281604448562,0.44957348946002107,0.06856359793841235
be2e50e9,e1762771,layer3.0.conv2.weight,0.7242267739719014,0.033339322899486844,0.020074123063747878,0.0295418345485519,0.08796710540167885,0.6147664929473139,0.24161257432915115,0.006037869709556344
be2e50e9,e1762771,layer3.0.shortcut.0.weight,0.7252354208141367,0.02062110455603008,0.019839422945005576,0.03738576726597059,0.08264218313938557,0.4811520456669181,0.3378840347845876,0.041096546198132494
be2e50e9,e1762771,layer3.1.conv1.weight,0.758656366036394,0.025014899465791093,0.00822584075173071,0.024207019373453785,0.16018674756565063,0.13172933694264136,0.6377279181393891,0.037923137227134716
be2e50e9,e1762771,layer3.1.conv2.weight,0.7551218561488299,0.04822885746098471,0.019971490885106167,0.0,0.307218964079061,0.0,0.6256533010637138,0.04715624397211909
be2e50e9,e1762771,layer3.2.conv1.weight,0.7538845430357365,0.02966517884173576,0.0,0.10672721650792902,0.0,0.1754330020092403,0.6921725102705679,0.02566727121226272
be2e50e9,e1762771,layer3.2.conv2.weight,0.7323413611481374,0.05591879088490404,0.0,0.0,0.0,0.05568201784792692,0.9223638197477855,0.021954162404287516
cb3a86af,d8bd0bc0,conv1.weight,0.8901077331782588,0.0029195208857412122,0.0,0.0,0.0,0.0,1.0,0.0
cb3a86af,d8bd0bc0,layer1.0.conv1.weight,0.7794220904710552,0.0083839699679205,0.013284943505260398,0.010686237365095339,0.1657550559016568,0.21184345071899569,0.5980575337727038,0.0003727787362880595
cb3a86af,d8bd0bc0,layer1.0.conv2.weight,0.8018971269228481,0.006404648792025931,0.011399365648155281,0.058756364309780575,0.07145752764007716,0.06726974412949255,0.7592577267981192,0.03185927147437534
cb3a86af,d8bd0bc0,layer1.1.conv1.weight,0.7871623053472407,0.004195821520385636,0.0,0.05541124793034363,0.10841177350848186,0.137722870543315,0.6862418212388806,0.012212286778978933
cb3a86af,d8bd0bc0,layer1.1.conv2.weight,0.7791154792117908,0.003921735654296847,0.0028936685854872423,0.04340062296016143,0.09576772644029756,0.23289953380340409,0.6211607586346417,0.003877689576008047
cb3a86af,d8bd0bc0,layer1.2.conv1.weight,0.765278003222711,0.002899031646201832,0.009411678008300757,0.03149202249066195,0.11322942048401025,0.3168463130978842,0.5205541072234543,0.008466458695688583
cb3a86af,d8bd0bc0,layer1.2.conv2.weight,0.7298951576715613,0.002190601514916463,0.0,0.030056002288013976,0.06550065567268983,0.3273506157491042,0.47880693915596323,0.09828578713422896
cb3a86af,d8bd0bc0,layer2.0.conv1.weight,0.71711737402841,0.0025439275241040827,0.0,0.03845262846294288,0.031196974089926777,0.39838272060509944,0.4944720096280772,0.03749566721395375
cb3a86af,d8bd0bc0,layer2.0.conv2.weight,0.7146725962809727,0.0047403330240108465,0.0,0.005381398802701088,0.02350111747022476,0.47982552210116597,0.41776966494455525,0.07352229668135274
cb3a86af,d8bd0bc0,layer2.0.shortcut.0.weight,0.7125126607016151,0.00223060650858119,0.002126908565406445,0.021474447111007457,0.02596118625018997,0.37233405451126816,0.5208998301407601,0.05720357342136776
cb3a86af,d8bd0bc0,layer2.1.conv1.weight,0.7162563614281521,0.00415360361895128,0.0007813960179283343,0.022424221254879938,0.07759058447145181,0.4181879352424344,0.4420707448380059,0.038945118175299505
cb3a86af,d8bd0bc0,layer2.1.conv2.weight,0.714682777821377,0.005000219594366062,0.0010485855939153669,0.0047300978455465225,0.06348816306479554,0.39136750280395927,0.47494546294431594,0.06442018774746737
cb3a86af,d8bd0bc0,layer2.2.conv1.weight,0.7281851093196365,0.004105480413413351,0.0,0.008402557684605712,0.03167629828926854,0.34560735235203677,0.5618182685042985,0.05249552316979042
cb3a86af,d8bd0bc0,layer2.2.conv2.weight,0.7091484827314314,0.006086588241075067,0.006199535260270475,0.0,0.07353125351964408,0.35628802145137495,0.4802374343455085,0.08374375542320199
cb3a86af,d8bd0bc0,layer3.0.conv1.weight,0.6978131362973928,0.010605496235844388,0.0,0.020276576809918213,0.06024410426404869,0.5083936268615249,0.4045150223223802,0.006570669742128179
cb3a86af,d8bd0bc0,layer3.0.conv2.weight,0.7099699619741717,0.03503975818290168,0.0,0.0,0.33445916330822706,0.5183925422329105,0.14101153489464238,0.0061367595642198335
cb3a86af,d8bd0bc0,layer3.0.shortcut.0.weight,0.6761149548867194,0.021479798006840814,0.0,0.19770831482214607,0.10878220525419113,0.07701052386058674,0.5673338677349874,0.04916508832808872
cb3a86af,d8bd0bc0,layer3.1.conv1.weight,0.6838725697820865,0.026237891220154456,0.03474369512717479,0.03256051992597608,0.18645090147059673,0.30823809200623786,0.4087720856700617,0.02923470579995292
cb3a86af,d8bd0bc0,layer3.1.conv2.weight,0.6986852645679582,0.057396070286591445,0.024378790514358522,0.019863577779949973,0.2351767173054511,0.4478673168414693,0.19210096979444763,0.08061262776432333
cb3a86af,d8bd0bc0,layer3.2.conv1.weight,0.7069218958023689,0.03763595539248464,0.0,0.008219266055189564,0.16837122384022518,0.33895266006377234,0.4645064886755964,0.019950361365216506
cb3a86af,d8bd0bc0,layer3.2.conv2.weight,0.6940834956894688,0.07311739505880521,0.287317175283468,0.0414784017271569,0.040918167029127844,0.0,0.517130425024185,0.11315583093606224
cb3a86af,e1762771,conv1.weight,0.6558252043877768,0.0029107222367254736,0.0,0.0,0.0,0.0,0.9981641731579324,0.0018358268420675334
cb3a86af,e1762771,layer1.0.conv1.weight,0.7459071057716395,0.007462600333090306,0.007785844192147452,0.09268078382688259,0.13844730937376765,0.4579309005543208,0.3016550949833294,0.0015000670695521424
cb3a86af,e1762771,layer1.0.conv2.weight,0.7133333810190605,0.005714627220263361,0.004347928868328477,0.12892326595120046,0.13656062309910727,0.3538078991758732,0.24871393859748048,0.12764634430801028
cb3a86af,e1762771,layer1.1.conv1.weight,0.7849116902563728,0.004356884373503374,0.004879278020603687,0.022097344767253224,0.09742075692999747,0.34899751939350276,0.5146712227634032,0.011933878125239702
cb3a86af,e1762771,layer1.1.conv2.weight,0.8228792828538655,0.0039322416241190684,0.007490213591529451,0.03575655501830438,0.03907520386582284,0.30490734825680044,0.6119813748793552,0.0007893043881877429
cb3a86af,e1762771,layer1.2.conv1.weight,0.7706645520841204,0.0031662978133690156,0.004672009556950146,0.02039676639643965,0.1431137522367416,0.30331761285966435,0.4731303981011551,0.05536946084904923
cb3a86af,e1762771,layer1.2.conv2.weight,0.7803783858918594,0.0025220735209540543,0.0023839519011011495,0.014198159548134779,0.0580748220627294,0.10872618467976726,0.7057199198437618,0.11089696196450562
cb3a86af,e1762771,layer2.0.conv1.weight,0.763946978187943,0.0027107219104615266,0.003002030722665404,0.014622445983259876,0.07454656738204511,0.3733310244532477,0.5096510080020229,0.024846923456759276
cb3a86af,e1762771,layer2.0.conv2.weight,0.7627236948744156,0.005237599543601728,0.004445513639946701,0.0077494592861088165,0.04168575180468777,0.24579457960809417,0.6595590104177551,0.04076568524340767
cb3a86af,e1762771,layer2.0.shortcut.0.weight,0.7632345233596994,0.0027278501212107966,0.007471948320632202,0.0017529939950004442,0.08144335555898535,0.3165698759804806,0.5697631112044885,0.02299871494041303
cb3a86af,e1762771,layer2.1.conv1.weight,0.7667209703087279,0.004696226450752966,0.0006399173559541322,0.008133281213081106,0.020572450585202063,0.3227230642064039,0.6250715376112679,0.022859749028090848
cb3a86af,e1762771,layer2.1.conv2.weight,0.7576930982759171,0.0060955304558160655,0.010618315943812741,0.013742280314766549,0.06350819695242574,0.3170935745419238,0.5561251316788437,0.038912500568227294
cb3a86af,e1762771,layer2.2.conv1.weight,0.7361414316715141,0.004659619238709481,0.0025860084027333275,0.007821208450199716,0.09080454599979053,0.3402931721226182,0.5405181323045176,0.017976932720140656
cb3a86af,e1762771,layer2.2.conv2.weight,0.7250708583076396,0.007466862310073309,0.004106156271828182,0.014925175674780583,0.12588142783818604,0.3295039056965939,0.46376812536964196,0.06181520914896932
cb3a86af,e1762771,layer3.0.conv1.weight,0.7148759471049868,0.011912054465195113,0.010640139329051558,0.0,0.0888635946290974,0.3626400399473908,0.5090043643323713,0.02885186176208909
cb3a86af,e1762771,layer3.0.conv2.weight,0.6891834427669999,0.0390350907245597,0.0,0.05935335099342758,0.07059534858413015,0.29100751372698175,0.4680716403441447,0.11097214635131572
cb3a86af,e1762771,layer3.0.shortcut.0.weight,0.702453399287792,0.024842251946351417,0.0,0.0,0.3022778689564521,0.062425470586944594,0.5025943463006193,0.132702314155984
cb3a86af,e1762771,layer3.1.conv1.weight,0.6962832294742014,0.03226437245261776,0.0,0.07171915282183476,0.10355237717315054,0.6191317317994274,0.20137929526230605,0.004217442943281239
cb3a86af,e1762771,layer3.1.conv2.weight,0.6763903674109605,0.062128713994255305,0.0,0.0,0.10891446610880971,0.13218042416014805,0.7498216722412432,0.009083437489799022
cb3a86af,e1762771,layer3.2.conv1.weight,0.7226361345838752,0.04181285698737153,0.0,0.01224381024278421,0.23751864158483416,0.19579052879688866,0.5207668833058277,0.033680136069665315
cb3a86af,e1762771,layer3.2.conv2.weight,0.6996918741745946,0.07862465408363024,0.0,0.3114056665092029,0.19373655899887232,0.4948577744919247,0.0,0.0
d8bd0bc0,e1762771,conv1.weight,0.7344855333351971,0.003048143280335716,0.0,0.0,0.0,0.0,0.999825294426105,0.0001747055738950365
d8bd0bc0,e1762771,layer1.0.conv1.weight,0.8250906375447901,0.009720375291129315,0.0,0.018621172350233216,0.012556228838440249,0.08821919267229657,0.8780153979505049,0.0025880081885249423
d8bd0bc0,e1762771,layer1.0.conv2.weight,0.8099403345428713,0.007364870844365543,0.0,0.01832103298609085,0.06086885299771944,0.08555378719477527,0.8010326950534482,0.03422363176796618
d8bd0bc0,e1762771,layer1.1.conv1.weight,0.8139049466542572,0.004833285359056187,0.0,0.019146505472621377,0.04249093590152301,0.07774732959175822,0.8582045101923451,0.0024107188417520835
d8bd0bc0,e1762771,layer1.1.conv2.weight,0.8001947418796388,0.0047207165731740705,0.0,0.013851008226898276,0.031391453013946004,0.06168834169436644,0.8658568870934077,0.027212309971381528
d8bd0bc0,e1762771,layer1.2.conv1.weight,0.8078961457038886,0.003567123051626171,0.0,0.004061220052434752,0.024071241033390804,0.2773182090298373,0.6945493298843372,0.0
d8bd0bc0,e1762771,layer1.2.conv2.weight,0.7236404527173861,0.0027379812646173294,0.0,0.04269112365644476,0.036045349241062466,0.18591422213985626,0.6598812626309302,0.07546804233170634
d8bd0bc0,e1762771,layer2.0.conv1.weight,0.7027202701925468,0.002927304316065224,0.0,0.01430506961445783,0.09066843912031923,0.30400760311193403,0.5195401094314862,0.07147877872180261
d8bd0bc0,e1762771,layer2.0.conv2.weight,0.715064561072613,0.005507420855521498,0.0020642397039576086,0.008597799139968599,0.1186176414210749,0.29781883497971795,0.5348731029225998,0.03802838183268112
d8bd0bc0,e1762771,layer2.0.shortcut.0.weight,0.7019381386034673,0.002699568689661668,0.002718033390477128,0.020573632609241183,0.17505361259326532,0.5840715057997248,0.19094300454956206,0.02664021105772955
d8bd0bc0,e1762771,layer2.1.conv1.weight,0.7122411441135644,0.004670789514001551,0.003660790679141029,0.015582826041928075,0.14768129481362904,0.4179788747454953,0.38265355705395754,0.03244265666584899
d8bd0bc0,e1762771,layer2.1.conv2.weight,0.696930109007735,0.006530136130088529,0.0,0.012585553021639799,0.19148019917598147,0.34353391374749453,0.3920686802317279,0.06033165382315642
d8bd0bc0,e1762771,layer2.2.conv1.weight,0.7022077390532777,0.004831680895898223,0.0,0.009371519035190073,0.06463735320591928,0.3276611546763373,0.5570456005222703,0.04128437256028307
d8bd0bc0,e1762771,layer2.2.conv2.weight,0.7036759176915683,0.007610346910488142,0.0,0.005969058642246761,0.4528241747444627,0.3671238244125243,0.16308378628578435,0.010999155914982071
d8bd0bc0,e1762771,layer3.0.conv1.weight,0.6901171577888017,0.01342180811462371,0.0062755108191117695,0.016326764695123574,0.104270480052267,0.387236973170789,0.4254372997259258,0.06045297153678281
d8bd0bc0,e1762771,layer3.0.conv2.weight,0.6807979898062234,0.04173480783991186,0.013633845796794877,0.018280443376162744,0.06867623069524674,0.41727979560245854,0.4367641826625607,0.04536550186677642
d8bd0bc0,e1762771,layer3.0.shortcut.0.weight,0.7173774986192011,0.026424795921362196,0.0,0.03145394807661535,0.13010457275408904,0.11002610883524898,0.6985010396426424,0.029914330691404045
d8bd0bc0,e1762771,layer3.1.conv1.weight,0.7051326580411623,0.028351132273730623,0.010219053720852947,0.04338527048601681,0.13355371609141414,0.5285806485642928,0.24435544979844995,0.03990586133897327
d8bd0bc0,e1762771,layer3.1.conv2.weight,0.6913663993384254,0.06020661805562052,0.0,0.0,0.06283477745118354,0.5688845517798575,0.35706699550503135,0.01121367526392757
d8bd0bc0,e1762771,layer3.2.conv1.weight,0.7237722735012554,0.03234219684873252,0.0,0.0,0.009309847983712068,0.2762804743445247,0.6523850096828866,0.06202466798887649
d8bd0bc0,e1762771,layer3.2.conv2.weight,0.724428923538795,0.06382541989219942,0.0,0.0,0.16023477285790355,0.12364681860975825,0.7044639479762163,0.011654460556121921
