seed,core,recipe,gen,pair,n_classes,tauA,tauB,driftA0,driftB0,E_A,E_B,E_C,E_E,E_D_plus,E_D_minus,single_cells,norm_ratio,typed_frac,child_drift0_pre,child,acc_own,acc_all9,child_drift0_post
0,fixed,average,1,01,5,9.92409508123283,10.887184452778573,9.92409508123283,10.887184452778573,0.02137164374454093,0.05581132671242184,0.09017515440896126,0.38537297081412064,0.43490733916839336,0.012361565151562077,0.5527310956800446,0.728496538854762,0.7184087517031393,7.673887273410399,0,0.988713800907135,0.5651206970214844,8.910036777604278
0,fixed,average,1,01,5,9.92409508123283,10.887184452778573,9.92409508123283,10.887184452778573,0.02137164374454093,0.05581132671242184,0.09017515440896126,0.38537297081412064,0.43490733916839336,0.012361565151562077,0.5527310956800446,0.728496538854762,0.7184087517031393,7.673887273410399,1,0.983849048614502,0.5623401403427124,8.835492419477397
0,fixed,average,1,23,5,10.474517964269586,9.97724902370347,10.474517964269586,9.97724902370347,0.012419984695572013,0.10988151861052255,0.057371831076104524,0.3244251441518802,0.48574557877118657,0.010155942694734073,0.5040984785340792,0.7260862381168591,0.717315541551265,7.564701030832751,0,0.9685560464859009,0.5207429528236389,8.680838524631989
0,fixed,average,1,23,5,10.474517964269586,9.97724902370347,10.474517964269586,9.97724902370347,0.012419984695572013,0.10988151861052255,0.057371831076104524,0.3244251441518802,0.48574557877118657,0.010155942694734073,0.5040984785340792,0.7260862381168591,0.717315541551265,7.564701030832751,1,0.9623500108718872,0.5174062848091125,8.649086008531029
0,fixed,average,2,12,9,8.835492419477397,8.680838524631989,8.835492419477397,8.680838524631989,0.0,0.01003949271263341,0.00024098024495130472,0.42498504830748896,0.54945413175893,0.015280346975996438,0.4352655212650737,0.7310040899266417,0.7167178806474329,6.524769454192495,0,0.9448336958885193,0.9448336958885193,7.915332501650598
0,fixed,average,2,12,9,8.835492419477397,8.680838524631989,8.835492419477397,8.680838524631989,0.0,0.01003949271263341,0.00024098024495130472,0.42498504830748896,0.54945413175893,0.015280346975996438,0.4352655212650737,0.7310040899266417,0.7167178806474329,6.524769454192495,1,0.9439439177513123,0.9439439177513123,8.034076495400367
0,fixed,average,2,30,9,8.649086008531029,8.910036777604278,8.649086008531029,8.910036777604278,0.0012110142556853414,0.009713388287037335,0.006995186335786091,0.4261280166980619,0.5441953661111334,0.011757028312295968,0.44404760557657064,0.7334166449425756,0.7179524197920839,6.5684108089323745,0,0.9448336958885193,0.9448336958885193,7.98667885274537
0,fixed,average,2,30,9,8.649086008531029,8.910036777604278,8.649086008531029,8.910036777604278,0.0012110142556853414,0.009713388287037335,0.006995186335786091,0.4261280166980619,0.5441953661111334,0.011757028312295968,0.44404760557657064,0.7334166449425756,0.7179524197920839,6.5684108089323745,1,0.9443888068199158,0.9443888068199158,8.00578188182957
0,fixed,average,3,01,9,7.915332501650598,8.034076495400367,7.915332501650598,8.034076495400367,0.001223015918315299,0.0,0.00018356979091412523,0.0137587895571352,0.9848312547204815,3.3700131538997896e-06,0.015165375266364623,0.9814854656052296,0.7187021478478637,7.817619772618203,0,0.9529529213905334,0.9529529213905334,8.88127113924404
0,fixed,average,3,01,9,7.915332501650598,8.034076495400367,7.915332501650598,8.034076495400367,0.001223015918315299,0.0,0.00018356979091412523,0.0137587895571352,0.9848312547204815,3.3700131538997896e-06,0.015165375266364623,0.9814854656052296,0.7187021478478637,7.817619772618203,1,0.9528416991233826,0.9528416991233826,8.816340797780937
0,fixed,average,3,23,9,7.98667885274537,8.00578188182957,7.98667885274537,8.00578188182957,0.0,0.0,0.0006472978231792925,0.01488461359076312,0.9844664027609187,1.6858251388418933e-06,0.015531911413942412,0.980448714960269,0.7173593781076284,7.8325374498174005,0,0.9513958096504211,0.9513958096504211,8.892146697368085
0,fixed,average,3,23,9,7.98667885274537,8.00578188182957,7.98667885274537,8.00578188182957,0.0,0.0,0.0006472978231792925,0.01488461359076312,0.9844664027609187,1.6858251388418933e-06,0.015531911413942412,0.980448714960269,0.7173593781076284,7.8325374498174005,1,0.9510621428489685,0.9510621428489685,8.879681906105171
0,fixed,average,4,12,9,8.816340797780937,8.892146697368085,8.816340797780937,8.892146697368085,0.0,0.0001931917837481043,0.0006292820048980581,0.01743939535003469,0.9817314176117781,6.7132495412161946e-06,0.01826186913868085,0.9708304289289097,0.7168600283718845,8.58654790633893,0,0.9564008116722107,0.9564008116722107,9.558455436290222
0,fixed,average,4,12,9,8.816340797780937,8.892146697368085,8.816340797780937,8.892146697368085,0.0,0.0001931917837481043,0.0006292820048980581,0.01743939535003469,0.9817314176117781,6.7132495412161946e-06,0.01826186913868085,0.9708304289289097,0.7168600283718845,8.58654790633893,1,0.9597374796867371,0.9597374796867371,9.48853826157169
0,fixed,average,4,30,9,8.879681906105171,8.88127113924404,8.879681906105171,8.88127113924404,0.0009615992830613911,0.00032493445360337527,0.0010631542069855081,0.017317235901078767,0.9803213568568414,1.1719298429484081e-05,0.019666923844729043,0.9704817262793717,0.7185343416384478,8.610822191058945,0,0.9580691456794739,0.9580691456794739,9.557443259855908
0,fixed,average,4,30,9,8.879681906105171,8.88127113924404,8.879681906105171,8.88127113924404,0.0009615992830613911,0.00032493445360337527,0.0010631542069855081,0.017317235901078767,0.9803213568568414,1.1719298429484081e-05,0.019666923844729043,0.9704817262793717,0.7185343416384478,8.610822191058945,1,0.9571793675422668,0.9571793675422668,9.588691924529236
0,fixed,average,5,01,9,9.558455436290222,9.48853826157169,9.558455436290222,9.48853826157169,0.00046399442542715543,0.0,0.0005329689728772493,0.01257685137232054,0.986425524956041,6.60273334224989e-07,0.013573814770624946,0.9841198474186597,0.7166039157232637,9.363946109066918,0,0.9597374796867371,0.9597374796867371,10.191738960316151
0,fixed,average,5,01,9,9.558455436290222,9.48853826157169,9.558455436290222,9.48853826157169,0.00046399442542715543,0.0,0.0005329689728772493,0.01257685137232054,0.986425524956041,6.60273334224989e-07,0.013573814770624946,0.9841198474186597,0.7166039157232637,9.363946109066918,1,0.9658547639846802,0.9658547639846802,10.2003202391489
0,fixed,average,5,23,9,9.557443259855908,9.588691924529236,9.557443259855908,9.588691924529236,0.0,0.0,0.0003275791223081957,0.012579982051317056,0.9870903030709146,2.1357554602091673e-06,0.012907561173625253,0.9827271935890529,0.7189746990132903,9.399314165852266,0,0.9598487019538879,0.9598487019538879,10.273276723622526
0,fixed,average,5,23,9,9.557443259855908,9.588691924529236,9.557443259855908,9.588691924529236,0.0,0.0,0.0003275791223081957,0.012579982051317056,0.9870903030709146,2.1357554602091673e-06,0.012907561173625253,0.9827271935890529,0.7189746990132903,9.399314165852266,1,0.9619619846343994,0.9619619846343994,10.209150648744423
0,fixed,average,6,12,9,10.2003202391489,10.273276723622526,10.2003202391489,10.273276723622526,0.0004315352891325798,0.0,0.00020194893604769205,0.015777318360278268,0.9835834129964682,5.784418073278852e-06,0.016410802585458538,0.9754191939355741,0.7182994109419589,9.974786979632745,0,0.96329665184021,0.96329665184021,10.814847224588203
0,fixed,average,6,12,9,10.2003202391489,10.273276723622526,10.2003202391489,10.273276723622526,0.0004315352891325798,0.0,0.00020194893604769205,0.015777318360278268,0.9835834129964682,5.784418073278852e-06,0.016410802585458538,0.9754191939355741,0.7182994109419589,9.974786979632745,1,0.9684128761291504,0.9684128761291504,10.756802231908187
0,fixed,average,6,30,9,10.209150648744423,10.191738960316151,10.209150648744423,10.191738960316151,0.0,0.0,0.0011793090725532762,0.013736916586054944,0.9850819617309533,1.8126104383399567e-06,0.01491622565860822,0.9755866340724182,0.7181293668606861,9.940803699757316,0,0.9646313190460205,0.9646313190460205,10.780931872383135
0,fixed,average,6,30,9,10.209150648744423,10.191738960316151,10.209150648744423,10.191738960316151,0.0,0.0,0.0011793090725532762,0.013736916586054944,0.9850819617309533,1.8126104383399567e-06,0.01491622565860822,0.9755866340724182,0.7181293668606861,9.940803699757316,1,0.9595150351524353,0.9595150351524353,10.741683569779541
0,fixed,single-full,1,01,5,9.92409508123283,10.887184452778573,9.92409508123283,10.887184452778573,0.02137164374454093,0.05581132671242184,0.09017515440896126,0.38537297081412064,0.43490733916839336,0.012361565151562077,0.5527310956800446,1.1212809292430355,0.7184087517031393,11.450740877462444,0,0.9894921779632568,0.5655655860900879,12.265823672623688
0,fixed,single-full,1,01,5,9.92409508123283,10.887184452778573,9.92409508123283,10.887184452778573,0.02137164374454093,0.05581132671242184,0.09017515440896126,0.38537297081412064,0.43490733916839336,0.012361565151562077,0.5527310956800446,1.1212809292430355,0.7184087517031393,11.450740877462444,1,0.9892975687980652,0.565454363822937,12.2002193859108
0,fixed,single-full,1,23,5,10.474517964269586,9.97724902370347,10.474517964269586,9.97724902370347,0.012419984695572013,0.10988151861052255,0.057371831076104524,0.3244251441518802,0.48574557877118657,0.010155942694734073,0.5040984785340792,1.1026669642297868,0.717315541551265,10.965634155313232,0,0.9760032892227173,0.5247469544410706,11.620193225450944
0,fixed,single-full,1,23,5,10.474517964269586,9.97724902370347,10.474517964269586,9.97724902370347,0.012419984695572013,0.10988151861052255,0.057371831076104524,0.3244251441518802,0.48574557877118657,0.010155942694734073,0.5040984785340792,1.1026669642297868,0.717315541551265,10.965634155313232,1,0.969590425491333,0.5212990641593933,11.609689103140068
0,fixed,single-full,2,12,9,12.2002193859108,11.620193225450944,12.2002193859108,11.620193225450944,0.0010143277009009891,0.015321245563636465,0.0207634060037892,0.40966331497669217,0.5363521184891936,0.016885587265787604,0.44676229424501884,1.042141088324435,0.7164344228173417,12.495738066315583,0,0.953397810459137,0.953397810459137,13.16463697322769
0,fixed,single-full,2,12,9,12.2002193859108,11.620193225450944,12.2002193859108,11.620193225450944,0.0010143277009009891,0.015321245563636465,0.0207634060037892,0.40966331497669217,0.5363521184891936,0.016885587265787604,0.44676229424501884,1.042141088324435,0.7164344228173417,12.495738066315583,1,0.9467244744300842,0.9467244744300842,13.205061216550842
0,fixed,single-full,2,30,9,11.609689103140068,12.265823672623688,11.609689103140068,12.265823672623688,0.0,0.0020137302880041215,0.0,0.4388320113652262,0.5434640298529299,0.01569022849383976,0.4408457416532303,1.0344936183422466,0.7198212697490891,12.474885589624128,0,0.947836697101593,0.947836697101593,13.180023086826493
0,fixed,single-full,2,30,9,11.609689103140068,12.265823672623688,11.609689103140068,12.265823672623688,0.0,0.0020137302880041215,0.0,0.4388320113652262,0.5434640298529299,0.01569022849383976,0.4408457416532303,1.0344936183422466,0.7198212697490891,12.474885589624128,1,0.952396810054779,0.952396810054779,13.16689827726731
0,fixed,single-full,3,01,9,13.16463697322769,13.205061216550842,13.16463697322769,13.205061216550842,0.0,0.0,0.0,0.009629575588867578,0.9903704244111324,0.0,0.009629575588867578,1.005432391972085,0.7186731687326962,13.291364841957675,0,0.9525080323219299,0.9525080323219299,13.871887177353122
0,fixed,single-full,3,01,9,13.16463697322769,13.205061216550842,13.16463697322769,13.205061216550842,0.0,0.0,0.0,0.009629575588867578,0.9903704244111324,0.0,0.009629575588867578,1.005432391972085,0.7186731687326962,13.291364841957675,1,0.953397810459137,0.953397810459137,13.907164768936749
0,fixed,single-full,3,23,9,13.180023086826493,13.16689827726731,13.180023086826493,13.16689827726731,0.0,0.0,0.0,0.007113248594658805,0.9928867514053412,0.0,0.007113248594658805,1.0045814933394706,0.7150520312164114,13.214878532580158,0,0.9538426995277405,0.9538426995277405,13.84623183728546
0,fixed,single-full,3,23,9,13.180023086826493,13.16689827726731,13.180023086826493,13.16689827726731,0.0,0.0,0.0,0.007113248594658805,0.9928867514053412,0.0,0.007113248594658805,1.0045814933394706,0.7150520312164114,13.214878532580158,1,0.9553998112678528,0.9553998112678528,13.827833888326982
0,fixed,single-full,4,12,9,13.907164768936749,13.84623183728546,13.907164768936749,13.84623183728546,0.0031943595027159612,0.0003603891071123088,0.0008468301648655697,0.034854350647179955,0.960723518883954,2.0551694172308293e-05,0.039255929421873795,1.0235893791333324,0.7181058595309346,14.234860740307065,0,0.9624068737030029,0.9624068737030029,14.825465167060162
0,fixed,single-full,4,12,9,13.907164768936749,13.84623183728546,13.907164768936749,13.84623183728546,0.0031943595027159612,0.0003603891071123088,0.0008468301648655697,0.034854350647179955,0.960723518883954,2.0551694172308293e-05,0.039255929421873795,1.0235893791333324,0.7181058595309346,14.234860740307065,1,0.9619619846343994,0.9619619846343994,14.74133923003431
0,fixed,single-full,4,30,9,13.827833888326982,13.871887177353122,13.827833888326982,13.871887177353122,0.002089251487693215,0.0,0.0004269242076787419,0.03857531785796577,0.9589058664291338,2.640017528512931e-06,0.04109149355333773,1.0374485790977015,0.720020246536065,14.25471328160705,0,0.9642976522445679,0.9642976522445679,14.814786999073492
0,fixed,single-full,4,30,9,13.827833888326982,13.871887177353122,13.827833888326982,13.871887177353122,0.002089251487693215,0.0,0.0004269242076787419,0.03857531785796577,0.9589058664291338,2.640017528512931e-06,0.04109149355333773,1.0374485790977015,0.720020246536065,14.25471328160705,1,0.9609609246253967,0.9609609246253967,14.823467425132744
0,fixed,single-full,5,01,9,14.825465167060162,14.74133923003431,14.825465167060162,14.74133923003431,0.0020622154257449276,0.0,0.00044905560349504595,0.011304189454001079,0.9861845395167589,0.0,0.013815460483241053,1.014473151780473,0.7195644904211392,14.99934915813518,0,0.9617394804954529,0.9617394804954529,15.455489295932912
0,fixed,single-full,5,01,9,14.825465167060162,14.74133923003431,14.825465167060162,14.74133923003431,0.0020622154257449276,0.0,0.00044905560349504595,0.011304189454001079,0.9861845395167589,0.0,0.013815460483241053,1.014473151780473,0.7195644904211392,14.99934915813518,1,0.9677455425262451,0.9677455425262451,15.47939962678413
0,fixed,single-full,5,23,9,14.814786999073492,14.823467425132744,14.814786999073492,14.823467425132744,0.0,0.0,0.0,0.009248136929867463,0.990751284414131,5.786560016076672e-07,0.009248136929867463,1.0014070645055224,0.7189110128280651,14.921185074669683,0,0.9661884307861328,0.9661884307861328,15.43073784681104
0,fixed,single-full,5,23,9,14.814786999073492,14.823467425132744,14.814786999073492,14.823467425132744,0.0,0.0,0.0,0.009248136929867463,0.990751284414131,5.786560016076672e-07,0.009248136929867463,1.0014070645055224,0.7189110128280651,14.921185074669683,1,0.9608497023582458,0.9608497023582458,15.381533182877549
0,fixed,single-full,6,12,9,15.47939962678413,15.43073784681104,15.47939962678413,15.43073784681104,0.0,0.0,0.001327531638384341,0.02333087940958893,0.9752934897635768,4.809918844997179e-05,0.024658411047973273,1.0088104459991505,0.717642858934152,15.751049681165581,0,0.965965986251831,0.965965986251831,16.251576736291813
0,fixed,single-full,6,12,9,15.47939962678413,15.43073784681104,15.47939962678413,15.43073784681104,0.0,0.0,0.001327531638384341,0.02333087940958893,0.9752934897635768,4.809918844997179e-05,0.024658411047973273,1.0088104459991505,0.717642858934152,15.751049681165581,1,0.9718607664108276,0.9718607664108276,16.20157476267511
0,fixed,single-full,6,30,9,15.381533182877549,15.455489295932912,15.381533182877549,15.455489295932912,0.002150174120661838,0.0,0.0,0.031000876286728502,0.9668033180054788,4.56315871306785e-05,0.03315105040739034,1.02757092227964,0.7157035672272418,15.903342610528572,0,0.9646313190460205,0.9646313190460205,16.42228677841855
0,fixed,single-full,6,30,9,15.381533182877549,15.455489295932912,15.381533182877549,15.455489295932912,0.002150174120661838,0.0,0.0,0.031000876286728502,0.9668033180054788,4.56315871306785e-05,0.03315105040739034,1.02757092227964,0.7157035672272418,15.903342610528572,1,0.9664108753204346,0.9664108753204346,16.382219258779596
0,fixed,copyA,1,01,5,9.92409508123283,10.887184452778573,9.92409508123283,10.887184452778573,,,,,,,,,,9.92409508123283,0,0.9680871963500977,0.5533310770988464,11.763290690415895
0,fixed,copyA,1,01,5,9.92409508123283,10.887184452778573,9.92409508123283,10.887184452778573,,,,,,,,,,9.92409508123283,1,0.9713952541351318,0.5552218556404114,11.733516204907913
0,fixed,copyA,1,23,5,10.474517964269586,9.97724902370347,10.474517964269586,9.97724902370347,,,,,,,,,,10.474517964269586,0,0.9588332772254944,0.5155155062675476,12.072922525447328
0,fixed,copyA,1,23,5,10.474517964269586,9.97724902370347,10.474517964269586,9.97724902370347,,,,,,,,,,10.474517964269586,1,0.9594538807868958,0.5158491730690002,12.121205193151699
0,fixed,copyA,2,12,9,11.733516204907913,12.072922525447328,11.733516204907913,12.072922525447328,,,,,,,,,,11.733516204907913,0,0.881770670413971,0.881770670413971,13.398392170977306
0,fixed,copyA,2,12,9,11.733516204907913,12.072922525447328,11.733516204907913,12.072922525447328,,,,,,,,,,11.733516204907913,1,0.8896674513816833,0.8896674513816833,13.372200871911307
0,fixed,copyA,2,30,9,12.121205193151699,11.763290690415895,12.121205193151699,11.763290690415895,,,,,,,,,,12.121205193151699,0,0.8856634497642517,0.8856634497642517,13.895763364353808
0,fixed,copyA,2,30,9,12.121205193151699,11.763290690415895,12.121205193151699,11.763290690415895,,,,,,,,,,12.121205193151699,1,0.8911133408546448,0.8911133408546448,13.87702681143649
0,fixed,copyA,3,01,9,13.398392170977306,13.372200871911307,13.398392170977306,13.372200871911307,,,,,,,,,,13.398392170977306,0,0.9389389157295227,0.9389389157295227,13.768255416916272
0,fixed,copyA,3,01,9,13.398392170977306,13.372200871911307,13.398392170977306,13.372200871911307,,,,,,,,,,13.398392170977306,1,0.9333778023719788,0.9333778023719788,13.761018329060727
0,fixed,copyA,3,23,9,13.895763364353808,13.87702681143649,13.895763364353808,13.87702681143649,,,,,,,,,,13.895763364353808,0,0.9411633610725403,0.9411633610725403,14.310528870509573
0,fixed,copyA,3,23,9,13.895763364353808,13.87702681143649,13.895763364353808,13.87702681143649,,,,,,,,,,13.895763364353808,1,0.9429429173469543,0.9429429173469543,14.341623078015783
0,fixed,copyA,4,12,9,13.761018329060727,14.310528870509573,13.761018329060727,14.310528870509573,,,,,,,,,,13.761018329060727,0,0.9499499201774597,0.9499499201774597,14.187708322628652
0,fixed,copyA,4,12,9,13.761018329060727,14.310528870509573,13.761018329060727,14.310528870509573,,,,,,,,,,13.761018329060727,1,0.9485040307044983,0.9485040307044983,14.230706946477628
0,fixed,copyA,4,30,9,14.341623078015783,13.768255416916272,14.341623078015783,13.768255416916272,,,,,,,,,,14.341623078015783,0,0.9556222558021545,0.9556222558021545,14.69573095763632
0,fixed,copyA,4,30,9,14.341623078015783,13.768255416916272,14.341623078015783,13.768255416916272,,,,,,,,,,14.341623078015783,1,0.954287588596344,0.954287588596344,14.805623733667696
0,fixed,copyA,5,01,9,14.187708322628652,14.230706946477628,14.187708322628652,14.230706946477628,,,,,,,,,,14.187708322628652,0,0.9541763663291931,0.9541763663291931,14.658951498870975
0,fixed,copyA,5,01,9,14.187708322628652,14.230706946477628,14.187708322628652,14.230706946477628,,,,,,,,,,14.187708322628652,1,0.9572905898094177,0.9572905898094177,14.697297225119762
0,fixed,copyA,5,23,9,14.69573095763632,14.805623733667696,14.69573095763632,14.805623733667696,,,,,,,,,,14.69573095763632,0,0.9638527631759644,0.9638527631759644,15.154569115513187
0,fixed,copyA,5,23,9,14.69573095763632,14.805623733667696,14.69573095763632,14.805623733667696,,,,,,,,,,14.69573095763632,1,0.9553998112678528,0.9553998112678528,15.132649522393455
0,fixed,copyA,6,12,9,14.697297225119762,15.154569115513187,14.697297225119762,15.154569115513187,,,,,,,,,,14.697297225119762,0,0.962295651435852,0.962295651435852,15.191109276982056
0,fixed,copyA,6,12,9,14.697297225119762,15.154569115513187,14.697297225119762,15.154569115513187,,,,,,,,,,14.697297225119762,1,0.9564008116722107,0.9564008116722107,15.131907156663672
0,fixed,copyA,6,30,9,15.132649522393455,14.658951498870975,15.132649522393455,14.658951498870975,,,,,,,,,,15.132649522393455,0,0.9598487019538879,0.9598487019538879,15.554192378584807
0,fixed,copyA,6,30,9,15.132649522393455,14.658951498870975,15.132649522393455,14.658951498870975,,,,,,,,,,15.132649522393455,1,0.95884770154953,0.95884770154953,15.54025622768713
0,popmean,average,1,01,5,8.468842854265295,8.881789526479972,9.92409508123283,10.887184452778573,0.007392570830385083,0.009044295021128185,0.04228139294447989,0.5543600793694379,0.24492096005857492,0.14200070177599414,0.613078338165431,0.5783193427433527,0.7189888550457095,7.673887273410399,0,0.988713800907135,0.5651206970214844,8.91003682890794
0,popmean,average,1,01,5,8.468842854265295,8.881789526479972,9.92409508123283,10.887184452778573,0.007392570830385083,0.009044295021128185,0.04228139294447989,0.5543600793694379,0.24492096005857492,0.14200070177599414,0.613078338165431,0.5783193427433527,0.7189888550457095,7.673887273410399,1,0.983849048614502,0.5623401403427124,8.835492360604892
0,popmean,average,1,23,5,8.649744719188956,8.447465025004453,10.474517964269586,9.97724902370347,0.00042210624699735573,0.007486983323020141,0.026760368254295012,0.5691456567628181,0.27682693801252445,0.11935794740034468,0.6038151145871307,0.5920014181944828,0.7172597638884327,7.564701030832751,0,0.9685560464859009,0.5207429528236389,8.68083856525571
0,popmean,average,1,23,5,8.649744719188956,8.447465025004453,10.474517964269586,9.97724902370347,0.00042210624699735573,0.007486983323020141,0.026760368254295012,0.5691456567628181,0.27682693801252445,0.11935794740034468,0.6038151145871307,0.5920014181944828,0.7172597638884327,7.564701030832751,1,0.9623500108718872,0.5174062848091125,8.64908600876441
0,popmean,average,2,12,9,5.929215355952688,5.957948223141288,8.835492360604892,8.68083856525571,0.019805659429373824,0.01889427789212721,0.03596804207188774,0.6696147197189816,0.16471567229147727,0.09100162859615252,0.7442826991123703,0.17557411730331818,0.717428756868218,6.524769439788323,0,0.9448336958885193,0.9448336958885193,7.915332434995773
0,popmean,average,2,12,9,5.929215355952688,5.957948223141288,8.835492360604892,8.68083856525571,0.019805659429373824,0.01889427789212721,0.03596804207188774,0.6696147197189816,0.16471567229147727,0.09100162859615252,0.7442826991123703,0.17557411730331818,0.717428756868218,6.524769439788323,1,0.9439439177513123,0.9439439177513123,8.034076436453123
0,popmean,average,2,30,9,5.877156638941566,5.978421482860853,8.64908600876441,8.91003682890794,0.05235215908872242,0.0,0.0,0.6757989192472637,0.17668881551775925,0.0951601061462546,0.728151078335986,0.17633529780964935,0.7186538566811644,6.568410854059894,0,0.9448336958885193,0.9448336958885193,7.986678971777056
0,popmean,average,2,30,9,5.877156638941566,5.978421482860853,8.64908600876441,8.91003682890794,0.05235215908872242,0.0,0.0,0.6757989192472637,0.17668881551775925,0.0951601061462546,0.728151078335986,0.17633529780964935,0.7186538566811644,6.568410854059894,1,0.9443888068199158,0.9443888068199158,8.005781891982846
0,popmean,average,3,01,9,2.168521651298703,2.223231298215579,7.915332434995773,8.034076436453123,2.004726500346756e-05,0.007821657274860158,0.0036039546158553293,0.45330589877560185,0.4677980724906279,0.06745036957805117,0.4647515579313208,0.7006834870490607,0.7154259502748241,7.817619743996553,0,0.9529529213905334,0.9529529213905334,8.881302664806064
0,popmean,average,3,01,9,2.168521651298703,2.223231298215579,7.915332434995773,8.034076436453123,2.004726500346756e-05,0.007821657274860158,0.0036039546158553293,0.45330589877560185,0.4677980724906279,0.06745036957805117,0.4647515579313208,0.7006834870490607,0.7154259502748241,7.817619743996553,1,0.9528416991233826,0.9528416991233826,8.81634062072224
0,popmean,average,3,23,9,2.235709542114432,2.204683382891248,7.986678971777056,8.005781891982846,0.00011600370471647152,0.006704289735766106,0.01629531826733947,0.4601916049413991,0.45830490256681844,0.05838788078396018,0.48330721664922116,0.6896881832324495,0.7163320235260426,7.8325375027007205,0,0.9513958096504211,0.9513958096504211,8.89214682551579
0,popmean,average,3,23,9,2.235709542114432,2.204683382891248,7.986678971777056,8.005781891982846,0.00011600370471647152,0.006704289735766106,0.01629531826733947,0.4601916049413991,0.45830490256681844,0.05838788078396018,0.48330721664922116,0.6896881832324495,0.7163320235260426,7.8325375027007205,1,0.9510621428489685,0.9510621428489685,8.879683430964663
0,popmean,average,4,12,9,2.4776582100291416,2.3974959332012604,8.81634062072224,8.89214682551579,0.0016949546485966625,0.0187115922744293,0.01603996840726977,0.48242034073625567,0.3393247765946249,0.14180836733882365,0.5188668560665514,0.4617188026187522,0.7189624299634483,8.58654790207051,0,0.9564008116722107,0.9564008116722107,9.558467175184537
0,popmean,average,4,12,9,2.4776582100291416,2.3974959332012604,8.81634062072224,8.89214682551579,0.0016949546485966625,0.0187115922744293,0.01603996840726977,0.48242034073625567,0.3393247765946249,0.14180836733882365,0.5188668560665514,0.4617188026187522,0.7189624299634483,8.58654790207051,1,0.9597374796867371,0.9597374796867371,9.48853825761006
0,popmean,average,4,30,9,2.4538771579590404,2.4408848472760774,8.879683430964663,8.881302664806064,0.0,0.0030626938129522975,0.0036820634384391294,0.5013647839004979,0.360446100466243,0.1314443583818677,0.5081095411518893,0.457476748109457,0.7198686235881991,8.610840043556765,0,0.9581803679466248,0.9581803679466248,9.559241963757104
0,popmean,average,4,30,9,2.4538771579590404,2.4408848472760774,8.879683430964663,8.881302664806064,0.0,0.0030626938129522975,0.0036820634384391294,0.5013647839004979,0.360446100466243,0.1314443583818677,0.5081095411518893,0.457476748109457,0.7198686235881991,8.610840043556765,1,0.9571793675422668,0.9571793675422668,9.587667241919977
0,popmean,average,5,01,9,2.33908474721786,2.3082491007339505,9.558467175184537,9.48853825761006,0.0,0.01525846954777056,0.019905371678455106,0.4995789662366622,0.39959248361838495,0.06566470891872715,0.5347428074628878,0.666531170991814,0.7162793990162181,9.36395248883051,0,0.9597374796867371,0.9597374796867371,10.191732124847356
0,popmean,average,5,01,9,2.33908474721786,2.3082491007339505,9.558467175184537,9.48853825761006,0.0,0.01525846954777056,0.019905371678455106,0.4995789662366622,0.39959248361838495,0.06566470891872715,0.5347428074628878,0.666531170991814,0.7162793990162181,9.36395248883051,1,0.9658547639846802,0.9658547639846802,10.201014127241162
0,popmean,average,5,23,9,2.400685965279127,2.3678119799819908,9.559241963757104,9.587667241919977,0.0,0.010674440517550773,0.006100775183191198,0.4780872656528732,0.4273376275788793,0.07779989106750554,0.49486248135361516,0.6484706181184581,0.7156085895479429,9.399535471863818,0,0.9612945914268494,0.9612945914268494,10.275396025348225
0,popmean,average,5,23,9,2.400685965279127,2.3678119799819908,9.559241963757104,9.587667241919977,0.0,0.010674440517550773,0.006100775183191198,0.4780872656528732,0.4273376275788793,0.07779989106750554,0.49486248135361516,0.6484706181184581,0.7156085895479429,9.399535471863818,1,0.9617394804954529,0.9617394804954529,10.211665505308924
0,popmean,average,6,12,9,2.5942049005646166,2.671079156702156,10.201014127241162,10.275396025348225,0.0032644908253546645,0.014178713989611003,0.041474324791608314,0.454702985393842,0.35895236567717537,0.12742711932240877,0.5136205150004161,0.4837823663488859,0.7188512266954787,9.97520202426039,0,0.964186429977417,0.964186429977417,10.81572984138992
0,popmean,average,6,12,9,2.5942049005646166,2.671079156702156,10.201014127241162,10.275396025348225,0.0032644908253546645,0.014178713989611003,0.041474324791608314,0.454702985393842,0.35895236567717537,0.12742711932240877,0.5136205150004161,0.4837823663488859,0.7188512266954787,9.97520202426039,1,0.9693026542663574,0.9693026542663574,10.74998057219698
0,popmean,average,6,30,9,2.6115489795385316,2.613049943488837,10.211665505308924,10.191732124847356,0.0016992321020180413,0.010731838027140455,0.01158202802952549,0.44227874008574086,0.4172454097401331,0.11646275201544219,0.4662918382444248,0.487907963093807,0.7192514576406104,9.943106131698721,0,0.9651874303817749,0.9651874303817749,10.77390384110004
0,popmean,average,6,30,9,2.6115489795385316,2.613049943488837,10.211665505308924,10.191732124847356,0.0016992321020180413,0.010731838027140455,0.01158202802952549,0.44227874008574086,0.4172454097401331,0.11646275201544219,0.4662918382444248,0.487907963093807,0.7192514576406104,9.943106131698721,1,0.9598487019538879,0.9598487019538879,10.740071387564633
0,popmean,single-full,1,01,5,8.468842854265295,8.881789526479972,9.92409508123283,10.887184452778573,0.007392570830385083,0.009044295021128185,0.04228139294447989,0.5543600793694379,0.24492096005857492,0.14200070177599414,0.613078338165431,0.8472727203586584,0.7189888550457095,9.463208804914931,0,0.9894921779632568,0.5655655860900879,10.504737234575638
0,popmean,single-full,1,01,5,8.468842854265295,8.881789526479972,9.92409508123283,10.887184452778573,0.007392570830385083,0.009044295021128185,0.04228139294447989,0.5543600793694379,0.24492096005857492,0.14200070177599414,0.613078338165431,0.8472727203586584,0.7189888550457095,9.463208804914931,1,0.9867678880691528,0.5640084743499756,10.448248314690547
0,popmean,single-full,1,23,5,8.649744719188956,8.447465025004453,10.474517964269586,9.97724902370347,0.00042210624699735573,0.007486983323020141,0.026760368254295012,0.5691456567628181,0.27682693801252445,0.11935794740034468,0.6038151145871307,0.8813257149146285,0.7172597638884327,9.344565624444527,0,0.970417857170105,0.5217439532279968,10.12753703303475
0,popmean,single-full,1,23,5,8.649744719188956,8.447465025004453,10.474517964269586,9.97724902370347,0.00042210624699735573,0.007486983323020141,0.026760368254295012,0.5691456567628181,0.27682693801252445,0.11935794740034468,0.6038151145871307,0.8813257149146285,0.7172597638884327,9.344565624444527,1,0.9712453484535217,0.5221888422966003,10.152781368255193
0,popmean,single-full,2,12,9,7.830974998005189,7.842067943643318,10.448248314690547,10.12753703303475,0.0,0.0,0.015662713133531517,0.9138674046818138,0.0,0.07046988218465465,0.9295301178153453,0.17414393698546954,0.7191137818948701,6.798189289691753,0,0.9401623606681824,0.9401623606681824,8.14908062044879
0,popmean,single-full,2,12,9,7.830974998005189,7.842067943643318,10.448248314690547,10.12753703303475,0.0,0.0,0.015662713133531517,0.9138674046818138,0.0,0.07046988218465465,0.9295301178153453,0.17414393698546954,0.7191137818948701,6.798189289691753,1,0.9401623606681824,0.9401623606681824,8.237688680334076
0,popmean,single-full,2,30,9,7.780105791215549,7.851347525700017,10.152781368255193,10.504737234575638,0.0,0.0,0.0,0.8313364048845494,0.09515291026813984,0.07351068484731077,0.8313364048845494,0.16201161901065,0.7205953820510984,6.8973846371288,0,0.9398286938667297,0.9398286938667297,8.226310833513367
0,popmean,single-full,2,30,9,7.780105791215549,7.851347525700017,10.152781368255193,10.504737234575638,0.0,0.0,0.0,0.8313364048845494,0.09515291026813984,0.07351068484731077,0.8313364048845494,0.16201161901065,0.7205953820510984,6.8973846371288,1,0.9390501379966736,0.9390501379966736,8.24430041100722
0,popmean,single-full,3,01,9,2.229027163027891,2.3144293525355146,8.14908062044879,8.237688680334076,3.586541455906993e-05,0.010143000425093873,0.02506144952206048,0.38075214312661815,0.544365302598949,0.03964223891271939,0.41599245848833155,0.9930780746001158,0.7161996286278494,8.215426333001238,0,0.9505060315132141,0.9505060315132141,9.250883450341785
0,popmean,single-full,3,01,9,2.229027163027891,2.3144293525355146,8.14908062044879,8.237688680334076,3.586541455906993e-05,0.010143000425093873,0.02506144952206048,0.38075214312661815,0.544365302598949,0.03964223891271939,0.41599245848833155,0.9930780746001158,0.7161996286278494,8.215426333001238,1,0.9501723647117615,0.9501723647117615,9.184001327643129
0,popmean,single-full,3,23,9,2.2971799666450883,2.3438134151513377,8.226310833513367,8.24430041100722,4.619489216549357e-05,0.007809921156068846,0.008097485318406917,0.4035420910020165,0.5236915652584357,0.05681274237290649,0.41949569236865775,0.9776583577773454,0.715993998247156,8.239391923639205,0,0.9495050311088562,0.9495050311088562,9.24725846009753
0,popmean,single-full,3,23,9,2.2971799666450883,2.3438134151513377,8.226310833513367,8.24430041100722,4.619489216549357e-05,0.007809921156068846,0.008097485318406917,0.4035420910020165,0.5236915652584357,0.05681274237290649,0.41949569236865775,0.9776583577773454,0.715993998247156,8.239391923639205,1,0.950617253780365,0.950617253780365,9.18239743273225
0,popmean,single-full,4,12,9,2.9387714568485306,2.8741115373440786,9.184001327643129,9.24725846009753,0.0006615398629108066,0.0042301203894468085,0.013395079445821755,0.49193236224438186,0.3568507632899464,0.1329301347674923,0.5102191019425613,0.5061531765051102,0.7190104994661599,8.869616727867696,0,0.9564008116722107,0.9564008116722107,9.825695722377356
0,popmean,single-full,4,12,9,2.9387714568485306,2.8741115373440786,9.184001327643129,9.24725846009753,0.0006615398629108066,0.0042301203894468085,0.013395079445821755,0.49193236224438186,0.3568507632899464,0.1329301347674923,0.5102191019425613,0.5061531765051102,0.7190104994661599,8.869616727867696,1,0.9591813683509827,0.9591813683509827,9.781731540223875
0,popmean,single-full,4,30,9,2.9041066580940105,2.9177835171656086,9.18239743273225,9.250883450341785,0.0,0.004393107734375625,0.006279516422183747,0.4858754892609516,0.3692570334750944,0.1341948531073946,0.496548113417511,0.5036969701550126,0.7190277639439605,8.878668464380217,0,0.9569569230079651,0.9569569230079651,9.854317452169004
0,popmean,single-full,4,30,9,2.9041066580940105,2.9177835171656086,9.18239743273225,9.250883450341785,0.0,0.004393107734375625,0.006279516422183747,0.4858754892609516,0.3692570334750944,0.1341948531073946,0.496548113417511,0.5036969701550126,0.7190277639439605,8.878668464380217,1,0.9549549221992493,0.9549549221992493,9.833267283483481
0,popmean,single-full,5,01,9,2.435678808428431,2.463371732013729,9.825695722377356,9.781731540223875,0.0,0.000683081200544769,0.0007704453193728142,0.46552078956730564,0.483252099190044,0.04977358472273275,0.46697431608722323,0.9753349704134971,0.7161678970563503,9.791527492401631,0,0.9608497023582458,0.9608497023582458,10.580885690503807
0,popmean,single-full,5,01,9,2.435678808428431,2.463371732013729,9.825695722377356,9.781731540223875,0.0,0.000683081200544769,0.0007704453193728142,0.46552078956730564,0.483252099190044,0.04977358472273275,0.46697431608722323,0.9753349704134971,0.7161678970563503,9.791527492401631,1,0.9630742073059082,0.9630742073059082,10.639385929814408
0,popmean,single-full,5,23,9,2.5132241365348658,2.46216985315107,9.854317452169004,9.833267283483481,0.0,0.00248725194050793,0.0023616303243201298,0.48299922302567533,0.45538145383236206,0.05677044087713455,0.4878481052905034,0.9683104464491654,0.7154752181736483,9.835553498979621,0,0.9605160355567932,0.9605160355567932,10.692484343607296
0,popmean,single-full,5,23,9,2.5132241365348658,2.46216985315107,9.854317452169004,9.833267283483481,0.0,0.00248725194050793,0.0023616303243201298,0.48299922302567533,0.45538145383236206,0.05677044087713455,0.4878481052905034,0.9683104464491654,0.7154752181736483,9.835553498979621,1,0.9594038128852844,0.9594038128852844,10.609766975945275
0,popmean,single-full,6,12,9,3.110453704176181,3.173163558667498,10.639385929814408,10.692484343607296,0.004710159841871632,0.010619366801016418,0.015100626078822593,0.42663595898646806,0.4181887836912191,0.12474510460060206,0.4570661117081787,0.5294257433057796,0.7189216421135769,10.342134210042076,0,0.9637415409088135,0.9637415409088135,11.152661671726277
0,popmean,single-full,6,12,9,3.110453704176181,3.173163558667498,10.639385929814408,10.692484343607296,0.004710159841871632,0.010619366801016418,0.015100626078822593,0.42663595898646806,0.4181887836912191,0.12474510460060206,0.4570661117081787,0.5294257433057796,0.7189216421135769,10.342134210042076,1,0.9676343202590942,0.9676343202590942,11.067284750849073
0,popmean,single-full,6,30,9,3.0935072064255142,3.1205376538485883,10.609766975945275,10.580885690503807,0.00034429062534526133,0.00452527512280889,0.008430161602869395,0.4457977193078184,0.39398639947706593,0.14691615386409201,0.45909744665884195,0.5311436481385701,0.7195078345700481,10.259676870924535,0,0.9660772085189819,0.9660772085189819,11.068301849681381
0,popmean,single-full,6,30,9,3.0935072064255142,3.1205376538485883,10.609766975945275,10.580885690503807,0.00034429062534526133,0.00452527512280889,0.008430161602869395,0.4457977193078184,0.39398639947706593,0.14691615386409201,0.45909744665884195,0.5311436481385701,0.7195078345700481,10.259676870924535,1,0.9605160355567932,0.9605160355567932,11.042047265360615
0,popmean,copyA,1,01,5,8.468842854265295,8.881789526479972,9.92409508123283,10.887184452778573,,,,,,,,,,9.92409508123283,0,0.9680871963500977,0.5533310770988464,11.763290690415895
0,popmean,copyA,1,01,5,8.468842854265295,8.881789526479972,9.92409508123283,10.887184452778573,,,,,,,,,,9.92409508123283,1,0.9713952541351318,0.5552218556404114,11.733516204907913
0,popmean,copyA,1,23,5,8.649744719188956,8.447465025004453,10.474517964269586,9.97724902370347,,,,,,,,,,10.474517964269586,0,0.9588332772254944,0.5155155062675476,12.072922525447328
0,popmean,copyA,1,23,5,8.649744719188956,8.447465025004453,10.474517964269586,9.97724902370347,,,,,,,,,,10.474517964269586,1,0.9594538807868958,0.5158491730690002,12.121205193151699
0,popmean,copyA,2,12,9,7.625167963070472,7.624185329161835,11.733516204907913,12.072922525447328,,,,,,,,,,11.733516204907913,0,0.881770670413971,0.881770670413971,13.398392170977306
0,popmean,copyA,2,12,9,7.625167963070472,7.624185329161835,11.733516204907913,12.072922525447328,,,,,,,,,,11.733516204907913,1,0.8896674513816833,0.8896674513816833,13.372200871911307
0,popmean,copyA,2,30,9,7.650862581209945,7.6858156106183895,12.121205193151699,11.763290690415895,,,,,,,,,,12.121205193151699,0,0.8856634497642517,0.8856634497642517,13.895763364353808
0,popmean,copyA,2,30,9,7.650862581209945,7.6858156106183895,12.121205193151699,11.763290690415895,,,,,,,,,,12.121205193151699,1,0.8911133408546448,0.8911133408546448,13.87702681143649
0,popmean,copyA,3,01,9,8.451428319621387,8.312098632551455,13.398392170977306,13.372200871911307,,,,,,,,,,13.398392170977306,0,0.9389389157295227,0.9389389157295227,13.768255416916272
0,popmean,copyA,3,01,9,8.451428319621387,8.312098632551455,13.398392170977306,13.372200871911307,,,,,,,,,,13.398392170977306,1,0.9333778023719788,0.9333778023719788,13.761018329060727
0,popmean,copyA,3,23,9,8.343511258230647,8.339720197510516,13.895763364353808,13.87702681143649,,,,,,,,,,13.895763364353808,0,0.9411633610725403,0.9411633610725403,14.310528870509573
0,popmean,copyA,3,23,9,8.343511258230647,8.339720197510516,13.895763364353808,13.87702681143649,,,,,,,,,,13.895763364353808,1,0.9429429173469543,0.9429429173469543,14.341623078015783
0,popmean,copyA,4,12,9,8.920399366094653,8.939322270312958,13.761018329060727,14.310528870509573,,,,,,,,,,13.761018329060727,0,0.9499499201774597,0.9499499201774597,14.187708322628652
0,popmean,copyA,4,12,9,8.920399366094653,8.939322270312958,13.761018329060727,14.310528870509573,,,,,,,,,,13.761018329060727,1,0.9485040307044983,0.9485040307044983,14.230706946477628
0,popmean,copyA,4,30,9,8.939345045734385,8.966155170027262,14.341623078015783,13.768255416916272,,,,,,,,,,14.341623078015783,0,0.9556222558021545,0.9556222558021545,14.69573095763632
0,popmean,copyA,4,30,9,8.939345045734385,8.966155170027262,14.341623078015783,13.768255416916272,,,,,,,,,,14.341623078015783,1,0.954287588596344,0.954287588596344,14.805623733667696
0,popmean,copyA,5,01,9,9.229560653126736,9.258533176602525,14.187708322628652,14.230706946477628,,,,,,,,,,14.187708322628652,0,0.9541763663291931,0.9541763663291931,14.658951498870975
0,popmean,copyA,5,01,9,9.229560653126736,9.258533176602525,14.187708322628652,14.230706946477628,,,,,,,,,,14.187708322628652,1,0.9572905898094177,0.9572905898094177,14.697297225119762
0,popmean,copyA,5,23,9,9.241040478084557,9.282677235587887,14.69573095763632,14.805623733667696,,,,,,,,,,14.69573095763632,0,0.9638527631759644,0.9638527631759644,15.154569115513187
0,popmean,copyA,5,23,9,9.241040478084557,9.282677235587887,14.69573095763632,14.805623733667696,,,,,,,,,,14.69573095763632,1,0.9553998112678528,0.9553998112678528,15.132649522393455
0,popmean,copyA,6,12,9,9.581801883037382,9.553531795840463,14.697297225119762,15.154569115513187,,,,,,,,,,14.697297225119762,0,0.962295651435852,0.962295651435852,15.191109276982056
0,popmean,copyA,6,12,9,9.581801883037382,9.553531795840463,14.697297225119762,15.154569115513187,,,,,,,,,,14.697297225119762,1,0.9564008116722107,0.9564008116722107,15.131907156663672
0,popmean,copyA,6,30,9,9.598092541317676,9.593925577398009,15.132649522393455,14.658951498870975,,,,,,,,,,15.132649522393455,0,0.9598487019538879,0.9598487019538879,15.554192378584807
0,popmean,copyA,6,30,9,9.598092541317676,9.593925577398009,15.132649522393455,14.658951498870975,,,,,,,,,,15.132649522393455,1,0.95884770154953,0.95884770154953,15.54025622768713
1,fixed,average,1,01,5,10.270265537113909,11.08620955711091,10.270265537113909,11.08620955711091,0.02489370716524053,0.07484610136447267,0.08659495975389989,0.38282252124404853,0.41884851693695824,0.011994193535380454,0.5691572895276616,0.7306773668936872,0.7175865010191189,7.903596335719034,0,0.9861841201782227,0.563674807548523,9.017715707779937
1,fixed,average,1,01,5,10.270265537113909,11.08620955711091,10.270265537113909,11.08620955711091,0.02489370716524053,0.07484610136447267,0.08659495975389989,0.38282252124404853,0.41884851693695824,0.011994193535380454,0.5691572895276616,0.7306773668936872,0.7175865010191189,7.903596335719034,1,0.9894921779632568,0.5655655860900879,9.035727407785453
1,fixed,average,1,23,5,10.74203537481367,10.719655390864078,10.74203537481367,10.719655390864078,0.003704456255164237,0.037601079130570376,0.025399693450116403,0.4188867738229761,0.5012598841957007,0.013148113145472241,0.4855920026588271,0.7297799598669228,0.7199570111564373,7.991065855847826,0,0.9716590642929077,0.5224112868309021,9.089274414879695
1,fixed,average,1,23,5,10.74203537481367,10.719655390864078,10.74203537481367,10.719655390864078,0.003704456255164237,0.037601079130570376,0.025399693450116403,0.4188867738229761,0.5012598841957007,0.013148113145472241,0.4855920026588271,0.7297799598669228,0.7199570111564373,7.991065855847826,1,0.9762101769447327,0.5248581767082214,9.101551937384944
1,fixed,average,2,12,9,9.035727407785453,9.089274414879695,9.035727407785453,9.089274414879695,0.0007847708923522596,0.011404682597484367,0.01601158312337353,0.42505242206286215,0.5325505130388047,0.014196028285123013,0.4532534586760723,0.7295590313681404,0.7179503771102782,6.745149804154777,0,0.9487264752388,0.9487264752388,8.159592521325568
1,fixed,average,2,12,9,9.035727407785453,9.089274414879695,9.035727407785453,9.089274414879695,0.0007847708923522596,0.011404682597484367,0.01601158312337353,0.42505242206286215,0.5325505130388047,0.014196028285123013,0.4532534586760723,0.7295590313681404,0.7179503771102782,6.745149804154777,1,0.9422755837440491,0.9422755837440491,8.201095675249869
1,fixed,average,2,30,9,9.101551937384944,9.017715707779937,9.101551937384944,9.017715707779937,0.0,0.016005101644400818,0.013887782333300847,0.4497661315629894,0.508441714479895,0.011899269979413893,0.47965901554069107,0.7290828405435159,0.7174372511684799,6.737606348650053,0,0.9472805857658386,0.9472805857658386,8.190706500022332
1,fixed,average,2,30,9,9.101551937384944,9.017715707779937,9.101551937384944,9.017715707779937,0.0,0.016005101644400818,0.013887782333300847,0.4497661315629894,0.508441714479895,0.011899269979413893,0.47965901554069107,0.7290828405435159,0.7174372511684799,6.737606348650053,1,0.9442775845527649,0.9442775845527649,8.193804267952629
1,fixed,average,3,01,9,8.159592521325568,8.201095675249869,8.159592521325568,8.201095675249869,0.0,0.0005103472016499052,0.00023290355371682713,0.015406352662673685,0.9838500066750707,3.8990688900269586e-07,0.016149603418040417,0.9821366020645359,0.7169383461447565,8.02728768559082,0,0.9437214732170105,0.9437214732170105,9.027640340227206
1,fixed,average,3,01,9,8.159592521325568,8.201095675249869,8.159592521325568,8.201095675249869,0.0,0.0005103472016499052,0.00023290355371682713,0.015406352662673685,0.9838500066750707,3.8990688900269586e-07,0.016149603418040417,0.9821366020645359,0.7169383461447565,8.02728768559082,1,0.9536202549934387,0.9536202549934387,9.024579873501967
1,fixed,average,3,23,9,8.190706500022332,8.193804267952629,8.190706500022332,8.193804267952629,0.0,0.0,0.0,0.011222961415704304,0.9887710165236686,6.022060627365096e-06,0.011222961415704304,0.983767477426384,0.7182206892725067,8.051052438817374,0,0.9516182541847229,0.9516182541847229,9.069848721538504
1,fixed,average,3,23,9,8.190706500022332,8.193804267952629,8.190706500022332,8.193804267952629,0.0,0.0,0.0,0.011222961415704304,0.9887710165236686,6.022060627365096e-06,0.011222961415704304,0.983767477426384,0.7182206892725067,8.051052438817374,1,0.9548436999320984,0.9548436999320984,9.174339883388704
1,fixed,average,4,12,9,9.024579873501967,9.069848721538504,9.024579873501967,9.069848721538504,0.0011777093630923067,0.0,0.0004148104970837523,0.017310278018281222,0.9810949597606792,2.242360863557537e-06,0.01890279787845728,0.9709764656376534,0.7169309393338661,8.774586324192718,0,0.9611833691596985,0.9611833691596985,9.727303144666337
1,fixed,average,4,12,9,9.024579873501967,9.069848721538504,9.024579873501967,9.069848721538504,0.0011777093630923067,0.0,0.0004148104970837523,0.017310278018281222,0.9810949597606792,2.242360863557537e-06,0.01890279787845728,0.9709764656376534,0.7169309393338661,8.774586324192718,1,0.9600711464881897,0.9600711464881897,9.75216682979328
1,fixed,average,4,30,9,9.174339883388704,9.027640340227206,9.174339883388704,9.027640340227206,0.0013013383422254695,0.0003004558629900673,0.0002878413846646795,0.015661823913269743,0.9824431930926282,5.3474042216745396e-06,0.017551459503149958,0.9719185517063809,0.7173992080228635,8.833436998518254,0,0.9581803679466248,0.9581803679466248,9.827488984641867
1,fixed,average,4,30,9,9.174339883388704,9.027640340227206,9.174339883388704,9.027640340227206,0.0013013383422254695,0.0003004558629900673,0.0002878413846646795,0.015661823913269743,0.9824431930926282,5.3474042216745396e-06,0.017551459503149958,0.9719185517063809,0.7173992080228635,8.833436998518254,1,0.9558447003364563,0.9558447003364563,9.718769293512834
1,fixed,average,5,01,9,9.727303144666337,9.75216682979328,9.727303144666337,9.75216682979328,0.001289395300198246,0.0,0.0,0.012457110454562026,0.9862529632851377,5.309601019921702e-07,0.01374650575476027,0.9846864945976321,0.719210147809517,9.58124229414467,0,0.964186429977417,0.964186429977417,10.450383550484844
1,fixed,average,5,01,9,9.727303144666337,9.75216682979328,9.727303144666337,9.75216682979328,0.001289395300198246,0.0,0.0,0.012457110454562026,0.9862529632851377,5.309601019921702e-07,0.01374650575476027,0.9846864945976321,0.719210147809517,9.58124229414467,1,0.9578467011451721,0.9578467011451721,10.47668912042339
1,fixed,average,5,23,9,9.827488984641867,9.718769293512834,9.827488984641867,9.718769293512834,0.0012106396696522147,0.0,0.0,0.013073346258212552,0.9857075218890412,8.49218309397e-06,0.014283985927864767,0.983013473560262,0.7184030860162238,9.601655817792961,0,0.9620732069015503,0.9620732069015503,10.526654976638874
1,fixed,average,5,23,9,9.827488984641867,9.718769293512834,9.827488984641867,9.718769293512834,0.0012106396696522147,0.0,0.0,0.013073346258212552,0.9857075218890412,8.49218309397e-06,0.014283985927864767,0.983013473560262,0.7184030860162238,9.601655817792961,1,0.9595150351524353,0.9595150351524353,10.437387416810195
1,fixed,average,6,12,9,10.47668912042339,10.526654976638874,10.47668912042339,10.526654976638874,0.00035199911959741495,0.0007370782081492558,0.0014002159922009705,0.013850439160614745,0.983658170241975,2.0972774627009913e-06,0.016339732480562384,0.9740817753192976,0.7180935292129009,10.217970887942961,0,0.9619619846343994,0.9619619846343994,11.009495167039063
1,fixed,average,6,12,9,10.47668912042339,10.526654976638874,10.47668912042339,10.526654976638874,0.00035199911959741495,0.0007370782081492558,0.0014002159922009705,0.013850439160614745,0.983658170241975,2.0972774627009913e-06,0.016339732480562384,0.9740817753192976,0.7180935292129009,10.217970887942961,1,0.9647425413131714,0.9647425413131714,11.03735997791908
1,fixed,average,6,30,9,10.437387416810195,10.450383550484844,10.437387416810195,10.450383550484844,0.0008989037610051671,0.0,0.0002545056108507567,0.015334323401494801,0.9835117639566711,5.032699780598399e-07,0.016487732773350725,0.9757763623212046,0.7194936458335978,10.178589054302055,0,0.966966986656189,0.966966986656189,11.026947699305225
1,fixed,average,6,30,9,10.437387416810195,10.450383550484844,10.437387416810195,10.450383550484844,0.0008989037610051671,0.0,0.0002545056108507567,0.015334323401494801,0.9835117639566711,5.032699780598399e-07,0.016487732773350725,0.9757763623212046,0.7194936458335978,10.178589054302055,1,0.9639639854431152,0.9639639854431152,10.984276293135009
1,fixed,single-full,1,01,5,10.270265537113909,11.08620955711091,10.270265537113909,11.08620955711091,0.02489370716524053,0.07484610136447267,0.08659495975389989,0.38282252124404853,0.41884851693695824,0.011994193535380454,0.5691572895276616,1.133362103530834,0.7175865010191189,11.865785469388221,0,0.9850165843963623,0.5630074739456177,12.490626002514698
1,fixed,single-full,1,01,5,10.270265537113909,11.08620955711091,10.270265537113909,11.08620955711091,0.02489370716524053,0.07484610136447267,0.08659495975389989,0.38282252124404853,0.41884851693695824,0.011994193535380454,0.5691572895276616,1.133362103530834,0.7175865010191189,11.865785469388221,1,0.987351655960083,0.5643421411514282,12.508455941156047
1,fixed,single-full,1,23,5,10.74203537481367,10.719655390864078,10.74203537481367,10.719655390864078,0.003704456255164237,0.037601079130570376,0.025399693450116403,0.4188867738229761,0.5012598841957007,0.013148113145472241,0.4855920026588271,1.1063025755072429,0.7199570111564373,11.475365927693089,0,0.9780719876289368,0.5258591771125793,12.118065172114548
1,fixed,single-full,1,23,5,10.74203537481367,10.719655390864078,10.74203537481367,10.719655390864078,0.003704456255164237,0.037601079130570376,0.025399693450116403,0.4188867738229761,0.5012598841957007,0.013148113145472241,0.4855920026588271,1.1063025755072429,0.7199570111564373,11.475365927693089,1,0.9760032892227173,0.5247469544410706,12.109372879306292
1,fixed,single-full,2,12,9,12.508455941156047,12.118065172114548,12.508455941156047,12.118065172114548,0.011529473750459237,0.03800879697159683,0.047530682904425,0.4279503130099551,0.4648825354886293,0.010098197874934788,0.5250192666364362,1.1260532978548068,0.7175954175406696,13.330330511228727,0,0.957957923412323,0.957957923412323,13.941786396322515
1,fixed,single-full,2,12,9,12.508455941156047,12.118065172114548,12.508455941156047,12.118065172114548,0.011529473750459237,0.03800879697159683,0.047530682904425,0.4279503130099551,0.4648825354886293,0.010098197874934788,0.5250192666364362,1.1260532978548068,0.7175954175406696,13.330330511228727,1,0.9459459185600281,0.9459459185600281,13.944999071532829
1,fixed,single-full,2,30,9,12.109372879306292,12.490626002514698,12.109372879306292,12.490626002514698,0.011816212575606756,0.039051158951642205,0.03962059485386921,0.4363948258885181,0.4616276246247919,0.011489583105571835,0.5268827922696362,1.0948937858615986,0.7164853241002431,13.3595720978476,0,0.9562895894050598,0.9562895894050598,14.004727366874793
1,fixed,single-full,2,30,9,12.109372879306292,12.490626002514698,12.109372879306292,12.490626002514698,0.011816212575606756,0.039051158951642205,0.03962059485386921,0.4363948258885181,0.4616276246247919,0.011489583105571835,0.5268827922696362,1.0948937858615986,0.7164853241002431,13.3595720978476,1,0.9561783671379089,0.9561783671379089,13.956637249827969
1,fixed,single-full,3,01,9,13.941786396322515,13.944999071532829,13.941786396322515,13.944999071532829,0.0,0.0,0.0,0.010490235495881167,0.9895097645041189,0.0,0.010490235495881167,1.008930926174093,0.7179517464418322,14.082387134708693,0,0.9498386979103088,0.9498386979103088,14.670284929243087
1,fixed,single-full,3,01,9,13.941786396322515,13.944999071532829,13.941786396322515,13.944999071532829,0.0,0.0,0.0,0.010490235495881167,0.9895097645041189,0.0,0.010490235495881167,1.008930926174093,0.7179517464418322,14.082387134708693,1,0.9584028124809265,0.9584028124809265,14.652315499041892
1,fixed,single-full,3,23,9,14.004727366874793,13.956637249827969,14.004727366874793,13.956637249827969,0.0,0.0,0.0006825114918859526,0.006384502661729957,0.9929322275700045,7.582763796312513e-07,0.007067014153615909,1.004559651170784,0.7210151796469408,14.041793864183179,0,0.9631854295730591,0.9631854295730591,14.645650705664979
1,fixed,single-full,3,23,9,14.004727366874793,13.956637249827969,14.004727366874793,13.956637249827969,0.0,0.0,0.0006825114918859526,0.006384502661729957,0.9929322275700045,7.582763796312513e-07,0.007067014153615909,1.004559651170784,0.7210151796469408,14.041793864183179,1,0.9548436999320984,0.9548436999320984,14.598556928335576
1,fixed,single-full,4,12,9,14.652315499041892,14.645650705664979,14.652315499041892,14.645650705664979,0.0013224023150130693,0.0,0.0003643028148226029,0.035710182899619906,0.9625694501225956,3.36618479488003e-05,0.03739688802945558,1.0308432297638843,0.7178324486203393,14.991017898732226,0,0.9635190963745117,0.9635190963745117,15.502409445190612
1,fixed,single-full,4,12,9,14.652315499041892,14.645650705664979,14.652315499041892,14.645650705664979,0.0013224023150130693,0.0,0.0003643028148226029,0.035710182899619906,0.9625694501225956,3.36618479488003e-05,0.03739688802945558,1.0308432297638843,0.7178324486203393,14.991017898732226,1,0.9615170359611511,0.9615170359611511,15.506880300476661
1,fixed,single-full,4,30,9,14.598556928335576,14.670284929243087,14.598556928335576,14.670284929243087,0.0011717859079975804,0.00034096060499031,0.00037596192711093914,0.032753061626468176,0.9652953830877912,6.284684564167195e-05,0.034641770066567004,1.0233934187914584,0.7167118621907461,14.902964889178374,0,0.9619619846343994,0.9619619846343994,15.44629045746179
1,fixed,single-full,4,30,9,14.598556928335576,14.670284929243087,14.598556928335576,14.670284929243087,0.0011717859079975804,0.00034096060499031,0.00037596192711093914,0.032753061626468176,0.9652953830877912,6.284684564167195e-05,0.034641770066567004,1.0233934187914584,0.7167118621907461,14.902964889178374,1,0.9606272578239441,0.9606272578239441,15.399165102801794
1,fixed,single-full,5,01,9,15.502409445190612,15.506880300476661,15.502409445190612,15.506880300476661,0.0,0.0,0.0,0.005357537647570102,0.9946422522954065,2.1005702350781538e-07,0.005357537647570102,0.998695198606742,0.7196371211437733,15.521999207868424,0,0.9656323194503784,0.9656323194503784,16.03234746813066
1,fixed,single-full,5,01,9,15.502409445190612,15.506880300476661,15.502409445190612,15.506880300476661,0.0,0.0,0.0,0.005357537647570102,0.9946422522954065,2.1005702350781538e-07,0.005357537647570102,0.998695198606742,0.7196371211437733,15.521999207868424,1,0.9657435417175293,0.9657435417175293,16.03436095253532
1,fixed,single-full,5,23,9,15.44629045746179,15.399165102801794,15.44629045746179,15.399165102801794,0.0,0.0,0.0,0.007819806824662169,0.9921801931753377,0.0,0.007819806824662169,1.0011555531926444,0.7158866921709093,15.501111681660236,0,0.96329665184021,0.96329665184021,16.050852531217828
1,fixed,single-full,5,23,9,15.44629045746179,15.399165102801794,15.44629045746179,15.399165102801794,0.0,0.0,0.0,0.007819806824662169,0.9921801931753377,0.0,0.007819806824662169,1.0011555531926444,0.7158866921709093,15.501111681660236,1,0.9656323194503784,0.9656323194503784,15.978008075171863
1,fixed,single-full,6,12,9,16.03436095253532,16.050852531217828,16.03436095253532,16.050852531217828,0.0,0.0,0.001061302462658736,0.02137885047613571,0.9775597366797065,1.1038149895755601e-07,0.022440152938794443,1.0177205474089448,0.7167536212807643,16.31534906828396,0,0.9657435417175293,0.9657435417175293,16.812455469800792
1,fixed,single-full,6,12,9,16.03436095253532,16.050852531217828,16.03436095253532,16.050852531217828,0.0,0.0,0.001061302462658736,0.02137885047613571,0.9775597366797065,1.1038149895755601e-07,0.022440152938794443,1.0177205474089448,0.7167536212807643,16.31534906828396,1,0.9657435417175293,0.9657435417175293,16.833651690310475
1,fixed,single-full,6,30,9,15.978008075171863,16.03234746813066,15.978008075171863,16.03234746813066,0.0,0.0,0.0,0.030983625543079346,0.9690161570972874,2.1735963335490855e-07,0.030983625543079346,1.036249559081173,0.719886416066588,16.49737973860024,0,0.9671894311904907,0.9671894311904907,17.010461303998806
1,fixed,single-full,6,30,9,15.978008075171863,16.03234746813066,15.978008075171863,16.03234746813066,0.0,0.0,0.0,0.030983625543079346,0.9690161570972874,2.1735963335490855e-07,0.030983625543079346,1.036249559081173,0.719886416066588,16.49737973860024,1,0.9696363210678101,0.9696363210678101,16.924302099450404
1,fixed,copyA,1,01,5,10.270265537113909,11.08620955711091,10.270265537113909,11.08620955711091,,,,,,,,,,10.270265537113909,0,0.971979022026062,0.555555522441864,11.931706688043612
1,fixed,copyA,1,01,5,10.270265537113909,11.08620955711091,10.270265537113909,11.08620955711091,,,,,,,,,,10.270265537113909,1,0.9750924706459045,0.5573351383209229,11.920740768342819
1,fixed,copyA,1,23,5,10.74203537481367,10.719655390864078,10.74203537481367,10.719655390864078,,,,,,,,,,10.74203537481367,0,0.9611088037490845,0.5167389512062073,12.364290005461948
1,fixed,copyA,1,23,5,10.74203537481367,10.719655390864078,10.74203537481367,10.719655390864078,,,,,,,,,,10.74203537481367,1,0.9652462005615234,0.5189633965492249,12.380615229556794
1,fixed,copyA,2,12,9,11.920740768342819,12.364290005461948,11.920740768342819,12.364290005461948,,,,,,,,,,11.920740768342819,0,0.8931153416633606,0.8931153416633606,13.62896887727302
1,fixed,copyA,2,12,9,11.920740768342819,12.364290005461948,11.920740768342819,12.364290005461948,,,,,,,,,,11.920740768342819,1,0.8977866768836975,0.8977866768836975,13.565508368930715
1,fixed,copyA,2,30,9,12.380615229556794,11.931706688043612,12.380615229556794,11.931706688043612,,,,,,,,,,12.380615229556794,0,0.8931153416633606,0.8931153416633606,14.02792502627529
1,fixed,copyA,2,30,9,12.380615229556794,11.931706688043612,12.380615229556794,11.931706688043612,,,,,,,,,,12.380615229556794,1,0.9047936797142029,0.9047936797142029,14.088924095268565
1,fixed,copyA,3,01,9,13.62896887727302,13.565508368930715,13.62896887727302,13.565508368930715,,,,,,,,,,13.62896887727302,0,0.9241463541984558,0.9241463541984558,14.076082680416343
1,fixed,copyA,3,01,9,13.62896887727302,13.565508368930715,13.62896887727302,13.565508368930715,,,,,,,,,,13.62896887727302,1,0.9418306946754456,0.9418306946754456,14.089875809234325
1,fixed,copyA,3,23,9,14.02792502627529,14.088924095268565,14.02792502627529,14.088924095268565,,,,,,,,,,14.02792502627529,0,0.9458346962928772,0.9458346962928772,14.46229802510524
1,fixed,copyA,3,23,9,14.02792502627529,14.088924095268565,14.02792502627529,14.088924095268565,,,,,,,,,,14.02792502627529,1,0.9390501379966736,0.9390501379966736,14.434762597827383
1,fixed,copyA,4,12,9,14.089875809234325,14.46229802510524,14.089875809234325,14.46229802510524,,,,,,,,,,14.089875809234325,0,0.9505060315132141,0.9505060315132141,14.510596370201407
1,fixed,copyA,4,12,9,14.089875809234325,14.46229802510524,14.089875809234325,14.46229802510524,,,,,,,,,,14.089875809234325,1,0.9495050311088562,0.9495050311088562,14.56519543491428
1,fixed,copyA,4,30,9,14.434762597827383,14.076082680416343,14.434762597827383,14.076082680416343,,,,,,,,,,14.434762597827383,0,0.9612945914268494,0.9612945914268494,14.885702801348243
1,fixed,copyA,4,30,9,14.434762597827383,14.076082680416343,14.434762597827383,14.076082680416343,,,,,,,,,,14.434762597827383,1,0.9591813683509827,0.9591813683509827,14.834753527804693
1,fixed,copyA,5,01,9,14.510596370201407,14.56519543491428,14.510596370201407,14.56519543491428,,,,,,,,,,14.510596370201407,0,0.957068145275116,0.957068145275116,14.90634387201331
1,fixed,copyA,5,01,9,14.510596370201407,14.56519543491428,14.510596370201407,14.56519543491428,,,,,,,,,,14.510596370201407,1,0.9558447003364563,0.9558447003364563,14.979054266577048
1,fixed,copyA,5,23,9,14.885702801348243,14.834753527804693,14.885702801348243,14.834753527804693,,,,,,,,,,14.885702801348243,0,0.9536202549934387,0.9536202549934387,15.37791510790708
1,fixed,copyA,5,23,9,14.885702801348243,14.834753527804693,14.885702801348243,14.834753527804693,,,,,,,,,,14.885702801348243,1,0.9606272578239441,0.9606272578239441,15.34433514526395
1,fixed,copyA,6,12,9,14.979054266577048,15.37791510790708,14.979054266577048,15.37791510790708,,,,,,,,,,14.979054266577048,0,0.962295651435852,0.962295651435852,15.440250125131767
1,fixed,copyA,6,12,9,14.979054266577048,15.37791510790708,14.979054266577048,15.37791510790708,,,,,,,,,,14.979054266577048,1,0.9602935910224915,0.9602935910224915,15.459182692213812
1,fixed,copyA,6,30,9,15.34433514526395,14.90634387201331,15.34433514526395,14.90634387201331,,,,,,,,,,15.34433514526395,0,0.9664108753204346,0.9664108753204346,15.782001171531077
1,fixed,copyA,6,30,9,15.34433514526395,14.90634387201331,15.34433514526395,14.90634387201331,,,,,,,,,,15.34433514526395,1,0.9664108753204346,0.9664108753204346,15.751537538381104
1,popmean,average,1,01,5,8.76920532168387,9.087382861472658,10.270265537113909,11.08620955711091,0.007307603237013996,0.011436807284946912,0.05768173511170569,0.48825344818903826,0.31080025922307175,0.12452014695422335,0.5646795938227048,0.5874570941652418,0.7172323472913842,7.903596335719034,0,0.9861841201782227,0.563674807548523,9.017715558043934
1,popmean,average,1,01,5,8.76920532168387,9.087382861472658,10.270265537113909,11.08620955711091,0.007307603237013996,0.011436807284946912,0.05768173511170569,0.48825344818903826,0.31080025922307175,0.12452014695422335,0.5646795938227048,0.5874570941652418,0.7172323472913842,7.903596335719034,1,0.9894921779632568,0.5655655860900879,9.035727418100487
1,popmean,average,1,23,5,8.8646257849813,8.946353510436067,10.74203537481367,10.719655390864078,0.002166716907694405,0.009969094665792941,0.02172052190198651,0.5412459510141787,0.28328113125402077,0.14161658425632678,0.5751022844896526,0.5895574216033941,0.7164200377520957,7.991065855847825,0,0.9716590642929077,0.5224112868309021,9.089274357743333
1,popmean,average,1,23,5,8.8646257849813,8.946353510436067,10.74203537481367,10.719655390864078,0.002166716907694405,0.009969094665792941,0.02172052190198651,0.5412459510141787,0.28328113125402077,0.14161658425632678,0.5751022844896526,0.5895574216033941,0.7164200377520957,7.991065855847825,1,0.9762101769447327,0.5248581767082214,9.101551931796777
1,popmean,average,2,12,9,6.173084329765848,6.123672896639818,9.035727418100487,9.089274357743333,0.05963891565125143,0.029863939753444254,0.0,0.5877815077115874,0.21806517387754276,0.10465046300617424,0.6772843631162832,0.1675144722804982,0.7183815952325673,6.745149766770331,0,0.9487264752388,0.9487264752388,8.15959254762175
1,popmean,average,2,12,9,6.173084329765848,6.123672896639818,9.035727418100487,9.089274357743333,0.05963891565125143,0.029863939753444254,0.0,0.5877815077115874,0.21806517387754276,0.10465046300617424,0.6772843631162832,0.1675144722804982,0.7183815952325673,6.745149766770331,1,0.9422755837440491,0.9422755837440491,8.201095692838086
1,popmean,average,2,30,9,6.1614520795487495,6.1436491418524835,9.101551931796777,9.017715558043934,0.02792972989309034,0.04058220139498775,0.013475441814132525,0.6521366080970153,0.18837983451904258,0.07749618428173148,0.734123981199226,0.16735850061861046,0.7179832057234905,6.737606298287359,0,0.9471693634986877,0.9471693634986877,8.190716496531126
1,popmean,average,2,30,9,6.1614520795487495,6.1436491418524835,9.101551931796777,9.017715558043934,0.02792972989309034,0.04058220139498775,0.013475441814132525,0.6521366080970153,0.18837983451904258,0.07749618428173148,0.734123981199226,0.16735850061861046,0.7179832057234905,6.737606298287359,1,0.9442775845527649,0.9442775845527649,8.19380436406429
1,popmean,average,3,01,9,2.1803326288707767,2.2094071972725025,8.15959254762175,8.201095692838086,0.0,0.006848216814807931,0.006726933000722772,0.4421728587621338,0.4841412133220395,0.06011077810029613,0.4557480085776645,0.6984002485327356,0.7158050845839492,8.027287708897504,0,0.9437214732170105,0.9437214732170105,9.027640405126466
1,popmean,average,3,01,9,2.1803326288707767,2.2094071972725025,8.15959254762175,8.201095692838086,0.0,0.006848216814807931,0.006726933000722772,0.4421728587621338,0.4841412133220395,0.06011077810029613,0.4557480085776645,0.6984002485327356,0.7158050845839492,8.027287708897504,1,0.9536202549934387,0.9536202549934387,9.024579854135578
1,popmean,average,3,23,9,2.1606777322168704,2.1428374444136846,8.190716496531126,8.19380436406429,1.6608431631996307e-05,0.002486152511600155,0.0016161210421663436,0.44998613344563565,0.4933882332778092,0.0525067512911567,0.45410501543103415,0.7160040667698135,0.7155305564600493,8.05105867137506,0,0.9519519209861755,0.9519519209861755,9.069914768095266
1,popmean,average,3,23,9,2.1606777322168704,2.1428374444136846,8.190716496531126,8.19380436406429,1.6608431631996307e-05,0.002486152511600155,0.0016161210421663436,0.44998613344563565,0.4933882332778092,0.0525067512911567,0.45410501543103415,0.7160040667698135,0.7155305564600493,8.05105867137506,1,0.9548436999320984,0.9548436999320984,9.173387887238915
1,popmean,average,4,12,9,2.5221477815397884,2.510482174574837,9.024579854135578,9.069914768095266,0.00020684004389095388,0.012415318243766139,0.012344339247860119,0.4724849589653746,0.38321369168781,0.11933485181129838,0.49745145650089184,0.4769225105841315,0.7192301466645752,8.774708090831329,0,0.9617394804954529,0.9617394804954529,9.7266050540867
1,popmean,average,4,12,9,2.5221477815397884,2.510482174574837,9.024579854135578,9.069914768095266,0.00020684004389095388,0.012415318243766139,0.012344339247860119,0.4724849589653746,0.38321369168781,0.11933485181129838,0.49745145650089184,0.4769225105841315,0.7192301466645752,8.774708090831329,1,0.9590701460838318,0.9590701460838318,9.75450190813905
1,popmean,average,4,30,9,2.4911610653138965,2.520480548093194,9.173387887238915,9.027640405126466,0.0017698561130584044,0.01822857508474501,0.02313612310872271,0.461972815071505,0.3701683565733546,0.12472427404861429,0.5051073693780311,0.48116948455645175,0.7190910803365886,8.832864480522865,0,0.9574018120765686,0.9574018120765686,9.8119965983638
1,popmean,average,4,30,9,2.4911610653138965,2.520480548093194,9.173387887238915,9.027640405126466,0.0017698561130584044,0.01822857508474501,0.02313612310872271,0.461972815071505,0.3701683565733546,0.12472427404861429,0.5051073693780311,0.48116948455645175,0.7190910803365886,8.832864480522865,1,0.9566232562065125,0.9566232562065125,9.718408177007927
1,popmean,average,5,01,9,2.3948425027506017,2.417188086314933,9.7266050540867,9.75450190813905,0.00010383609357611407,0.020403728361084228,0.01955412273525056,0.4444315269088882,0.4537252788178502,0.061781507083350666,0.4844932140987991,0.688358486118618,0.7152861839842068,9.581804648050715,0,0.9628517627716064,0.9628517627716064,10.452232624609966
1,popmean,average,5,01,9,2.3948425027506017,2.417188086314933,9.7266050540867,9.75450190813905,0.00010383609357611407,0.020403728361084228,0.01955412273525056,0.4444315269088882,0.4537252788178502,0.061781507083350666,0.4844932140987991,0.688358486118618,0.7152861839842068,9.581804648050715,1,0.9568457007408142,0.9568457007408142,10.472059630682292
1,popmean,average,5,23,9,2.437616691754489,2.4753442653596136,9.8119965983638,9.718408177007927,0.0,0.010879257031821122,0.007512456689297311,0.4555529628946589,0.4574083917234301,0.06864693166079261,0.4739446766157773,0.6676902191456215,0.7162989632319621,9.59417288002492,0,0.9627405405044556,0.9627405405044556,10.53268939061463
1,popmean,average,5,23,9,2.437616691754489,2.4753442653596136,9.8119965983638,9.718408177007927,0.0,0.010879257031821122,0.007512456689297311,0.4555529628946589,0.4574083917234301,0.06864693166079261,0.4739446766157773,0.6676902191456215,0.7162989632319621,9.59417288002492,1,0.9599599242210388,0.9599599242210388,10.436078707290816
1,popmean,average,6,12,9,2.726017484251993,2.7796776500386007,10.472059630682292,10.53268939061463,0.001013666251431629,0.012287981466577062,0.0218533764727116,0.4396578311506199,0.40911921815507707,0.11606792650358266,0.4748128553413402,0.4767668135039593,0.7188632873031575,10.219200719529411,0,0.9629629850387573,0.9629629850387573,11.009781442223954
1,popmean,average,6,12,9,2.726017484251993,2.7796776500386007,10.472059630682292,10.53268939061463,0.001013666251431629,0.012287981466577062,0.0218533764727116,0.4396578311506199,0.40911921815507707,0.11606792650358266,0.4748128553413402,0.4767668135039593,0.7188632873031575,10.219200719529411,1,0.9646313190460205,0.9646313190460205,11.032260664432835
1,popmean,average,6,30,9,2.659659779327866,2.689763555532631,10.436078707290816,10.452232624609966,0.00018254684996181378,0.008819772753270795,0.010509986956895449,0.4510534510051121,0.4040138402693125,0.12542040216544728,0.47056575756524016,0.4911171316341975,0.7188814213840697,10.180191909885211,0,0.9666333198547363,0.9666333198547363,11.04087539604724
1,popmean,average,6,30,9,2.659659779327866,2.689763555532631,10.436078707290816,10.452232624609966,0.00018254684996181378,0.008819772753270795,0.010509986956895449,0.4510534510051121,0.4040138402693125,0.12542040216544728,0.47056575756524016,0.4911171316341975,0.7188814213840697,10.180191909885211,1,0.9655210971832275,0.9655210971832275,10.994849650183182
1,popmean,single-full,1,01,5,8.76920532168387,9.087382861472658,10.270265537113909,11.08620955711091,0.007307603237013996,0.011436807284946912,0.05768173511170569,0.48825344818903826,0.31080025922307175,0.12452014695422335,0.5646795938227048,0.8488473738763825,0.7172323472913842,9.665646574020055,0,0.987351655960083,0.5643421411514282,10.50201726705447
1,popmean,single-full,1,01,5,8.76920532168387,9.087382861472658,10.270265537113909,11.08620955711091,0.007307603237013996,0.011436807284946912,0.05768173511170569,0.48825344818903826,0.31080025922307175,0.12452014695422335,0.5646795938227048,0.8488473738763825,0.7172323472913842,9.665646574020055,1,0.9889083504676819,0.5652319192886353,10.509152543111432
1,popmean,single-full,1,23,5,8.8646257849813,8.946353510436067,10.74203537481367,10.719655390864078,0.002166716907694405,0.009969094665792941,0.02172052190198651,0.5412459510141787,0.28328113125402077,0.14161658425632678,0.5751022844896526,0.8333714067018795,0.7164200377520957,9.84636846920935,0,0.9729002714157104,0.5230786204338074,10.654388396908264
1,popmean,single-full,1,23,5,8.8646257849813,8.946353510436067,10.74203537481367,10.719655390864078,0.002166716907694405,0.009969094665792941,0.02172052190198651,0.5412459510141787,0.28328113125402077,0.14161658425632678,0.5751022844896526,0.8333714067018795,0.7164200377520957,9.84636846920935,1,0.9757964611053467,0.5246357321739197,10.637172270161376
1,popmean,single-full,2,12,9,8.074449977145147,8.042778075620674,10.509152543111432,10.654388396908264,0.0,0.0,0.0,0.8565047899935458,0.07518763221925273,0.06830757778720135,0.8565047899935458,0.15420513787991824,0.7194411129487072,7.009044211964011,0,0.9477254748344421,0.9477254748344421,8.371494976560879
1,popmean,single-full,2,12,9,8.074449977145147,8.042778075620674,10.509152543111432,10.654388396908264,0.0,0.0,0.0,0.8565047899935458,0.07518763221925273,0.06830757778720135,0.8565047899935458,0.15420513787991824,0.7194411129487072,7.009044211964011,1,0.9410521388053894,0.9410521388053894,8.41523092538265
1,popmean,single-full,2,30,9,8.030515267515057,8.046013620278412,10.637172270161376,10.50201726705447,0.0,0.0678692762868032,0.04168019758415638,0.8180782268966108,0.0,0.07237229923242951,0.9276277007675704,0.1578451121109092,0.7188586271359388,6.9819813339476635,0,0.9455010294914246,0.9455010294914246,8.355547839156666
1,popmean,single-full,2,30,9,8.030515267515057,8.046013620278412,10.637172270161376,10.50201726705447,0.0,0.0678692762868032,0.04168019758415638,0.8180782268966108,0.0,0.07237229923242951,0.9276277007675704,0.1578451121109092,0.7188586271359388,6.9819813339476635,1,0.9424980282783508,0.9424980282783508,8.422265408149533
1,popmean,single-full,3,01,9,2.267021858060103,2.3164993355724923,8.371494976560879,8.41523092538265,0.0,0.0013373348320091939,0.00016202346789721112,0.3850277459873935,0.5780704697717485,0.035402425940951505,0.38652710428729986,0.9899228286847617,0.7157367420762364,8.401003749711059,0,0.9452785849571228,0.9452785849571228,9.347300602174752
1,popmean,single-full,3,01,9,2.267021858060103,2.3164993355724923,8.371494976560879,8.41523092538265,0.0,0.0013373348320091939,0.00016202346789721112,0.3850277459873935,0.5780704697717485,0.035402425940951505,0.38652710428729986,0.9899228286847617,0.7157367420762364,8.401003749711059,1,0.9555110335350037,0.9555110335350037,9.323309858680583
1,popmean,single-full,3,23,9,2.2750593886856607,2.2643513933145765,8.355547839156666,8.422265408149533,0.0,0.005129511268715615,0.0033426272433362074,0.38019319262979917,0.5712762141489245,0.04005845470922471,0.388665331141851,1.0031693973836633,0.7160830711966694,8.410906671675413,0,0.9499499201774597,0.9499499201774597,9.42131841284601
1,popmean,single-full,3,23,9,2.2750593886856607,2.2643513933145765,8.355547839156666,8.422265408149533,0.0,0.005129511268715615,0.0033426272433362074,0.38019319262979917,0.5712762141489245,0.04005845470922471,0.388665331141851,1.0031693973836633,0.7160830711966694,8.410906671675413,1,0.9546212553977966,0.9546212553977966,9.464269917234196
1,popmean,single-full,4,12,9,2.974740564191466,2.9531523923766403,9.323309858680583,9.42131841284601,0.00015737842539141123,0.002692607350071861,0.00846399491039916,0.5068199105376918,0.36262923656498713,0.11923687221145876,0.5181338912235542,0.5382333950723104,0.7198204540945525,9.023468926471583,0,0.9602935910224915,0.9602935910224915,9.951543014053026
1,popmean,single-full,4,12,9,2.974740564191466,2.9531523923766403,9.323309858680583,9.42131841284601,0.00015737842539141123,0.002692607350071861,0.00846399491039916,0.5068199105376918,0.36262923656498713,0.11923687221145876,0.5181338912235542,0.5382333950723104,0.7198204540945525,9.023468926471583,1,0.9590701460838318,0.9590701460838318,9.979356054370726
1,popmean,single-full,4,30,9,2.9329724838829763,2.9270736834906463,9.464269917234196,9.347300602174752,0.0006624422812326848,0.003116913897681673,0.00732536367447241,0.4688414475511801,0.3915013426330956,0.12855248996233756,0.4799461674045669,0.5316216555383646,0.7197616898776551,9.086956364909275,0,0.9586252570152283,0.9586252570152283,10.09387660116026
1,popmean,single-full,4,30,9,2.9329724838829763,2.9270736834906463,9.464269917234196,9.347300602174752,0.0006624422812326848,0.003116913897681673,0.00732536367447241,0.4688414475511801,0.3915013426330956,0.12855248996233756,0.4799461674045669,0.5316216555383646,0.7197616898776551,9.086956364909275,1,0.9552885890007019,0.9552885890007019,9.98765113004691
1,popmean,single-full,5,01,9,2.528255403214108,2.5691666426292317,9.951543014053026,9.979356054370726,0.00011521872061181601,0.013653477241437107,0.02297045837923201,0.38678187078410303,0.5271270206240064,0.04935195425060985,0.423521025125384,1.0051723942527075,0.7161217979114628,9.964182135575092,0,0.9612945914268494,0.9612945914268494,10.805040119641141
1,popmean,single-full,5,01,9,2.528255403214108,2.5691666426292317,9.951543014053026,9.979356054370726,0.00011521872061181601,0.013653477241437107,0.02297045837923201,0.38678187078410303,0.5271270206240064,0.04935195425060985,0.423521025125384,1.0051723942527075,0.7161217979114628,9.964182135575092,1,0.9581803679466248,0.9581803679466248,10.78897173569729
1,popmean,single-full,5,23,9,2.6017871003684645,2.622319704036016,10.09387660116026,9.98765113004691,0.0,0.005004975650012899,0.008806923194681878,0.4153721038009916,0.5124915820771156,0.058324415277197936,0.42918400264568635,0.9744651921727442,0.7157093164534019,10.040668023580968,0,0.9612945914268494,0.9612945914268494,10.914968372045305
1,popmean,single-full,5,23,9,2.6017871003684645,2.622319704036016,10.09387660116026,9.98765113004691,0.0,0.005004975650012899,0.008806923194681878,0.4153721038009916,0.5124915820771156,0.058324415277197936,0.42918400264568635,0.9744651921727442,0.7157093164534019,10.040668023580968,1,0.9580691456794739,0.9580691456794739,10.862643368693375
1,popmean,single-full,6,12,9,3.2303193563061923,3.2554244822989316,10.78897173569729,10.914968372045305,0.0005432554900594238,0.011361974935649758,0.012879895906921419,0.42731754181129666,0.41515100249557996,0.13274632936049288,0.45210266814392724,0.5219274833181891,0.7186018699508108,10.49081545581133,0,0.9638527631759644,0.9638527631759644,11.22662743989908
1,popmean,single-full,6,12,9,3.2303193563061923,3.2554244822989316,10.78897173569729,10.914968372045305,0.0005432554900594238,0.011361974935649758,0.012879895906921419,0.42731754181129666,0.41515100249557996,0.13274632936049288,0.45210266814392724,0.5219274833181891,0.7186018699508108,10.49081545581133,1,0.9621844291687012,0.9621844291687012,11.284274463729274
1,popmean,single-full,6,30,9,3.171996467957833,3.193662349707312,10.862643368693375,10.805040119641141,0.0011578717554053604,0.008730742138410602,0.019183200539222997,0.4463869705944275,0.4161927170841311,0.10834849788840235,0.47545878502746647,0.5410457037782901,0.7191014904850612,10.503036448769175,0,0.9679679870605469,0.9679679870605469,11.278865325760329
1,popmean,single-full,6,30,9,3.171996467957833,3.193662349707312,10.862643368693375,10.805040119641141,0.0011578717554053604,0.008730742138410602,0.019183200539222997,0.4463869705944275,0.4161927170841311,0.10834849788840235,0.47545878502746647,0.5410457037782901,0.7191014904850612,10.503036448769175,1,0.9665220975875854,0.9665220975875854,11.26051869455115
1,popmean,copyA,1,01,5,8.76920532168387,9.087382861472658,10.270265537113909,11.08620955711091,,,,,,,,,,10.270265537113909,0,0.971979022026062,0.555555522441864,11.931706688043612
1,popmean,copyA,1,01,5,8.76920532168387,9.087382861472658,10.270265537113909,11.08620955711091,,,,,,,,,,10.270265537113909,1,0.9750924706459045,0.5573351383209229,11.920740768342819
1,popmean,copyA,1,23,5,8.8646257849813,8.946353510436067,10.74203537481367,10.719655390864078,,,,,,,,,,10.74203537481367,0,0.9611088037490845,0.5167389512062073,12.364290005461948
1,popmean,copyA,1,23,5,8.8646257849813,8.946353510436067,10.74203537481367,10.719655390864078,,,,,,,,,,10.74203537481367,1,0.9652462005615234,0.5189633965492249,12.380615229556794
1,popmean,copyA,2,12,9,7.880049189491485,7.887850680554316,11.920740768342819,12.364290005461948,,,,,,,,,,11.920740768342819,0,0.8931153416633606,0.8931153416633606,13.62896887727302
1,popmean,copyA,2,12,9,7.880049189491485,7.887850680554316,11.920740768342819,12.364290005461948,,,,,,,,,,11.920740768342819,1,0.8977866768836975,0.8977866768836975,13.565508368930715
1,popmean,copyA,2,30,9,7.890834745288842,7.8697260918423115,12.380615229556794,11.931706688043612,,,,,,,,,,12.380615229556794,0,0.8931153416633606,0.8931153416633606,14.02792502627529
1,popmean,copyA,2,30,9,7.890834745288842,7.8697260918423115,12.380615229556794,11.931706688043612,,,,,,,,,,12.380615229556794,1,0.9047936797142029,0.9047936797142029,14.088924095268565
1,popmean,copyA,3,01,9,8.697644048990224,8.656272195217444,13.62896887727302,13.565508368930715,,,,,,,,,,13.62896887727302,0,0.9241463541984558,0.9241463541984558,14.076082680416343
1,popmean,copyA,3,01,9,8.697644048990224,8.656272195217444,13.62896887727302,13.565508368930715,,,,,,,,,,13.62896887727302,1,0.9418306946754456,0.9418306946754456,14.089875809234325
1,popmean,copyA,3,23,9,8.69763467938435,8.676606889711174,14.02792502627529,14.088924095268565,,,,,,,,,,14.02792502627529,0,0.9458346962928772,0.9458346962928772,14.46229802510524
1,popmean,copyA,3,23,9,8.69763467938435,8.676606889711174,14.02792502627529,14.088924095268565,,,,,,,,,,14.02792502627529,1,0.9390501379966736,0.9390501379966736,14.434762597827383
1,popmean,copyA,4,12,9,9.234478333689804,9.203356453620263,14.089875809234325,14.46229802510524,,,,,,,,,,14.089875809234325,0,0.9505060315132141,0.9505060315132141,14.510596370201407
1,popmean,copyA,4,12,9,9.234478333689804,9.203356453620263,14.089875809234325,14.46229802510524,,,,,,,,,,14.089875809234325,1,0.9495050311088562,0.9495050311088562,14.56519543491428
1,popmean,copyA,4,30,9,9.229872346912146,9.219566733488257,14.434762597827383,14.076082680416343,,,,,,,,,,14.434762597827383,0,0.9612945914268494,0.9612945914268494,14.885702801348243
1,popmean,copyA,4,30,9,9.229872346912146,9.219566733488257,14.434762597827383,14.076082680416343,,,,,,,,,,14.434762597827383,1,0.9591813683509827,0.9591813683509827,14.834753527804693
1,popmean,copyA,5,01,9,9.495411561328117,9.545021732263486,14.510596370201407,14.56519543491428,,,,,,,,,,14.510596370201407,0,0.957068145275116,0.957068145275116,14.90634387201331
1,popmean,copyA,5,01,9,9.495411561328117,9.545021732263486,14.510596370201407,14.56519543491428,,,,,,,,,,14.510596370201407,1,0.9558447003364563,0.9558447003364563,14.979054266577048
1,popmean,copyA,5,23,9,9.527493394958737,9.463918682968881,14.885702801348243,14.834753527804693,,,,,,,,,,14.885702801348243,0,0.9536202549934387,0.9536202549934387,15.37791510790708
1,popmean,copyA,5,23,9,9.527493394958737,9.463918682968881,14.885702801348243,14.834753527804693,,,,,,,,,,14.885702801348243,1,0.9606272578239441,0.9606272578239441,15.34433514526395
1,popmean,copyA,6,12,9,9.866905452001768,9.865444662048514,14.979054266577048,15.37791510790708,,,,,,,,,,14.979054266577048,0,0.962295651435852,0.962295651435852,15.440250125131767
1,popmean,copyA,6,12,9,9.866905452001768,9.865444662048514,14.979054266577048,15.37791510790708,,,,,,,,,,14.979054266577048,1,0.9602935910224915,0.9602935910224915,15.459182692213812
1,popmean,copyA,6,30,9,9.838648734354132,9.813016072106361,15.34433514526395,14.90634387201331,,,,,,,,,,15.34433514526395,0,0.9664108753204346,0.9664108753204346,15.782001171531077
1,popmean,copyA,6,30,9,9.838648734354132,9.813016072106361,15.34433514526395,14.90634387201331,,,,,,,,,,15.34433514526395,1,0.9664108753204346,0.9664108753204346,15.751537538381104
2,fixed,average,1,01,5,10.244811118636251,10.9345301830312,10.244811118636251,10.9345301830312,0.014346270279868959,0.0739900425480555,0.07624267564594708,0.3967251784756758,0.4247298084451457,0.013966024605306984,0.5613041669495473,0.7186549429884712,0.7185324944903289,7.726082413270595,0,0.9848219752311707,0.5628962516784668,8.877999090125511
2,fixed,average,1,01,5,10.244811118636251,10.9345301830312,10.244811118636251,10.9345301830312,0.014346270279868959,0.0739900425480555,0.07624267564594708,0.3967251784756758,0.4247298084451457,0.013966024605306984,0.5613041669495473,0.7186549429884712,0.7185324944903289,7.726082413270595,1,0.9863787293434143,0.5637860298156738,8.872848686779713
2,fixed,average,1,23,5,10.837860314309673,10.468910065810462,10.837860314309673,10.468910065810462,0.004564690921981008,0.014109027645790048,0.03889624477442024,0.3926934774265963,0.5407842048716011,0.008952354359611454,0.4502634407687876,0.7292215075880578,0.7171795897602437,7.944746335586016,0,0.9716590642929077,0.5224112868309021,8.983075356416647
2,fixed,average,1,23,5,10.837860314309673,10.468910065810462,10.837860314309673,10.468910065810462,0.004564690921981008,0.014109027645790048,0.03889624477442024,0.3926934774265963,0.5407842048716011,0.008952354359611454,0.4502634407687876,0.7292215075880578,0.7171795897602437,7.944746335586016,1,0.970417857170105,0.5217439532279968,9.04287324064285
2,fixed,average,2,12,9,8.872848686779713,8.983075356416647,8.872848686779713,8.983075356416647,0.00045014752078422225,0.006045868029291592,0.014573231612922538,0.4293398830954549,0.5338639995177683,0.015726870223778333,0.45040913025845325,0.728776984123086,0.7177318616756698,6.619972020589267,0,0.9443888068199158,0.9443888068199158,8.171910943750792
2,fixed,average,2,12,9,8.872848686779713,8.983075356416647,8.872848686779713,8.983075356416647,0.00045014752078422225,0.006045868029291592,0.014573231612922538,0.4293398830954549,0.5338639995177683,0.015726870223778333,0.45040913025845325,0.728776984123086,0.7177318616756698,6.619972020589267,1,0.9480591416358948,0.9480591416358948,8.171560121102917
2,fixed,average,2,30,9,9.04287324064285,8.877999090125511,9.04287324064285,8.877999090125511,0.0012661689262465415,0.006389619717457661,0.012720973318459445,0.4566553196468324,0.5089927461903676,0.013975172200636474,0.4770320816089961,0.7297620357076828,0.7176471704747351,6.656573463718904,0,0.9512845873832703,0.9512845873832703,8.199701879211874
2,fixed,average,2,30,9,9.04287324064285,8.877999090125511,9.04287324064285,8.877999090125511,0.0012661689262465415,0.006389619717457661,0.012720973318459445,0.4566553196468324,0.5089927461903676,0.013975172200636474,0.4770320816089961,0.7297620357076828,0.7176471704747351,6.656573463718904,1,0.9401623606681824,0.9401623606681824,8.150872454157243
2,fixed,average,3,01,9,8.171910943750792,8.171560121102917,8.171910943750792,8.171560121102917,0.0015136729141698262,0.00042461418683524907,0.0,0.013478708656860027,0.9845783868722284,4.617369906220414e-06,0.015416995757865103,0.9814688254013406,0.7187677971146449,8.008805848981243,0,0.9549549221992493,0.9549549221992493,9.12148051323487
2,fixed,average,3,01,9,8.171910943750792,8.171560121102917,8.171910943750792,8.171560121102917,0.0015136729141698262,0.00042461418683524907,0.0,0.013478708656860027,0.9845783868722284,4.617369906220414e-06,0.015416995757865103,0.9814688254013406,0.7187677971146449,8.008805848981243,1,0.9602935910224915,0.9602935910224915,9.037392361608827
2,fixed,average,3,23,9,8.199701879211874,8.150872454157243,8.199701879211874,8.150872454157243,0.0,0.0,0.0012883502333275447,0.016711714020198585,0.9819873738815108,1.2561864963161304e-05,0.01800006425352613,0.9810842138434734,0.7182050554620227,8.011859797240138,0,0.9601823687553406,0.9601823687553406,9.072600394531465
2,fixed,average,3,23,9,8.199701879211874,8.150872454157243,8.199701879211874,8.150872454157243,0.0,0.0,0.0012883502333275447,0.016711714020198585,0.9819873738815108,1.2561864963161304e-05,0.01800006425352613,0.9810842138434734,0.7182050554620227,8.011859797240138,1,0.9546212553977966,0.9546212553977966,9.047427839731501
2,fixed,average,4,12,9,9.037392361608827,9.072600394531465,9.037392361608827,9.072600394531465,0.0,0.0,0.00037679170875274277,0.01424683266023882,0.9853754051053737,9.70525634845732e-07,0.014623624368991563,0.9725767684893624,0.7177222255983517,8.794881759269632,0,0.9594038128852844,0.9594038128852844,9.763127117057687
2,fixed,average,4,12,9,9.037392361608827,9.072600394531465,9.037392361608827,9.072600394531465,0.0,0.0,0.00037679170875274277,0.01424683266023882,0.9853754051053737,9.70525634845732e-07,0.014623624368991563,0.9725767684893624,0.7177222255983517,8.794881759269632,1,0.9560671448707581,0.9560671448707581,9.749539296467155
2,fixed,average,4,30,9,9.047427839731501,9.12148051323487,9.047427839731501,9.12148051323487,0.00036608673626940347,0.0,0.0013659824303593568,0.014385576640363731,0.9838808803432035,1.473849803957876e-06,0.016117645806992494,0.9713146600769855,0.7190843922302594,8.813190915127615,0,0.9559559226036072,0.9559559226036072,9.745177096712391
2,fixed,average,4,30,9,9.047427839731501,9.12148051323487,9.047427839731501,9.12148051323487,0.00036608673626940347,0.0,0.0013659824303593568,0.014385576640363731,0.9838808803432035,1.473849803957876e-06,0.016117645806992494,0.9713146600769855,0.7190843922302594,8.813190915127615,1,0.9575130343437195,0.9575130343437195,9.75485798668555
2,fixed,average,5,01,9,9.763127117057687,9.749539296467155,9.763127117057687,9.749539296467155,0.00037086685121808275,0.0,0.0,0.012571401368504353,0.9870551781553287,2.553624948859156e-06,0.012942268219722436,0.9835461899065593,0.7190895175319534,9.588788752886368,0,0.9590701460838318,0.9590701460838318,10.428067308211629
2,fixed,average,5,01,9,9.763127117057687,9.749539296467155,9.763127117057687,9.749539296467155,0.00037086685121808275,0.0,0.0,0.012571401368504353,0.9870551781553287,2.553624948859156e-06,0.012942268219722436,0.9835461899065593,0.7190895175319534,9.588788752886368,1,0.965965986251831,0.965965986251831,10.425826261697683
2,fixed,average,5,23,9,9.745177096712391,9.75485798668555,9.745177096712391,9.75485798668555,0.00035362520327350295,0.0006711503064448553,0.0002251579423178494,0.012719148349529938,0.9860302986653553,6.195330787310128e-07,0.013969081801566145,0.9827864250173781,0.7181476116848975,9.575413228444608,0,0.9644088745117188,0.9644088745117188,10.374332160651482
2,fixed,average,5,23,9,9.745177096712391,9.75485798668555,9.745177096712391,9.75485798668555,0.00035362520327350295,0.0006711503064448553,0.0002251579423178494,0.012719148349529938,0.9860302986653553,6.195330787310128e-07,0.013969081801566145,0.9827864250173781,0.7181476116848975,9.575413228444608,1,0.9624068737030029,0.9624068737030029,10.340296483001385
2,fixed,average,6,12,9,10.425826261697683,10.374332160651482,10.425826261697683,10.374332160651482,0.001004329718146254,0.00022849166108744538,0.0,0.014832983904360724,0.983920942190533,1.3252525872442976e-05,0.016065805283594425,0.9759289379450105,0.718509664544705,10.139419870030787,0,0.9644088745117188,0.9644088745117188,10.91740249340904
2,fixed,average,6,12,9,10.425826261697683,10.374332160651482,10.425826261697683,10.374332160651482,0.001004329718146254,0.00022849166108744538,0.0,0.014832983904360724,0.983920942190533,1.3252525872442976e-05,0.016065805283594425,0.9759289379450105,0.718509664544705,10.139419870030787,1,0.9615170359611511,0.9615170359611511,10.923948611112793
2,fixed,average,6,30,9,10.340296483001385,10.428067308211629,10.340296483001385,10.428067308211629,0.0009356978725154123,0.0,0.0004197844664383822,0.00965303190555995,0.9889896582230376,1.8275324487829562e-06,0.011008514244513743,0.9756787936315654,0.7183061489674857,10.124072040164348,0,0.9647425413131714,0.9647425413131714,10.942247309756793
2,fixed,average,6,30,9,10.340296483001385,10.428067308211629,10.340296483001385,10.428067308211629,0.0009356978725154123,0.0,0.0004197844664383822,0.00965303190555995,0.9889896582230376,1.8275324487829562e-06,0.011008514244513743,0.9756787936315654,0.7183061489674857,10.124072040164348,1,0.9568457007408142,0.9568457007408142,10.91546933689494
2,fixed,single-full,1,01,5,10.244811118636251,10.9345301830312,10.244811118636251,10.9345301830312,0.014346270279868959,0.0739900425480555,0.07624267564594708,0.3967251784756758,0.4247298084451457,0.013966024605306984,0.5613041669495473,1.0989003935475874,0.7185324944903289,11.551259775611426,0,0.985989511013031,0.5635635852813721,12.254302663448136
2,fixed,single-full,1,01,5,10.244811118636251,10.9345301830312,10.244811118636251,10.9345301830312,0.014346270279868959,0.0739900425480555,0.07624267564594708,0.3967251784756758,0.4247298084451457,0.013966024605306984,0.5613041669495473,1.0989003935475874,0.7185324944903289,11.551259775611426,1,0.9861841201782227,0.563674807548523,12.235690671404921
2,fixed,single-full,1,23,5,10.837860314309673,10.468910065810462,10.837860314309673,10.468910065810462,0.004564690921981008,0.014109027645790048,0.03889624477442024,0.3926934774265963,0.5407842048716011,0.008952354359611454,0.4502634407687876,1.0735984920526906,0.7171795897602437,11.205137624515945,0,0.97724449634552,0.5254142880439758,11.8888485294473
2,fixed,single-full,1,23,5,10.837860314309673,10.468910065810462,10.837860314309673,10.468910065810462,0.004564690921981008,0.014109027645790048,0.03889624477442024,0.3926934774265963,0.5407842048716011,0.008952354359611454,0.4502634407687876,1.0735984920526906,0.7171795897602437,11.205137624515945,1,0.9762101769447327,0.5248581767082214,11.893993448014903
2,fixed,single-full,2,12,9,12.235690671404921,11.8888485294473,12.235690671404921,11.8888485294473,0.0,0.02322768413833435,0.018026363449829486,0.4405440384664923,0.5061176225654768,0.012084291379866973,0.4817980860546561,1.0546515267027052,0.715481825951503,12.774512224632403,0,0.9466132521629333,0.9466132521629333,13.469060560946355
2,fixed,single-full,2,12,9,12.235690671404921,11.8888485294473,12.235690671404921,11.8888485294473,0.0,0.02322768413833435,0.018026363449829486,0.4405440384664923,0.5061176225654768,0.012084291379866973,0.4817980860546561,1.0546515267027052,0.715481825951503,12.774512224632403,1,0.9509509205818176,0.9509509205818176,13.431863372302159
2,fixed,single-full,2,30,9,11.893993448014903,12.254302663448136,11.893993448014903,12.254302663448136,0.0012687733716027247,0.02124336205876723,0.023911177810576768,0.4496888837298464,0.49144720121434116,0.012440601814865684,0.4961121969707931,1.058694734089869,0.7152614408361725,12.94483648683038,0,0.9565120339393616,0.9565120339393616,13.65054069478477
2,fixed,single-full,2,30,9,11.893993448014903,12.254302663448136,11.893993448014903,12.254302663448136,0.0012687733716027247,0.02124336205876723,0.023911177810576768,0.4496888837298464,0.49144720121434116,0.012440601814865684,0.4961121969707931,1.058694734089869,0.7152614408361725,12.94483648683038,1,0.951507031917572,0.951507031917572,13.665170535354198
2,fixed,single-full,3,01,9,13.469060560946355,13.431863372302159,13.469060560946355,13.431863372302159,0.0,0.0,0.0,0.008318376916786356,0.9916816230832137,0.0,0.008318376916786356,1.0064221284967587,0.716849469727971,13.534695231670906,0,0.9568457007408142,0.9568457007408142,14.149152781673584
2,fixed,single-full,3,01,9,13.469060560946355,13.431863372302159,13.469060560946355,13.431863372302159,0.0,0.0,0.0,0.008318376916786356,0.9916816230832137,0.0,0.008318376916786356,1.0064221284967587,0.716849469727971,13.534695231670906,1,0.9629629850387573,0.9629629850387573,14.096259732097828
2,fixed,single-full,3,23,9,13.65054069478477,13.665170535354198,13.65054069478477,13.665170535354198,0.0,0.0,0.00038575761705373545,0.007090142566009105,0.9925240998169373,0.0,0.007475900183062841,1.0048425930310518,0.7155285583445699,13.707803651811522,0,0.9597374796867371,0.9597374796867371,14.330419508121986
2,fixed,single-full,3,23,9,13.65054069478477,13.665170535354198,13.65054069478477,13.665170535354198,0.0,0.0,0.00038575761705373545,0.007090142566009105,0.9925240998169373,0.0,0.007475900183062841,1.0048425930310518,0.7155285583445699,13.707803651811522,1,0.9577354788780212,0.9577354788780212,14.288610592937824
2,fixed,single-full,4,12,9,14.096259732097828,14.330419508121986,14.096259732097828,14.330419508121986,0.0038171452517660976,0.0,0.00037928598191506855,0.036795557326577896,0.9589899843662458,1.8027073495276998e-05,0.04099198856025906,1.0303063971122812,0.7216169261160009,14.595572518826792,0,0.9640752077102661,0.9640752077102661,15.16231079635409
2,fixed,single-full,4,12,9,14.096259732097828,14.330419508121986,14.096259732097828,14.330419508121986,0.0038171452517660976,0.0,0.00037928598191506855,0.036795557326577896,0.9589899843662458,1.8027073495276998e-05,0.04099198856025906,1.0303063971122812,0.7216169261160009,14.595572518826792,1,0.957957923412323,0.957957923412323,15.116863184577294
2,fixed,single-full,4,30,9,14.288610592937824,14.149152781673584,14.288610592937824,14.149152781673584,0.001454541929753793,0.0,0.0,0.034763990899016994,0.9637759182034856,5.548967743565565e-06,0.036218532828770786,1.0214097569255127,0.7176129183491511,14.489289803718075,0,0.962295651435852,0.962295651435852,15.001576898170958
2,fixed,single-full,4,30,9,14.288610592937824,14.149152781673584,14.288610592937824,14.149152781673584,0.001454541929753793,0.0,0.0,0.034763990899016994,0.9637759182034856,5.548967743565565e-06,0.036218532828770786,1.0214097569255127,0.7176129183491511,14.489289803718075,1,0.9626293182373047,0.9626293182373047,15.026478635419346
2,fixed,single-full,5,01,9,15.16231079635409,15.116863184577294,15.16231079635409,15.116863184577294,0.0,0.0,0.0004708627152117476,0.006208331459222834,0.9933208058255654,0.0,0.006679194174434582,1.0035031250962334,0.719015893802053,15.179104488678139,0,0.9601823687553406,0.9601823687553406,15.668962246977875
2,fixed,single-full,5,01,9,15.16231079635409,15.116863184577294,15.16231079635409,15.116863184577294,0.0,0.0,0.0004708627152117476,0.006208331459222834,0.9933208058255654,0.0,0.006679194174434582,1.0035031250962334,0.719015893802053,15.179104488678139,1,0.9677455425262451,0.9677455425262451,15.702479471336181
2,fixed,single-full,5,23,9,15.001576898170958,15.026478635419346,15.001576898170958,15.026478635419346,0.0,0.0,0.0,0.009724099824932043,0.9902759001750681,0.0,0.009724099824932043,1.0060809910277668,0.7161431773498532,15.12780269368535,0,0.9657435417175293,0.9657435417175293,15.636615751377128
2,fixed,single-full,5,23,9,15.001576898170958,15.026478635419346,15.001576898170958,15.026478635419346,0.0,0.0,0.0,0.009724099824932043,0.9902759001750681,0.0,0.009724099824932043,1.0060809910277668,0.7161431773498532,15.12780269368535,1,0.967856764793396,0.967856764793396,15.639364815546491
2,fixed,single-full,6,12,9,15.702479471336181,15.636615751377128,15.702479471336181,15.636615751377128,0.0011147844904606974,0.0,0.0005026810719321534,0.03835158487855997,0.9599391838921928,9.176566685439401e-05,0.03996905044095282,1.0412968316472886,0.7189739780281577,16.330747684002414,0,0.9691914319992065,0.9691914319992065,16.777001971919407
2,fixed,single-full,6,12,9,15.702479471336181,15.636615751377128,15.702479471336181,15.636615751377128,0.0011147844904606974,0.0,0.0005026810719321534,0.03835158487855997,0.9599391838921928,9.176566685439401e-05,0.03996905044095282,1.0412968316472886,0.7189739780281577,16.330747684002414,1,0.9690802097320557,0.9690802097320557,16.84251631031937
2,fixed,single-full,6,30,9,15.639364815546491,15.668962246977875,15.639364815546491,15.668962246977875,0.0011020808636086569,0.0,0.0,0.028068003879590856,0.9707741821752014,5.573308159918843e-05,0.029170084743199515,1.0227455452743768,0.7193620312167235,16.059260323842295,0,0.9683016538619995,0.9683016538619995,16.584051062135313
2,fixed,single-full,6,30,9,15.639364815546491,15.668962246977875,15.639364815546491,15.668962246977875,0.0011020808636086569,0.0,0.0,0.028068003879590856,0.9707741821752014,5.573308159918843e-05,0.029170084743199515,1.0227455452743768,0.7193620312167235,16.059260323842295,1,0.9617394804954529,0.9617394804954529,16.50748560947673
2,fixed,copyA,1,01,5,10.244811118636251,10.9345301830312,10.244811118636251,10.9345301830312,,,,,,,,,,10.244811118636251,0,0.9741194844245911,0.5567789673805237,12.08307299406316
2,fixed,copyA,1,01,5,10.244811118636251,10.9345301830312,10.244811118636251,10.9345301830312,,,,,,,,,,10.244811118636251,1,0.9698385000228882,0.5543320775032043,12.070391813644271
2,fixed,copyA,1,23,5,10.837860314309673,10.468910065810462,10.837860314309673,10.468910065810462,,,,,,,,,,10.837860314309673,0,0.9549027681350708,0.5134022831916809,12.399657599235768
2,fixed,copyA,1,23,5,10.837860314309673,10.468910065810462,10.837860314309673,10.468910065810462,,,,,,,,,,10.837860314309673,1,0.9571782946586609,0.5146257281303406,12.390230511651144
2,fixed,copyA,2,12,9,12.070391813644271,12.399657599235768,12.070391813644271,12.399657599235768,,,,,,,,,,12.070391813644271,0,0.894561231136322,0.894561231136322,13.650173205342037
2,fixed,copyA,2,12,9,12.070391813644271,12.399657599235768,12.070391813644271,12.399657599235768,,,,,,,,,,12.070391813644271,1,0.8831053376197815,0.8831053376197815,13.621401359327123
2,fixed,copyA,2,30,9,12.390230511651144,12.08307299406316,12.390230511651144,12.08307299406316,,,,,,,,,,12.390230511651144,0,0.9138026833534241,0.9138026833534241,13.93755991874337
2,fixed,copyA,2,30,9,12.390230511651144,12.08307299406316,12.390230511651144,12.08307299406316,,,,,,,,,,12.390230511651144,1,0.9168056845664978,0.9168056845664978,13.929871742902845
2,fixed,copyA,3,01,9,13.650173205342037,13.621401359327123,13.650173205342037,13.621401359327123,,,,,,,,,,13.650173205342037,0,0.9310421347618103,0.9310421347618103,14.106162733226967
2,fixed,copyA,3,01,9,13.650173205342037,13.621401359327123,13.650173205342037,13.621401359327123,,,,,,,,,,13.650173205342037,1,0.941385805606842,0.941385805606842,14.024400388843084
2,fixed,copyA,3,23,9,13.93755991874337,13.929871742902845,13.93755991874337,13.929871742902845,,,,,,,,,,13.93755991874337,0,0.946946918964386,0.946946918964386,14.385575859234317
2,fixed,copyA,3,23,9,13.93755991874337,13.929871742902845,13.93755991874337,13.929871742902845,,,,,,,,,,13.93755991874337,1,0.9483928084373474,0.9483928084373474,14.359601904016502
2,fixed,copyA,4,12,9,14.024400388843084,14.385575859234317,14.024400388843084,14.385575859234317,,,,,,,,,,14.024400388843084,0,0.9530641436576843,0.9530641436576843,14.528452833353885
2,fixed,copyA,4,12,9,14.024400388843084,14.385575859234317,14.024400388843084,14.385575859234317,,,,,,,,,,14.024400388843084,1,0.9408296942710876,0.9408296942710876,14.477358218329261
2,fixed,copyA,4,30,9,14.359601904016502,14.106162733226967,14.359601904016502,14.106162733226967,,,,,,,,,,14.359601904016502,0,0.9528416991233826,0.9528416991233826,14.811910032076554
2,fixed,copyA,4,30,9,14.359601904016502,14.106162733226967,14.359601904016502,14.106162733226967,,,,,,,,,,14.359601904016502,1,0.9505060315132141,0.9505060315132141,14.817027422167358
2,fixed,copyA,5,01,9,14.528452833353885,14.477358218329261,14.528452833353885,14.477358218329261,,,,,,,,,,14.528452833353885,0,0.9517294764518738,0.9517294764518738,15.027384179771284
2,fixed,copyA,5,01,9,14.528452833353885,14.477358218329261,14.528452833353885,14.477358218329261,,,,,,,,,,14.528452833353885,1,0.9566232562065125,0.9566232562065125,14.987448174361129
2,fixed,copyA,5,23,9,14.811910032076554,14.817027422167358,14.811910032076554,14.817027422167358,,,,,,,,,,14.811910032076554,0,0.9611833691596985,0.9611833691596985,15.231759891162636
2,fixed,copyA,5,23,9,14.811910032076554,14.817027422167358,14.811910032076554,14.817027422167358,,,,,,,,,,14.811910032076554,1,0.9638527631759644,0.9638527631759644,15.24625319939886
2,fixed,copyA,6,12,9,14.987448174361129,15.231759891162636,14.987448174361129,15.231759891162636,,,,,,,,,,14.987448174361129,0,0.95884770154953,0.95884770154953,15.46817058335342
2,fixed,copyA,6,12,9,14.987448174361129,15.231759891162636,14.987448174361129,15.231759891162636,,,,,,,,,,14.987448174361129,1,0.9621844291687012,0.9621844291687012,15.454189550298297
2,fixed,copyA,6,30,9,15.24625319939886,15.027384179771284,15.24625319939886,15.027384179771284,,,,,,,,,,15.24625319939886,0,0.9617394804954529,0.9617394804954529,15.697993883720665
2,fixed,copyA,6,30,9,15.24625319939886,15.027384179771284,15.24625319939886,15.027384179771284,,,,,,,,,,15.24625319939886,1,0.9596262574195862,0.9596262574195862,15.705588751514073
2,popmean,average,1,01,5,8.77998654099559,9.077015458429573,10.244811118636251,10.9345301830312,0.0025596688179019777,0.010881920694009804,0.03239643208933252,0.5534459533171597,0.2670558677298542,0.13366015735174186,0.599283974918404,0.5744163801568207,0.7176711532475819,7.726082413270595,0,0.9848219752311707,0.5628962516784668,8.877999026510775
2,popmean,average,1,01,5,8.77998654099559,9.077015458429573,10.244811118636251,10.9345301830312,0.0025596688179019777,0.010881920694009804,0.03239643208933252,0.5534459533171597,0.2670558677298542,0.13366015735174186,0.599283974918404,0.5744163801568207,0.7176711532475819,7.726082413270595,1,0.9863787293434143,0.5637860298156738,8.8728486964439
2,popmean,average,1,23,5,8.87332236794419,8.742335080813413,10.837860314309673,10.468910065810462,0.004826335522561256,0.003082206941015244,0.005041120534340012,0.5352030947055937,0.3536970587613277,0.09815018353516228,0.5481527577035102,0.5860163209191895,0.7162284155851109,7.944746335586016,0,0.9716590642929077,0.5224112868309021,8.983075317277798
2,popmean,average,1,23,5,8.87332236794419,8.742335080813413,10.837860314309673,10.468910065810462,0.004826335522561256,0.003082206941015244,0.005041120534340012,0.5352030947055937,0.3536970587613277,0.09815018353516228,0.5481527577035102,0.5860163209191895,0.7162284155851109,7.944746335586016,1,0.970417857170105,0.5217439532279968,9.042873234726788
2,popmean,average,2,12,9,6.1001255294589,6.075131186120661,8.8728486964439,8.983075317277798,0.011290844296113427,0.0,0.026890812388233976,0.6676954550289294,0.2027864425405999,0.09133644574612325,0.7058771117132767,0.17008081549159704,0.7190794915961389,6.619972003311213,0,0.9443888068199158,0.9443888068199158,8.171915197441178
2,popmean,average,2,12,9,6.1001255294589,6.075131186120661,8.8728486964439,8.983075317277798,0.011290844296113427,0.0,0.026890812388233976,0.6676954550289294,0.2027864425405999,0.09133644574612325,0.7058771117132767,0.17008081549159704,0.7190794915961389,6.619972003311213,1,0.947836697101593,0.947836697101593,8.171444197590635
2,popmean,average,2,30,9,6.085828157541766,6.105645106594292,9.042873234726788,8.877999026510775,0.03599382504298364,0.0,0.0,0.7349633303586658,0.1264030232952437,0.10263982130310688,0.7709571554016494,0.16979157495771033,0.7182185253790729,6.656573421452141,0,0.9512845873832703,0.9512845873832703,8.199735016421544
2,popmean,average,2,30,9,6.085828157541766,6.105645106594292,9.042873234726788,8.877999026510775,0.03599382504298364,0.0,0.0,0.7349633303586658,0.1264030232952437,0.10263982130310688,0.7709571554016494,0.16979157495771033,0.7182185253790729,6.656573421452141,1,0.9401623606681824,0.9401623606681824,8.15087213178126
2,popmean,average,3,01,9,2.210086556252727,2.207666031259681,8.171915197441178,8.171444197590635,3.279745758432815e-05,0.011607716482712938,0.012674579915747258,0.45868559446534224,0.46021747659659906,0.05678183508201423,0.48300068832138676,0.6818061984932745,0.7154324691469173,8.008840901003781,0,0.9550661444664001,0.9550661444664001,9.1226849582288
2,popmean,average,3,01,9,2.210086556252727,2.207666031259681,8.171915197441178,8.171444197590635,3.279745758432815e-05,0.011607716482712938,0.012674579915747258,0.45868559446534224,0.46021747659659906,0.05678183508201423,0.48300068832138676,0.6818061984932745,0.7154324691469173,8.008840901003781,1,0.9597374796867371,0.9597374796867371,9.038081717155233
2,popmean,average,3,23,9,2.2635978279712377,2.158019440427147,8.199735016421544,8.15087213178126,0.0002718809917840395,0.011164675220135069,0.02597482063650879,0.45660099021879624,0.4390255225422071,0.06696211039056904,0.4940123670672241,0.6768521707086976,0.7154902624661581,8.011868901651528,0,0.9602935910224915,0.9602935910224915,9.0710877337479
2,popmean,average,3,23,9,2.2635978279712377,2.158019440427147,8.199735016421544,8.15087213178126,0.0002718809917840395,0.011164675220135069,0.02597482063650879,0.45660099021879624,0.4390255225422071,0.06696211039056904,0.4940123670672241,0.6768521707086976,0.7154902624661581,8.011868901651528,1,0.9546212553977966,0.9546212553977966,9.048468916719768
2,popmean,average,4,12,9,2.443074991179566,2.428143707230315,9.038081717155233,9.0710877337479,0.0002619661326580534,0.010693829710312372,0.015282867850442512,0.44947036748199426,0.3709022506307348,0.15338871819385785,0.4757090311754072,0.46494825887041774,0.7187329316324981,8.794278696239296,0,0.9585140347480774,0.9585140347480774,9.753884645983817
2,popmean,average,4,12,9,2.443074991179566,2.428143707230315,9.038081717155233,9.0710877337479,0.0002619661326580534,0.010693829710312372,0.015282867850442512,0.44947036748199426,0.3709022506307348,0.15338871819385785,0.4757090311754072,0.46494825887041774,0.7187329316324981,8.794278696239296,1,0.9549549221992493,0.9549549221992493,9.759694291704538
2,popmean,average,4,30,9,2.44357078392408,2.5076307020463555,9.048468916719768,9.1226849582288,0.0,0.006089080598675054,0.00640402217904261,0.48393585494743996,0.3726793143203166,0.13089172795452567,0.4964289577251576,0.45601555992245746,0.7193537146877442,8.81505926583774,0,0.9557334780693054,0.9557334780693054,9.742657206327738
2,popmean,average,4,30,9,2.44357078392408,2.5076307020463555,9.048468916719768,9.1226849582288,0.0,0.006089080598675054,0.00640402217904261,0.48393585494743996,0.3726793143203166,0.13089172795452567,0.4964289577251576,0.45601555992245746,0.7193537146877442,8.81505926583774,1,0.9574018120765686,0.9574018120765686,9.757774404567815
2,popmean,average,5,01,9,2.4153380925491494,2.4122430229548195,9.753884645983817,9.759694291704538,0.0,0.005957412516871045,0.006474177923576783,0.4861179991643285,0.4352139452293264,0.0662364651658974,0.49854958960477636,0.6628101580592562,0.7156064322781339,9.587739607261057,0,0.9576242566108704,0.9576242566108704,10.422868014117524
2,popmean,average,5,01,9,2.4153380925491494,2.4122430229548195,9.753884645983817,9.759694291704538,0.0,0.005957412516871045,0.006474177923576783,0.4861179991643285,0.4352139452293264,0.0662364651658974,0.49854958960477636,0.6628101580592562,0.7156064322781339,9.587739607261057,1,0.9648537635803223,0.9648537635803223,10.414287812285004
2,popmean,average,5,23,9,2.488254393785359,2.3838632193093,9.742657206327738,9.757774404567815,0.0,0.002371718341215237,0.0014078194899694964,0.4950748178646015,0.42776405638357035,0.07338158792064337,0.49885435569578623,0.6544407844382814,0.7158052353957048,9.575272703573244,0,0.9642976522445679,0.9642976522445679,10.380161955530893
2,popmean,average,5,23,9,2.488254393785359,2.3838632193093,9.742657206327738,9.757774404567815,0.0,0.002371718341215237,0.0014078194899694964,0.4950748178646015,0.42776405638357035,0.07338158792064337,0.49885435569578623,0.6544407844382814,0.7158052353957048,9.575272703573244,1,0.9634078741073608,0.9634078741073608,10.351623932389682
2,popmean,average,6,12,9,2.675866297361356,2.649723825756141,10.414287812285004,10.380161955530893,0.0001677414147714769,0.005956352065913241,0.016141038979039707,0.43867250988574463,0.4188831572996211,0.12017920035490963,0.4609376423454691,0.492954989085166,0.7188765007757185,10.135714481102992,0,0.9652986526489258,0.9652986526489258,10.92305153436714
2,popmean,average,6,12,9,2.675866297361356,2.649723825756141,10.414287812285004,10.380161955530893,0.0001677414147714769,0.005956352065913241,0.016141038979039707,0.43867250988574463,0.4188831572996211,0.12017920035490963,0.4609376423454691,0.492954989085166,0.7188765007757185,10.135714481102992,1,0.9618507623672485,0.9618507623672485,10.971109690316712
2,popmean,average,6,30,9,2.6723890662260783,2.6459315414197375,10.351623932389682,10.422868014117524,0.0007855704752120894,0.010702930879729494,0.014899988277330304,0.408183989310682,0.4533027313140574,0.11212478974298876,0.4345724789429539,0.49136245764991315,0.7192467562632308,10.126481092981647,0,0.9644088745117188,0.9644088745117188,10.962506506494268
2,popmean,average,6,30,9,2.6723890662260783,2.6459315414197375,10.351623932389682,10.422868014117524,0.0007855704752120894,0.010702930879729494,0.014899988277330304,0.408183989310682,0.4533027313140574,0.11212478974298876,0.4345724789429539,0.49136245764991315,0.7192467562632308,10.126481092981647,1,0.9567344784736633,0.9567344784736633,10.930342505684218
2,popmean,single-full,1,01,5,8.77998654099559,9.077015458429573,10.244811118636251,10.9345301830312,0.0025596688179019777,0.010881920694009804,0.03239643208933252,0.5534459533171597,0.2670558677298542,0.13366015735174186,0.599283974918404,0.8274676449813329,0.7176711532475819,9.5088846498943,0,0.9828760623931885,0.561784029006958,10.429496150427685
2,popmean,single-full,1,01,5,8.77998654099559,9.077015458429573,10.244811118636251,10.9345301830312,0.0025596688179019777,0.010881920694009804,0.03239643208933252,0.5534459533171597,0.2670558677298542,0.13366015735174186,0.599283974918404,0.8274676449813329,0.7176711532475819,9.5088846498943,1,0.9867678880691528,0.5640084743499756,10.368664981471667
2,popmean,single-full,1,23,5,8.87332236794419,8.742335080813413,10.837860314309673,10.468910065810462,0.004826335522561256,0.003082206941015244,0.005041120534340012,0.5352030947055937,0.3536970587613277,0.09815018353516228,0.5481527577035102,0.8381435605363345,0.7162284155851109,9.686338035831973,0,0.969590425491333,0.5212990641593933,10.540504610089782
2,popmean,single-full,1,23,5,8.87332236794419,8.742335080813413,10.837860314309673,10.468910065810462,0.004826335522561256,0.003082206941015244,0.005041120534340012,0.5352030947055937,0.3536970587613277,0.09815018353516228,0.5481527577035102,0.8381435605363345,0.7162284155851109,9.686338035831973,1,0.9733140468597412,0.5233010649681091,10.479658077799044
2,popmean,single-full,2,12,9,7.977101144627926,8.00981025992597,10.368664981471667,10.540504610089782,0.0,0.015796802401445497,0.0,0.7729808189850315,0.13142233562781722,0.07980004298570577,0.788777621386477,0.15723114898235335,0.7174085095316559,6.873632533486473,0,0.9447224736213684,0.9447224736213684,8.402480868524293
2,popmean,single-full,2,12,9,7.977101144627926,8.00981025992597,10.368664981471667,10.540504610089782,0.0,0.015796802401445497,0.0,0.7729808189850315,0.13142233562781722,0.07980004298570577,0.788777621386477,0.15723114898235335,0.7174085095316559,6.873632533486473,1,0.9492825865745544,0.9492825865745544,8.37550677997724
2,popmean,single-full,2,30,9,7.928869548520588,7.986313945849459,10.479658077799044,10.429496150427685,0.09076605913953728,0.0,0.0,0.7787304158558959,0.05970349476452564,0.07080003024004151,0.8694964749954331,0.15814059407397527,0.7178351431260788,6.931053928920504,0,0.9479479193687439,0.9479479193687439,8.408518880530472
2,popmean,single-full,2,30,9,7.928869548520588,7.986313945849459,10.479658077799044,10.429496150427685,0.09076605913953728,0.0,0.0,0.7787304158558959,0.05970349476452564,0.07080003024004151,0.8694964749954331,0.15814059407397527,0.7178351431260788,6.931053928920504,1,0.9376042485237122,0.9376042485237122,8.3924260587848
2,popmean,single-full,3,01,9,2.3263192261155834,2.315470241176551,8.402480868524293,8.37550677997724,0.0,0.006874685318758256,0.007142855957807947,0.40203734992746537,0.5335397399544454,0.050405368841523024,0.41605489120403155,0.9945929204466676,0.7161478866545133,8.367076847211248,0,0.9553998112678528,0.9553998112678528,9.418516765426427
2,popmean,single-full,3,01,9,2.3263192261155834,2.315470241176551,8.402480868524293,8.37550677997724,0.0,0.006874685318758256,0.007142855957807947,0.40203734992746537,0.5335397399544454,0.050405368841523024,0.41605489120403155,0.9945929204466676,0.7161478866545133,8.367076847211248,1,0.9617394804954529,0.9617394804954529,9.316478923104128
2,popmean,single-full,3,23,9,2.4016062391958086,2.31470806197987,8.408518880530472,8.3924260587848,5.8717770307179067e-05,0.007586467167966285,0.021160203920087967,0.416961423960785,0.5061868823191721,0.04804630486168138,0.44576681281914643,0.985216886472267,0.7157928887572634,8.403325831964992,0,0.9559559226036072,0.9559559226036072,9.396409341987466
2,popmean,single-full,3,23,9,2.4016062391958086,2.31470806197987,8.408518880530472,8.3924260587848,5.8717770307179067e-05,0.007586467167966285,0.021160203920087967,0.416961423960785,0.5061868823191721,0.04804630486168138,0.44576681281914643,0.985216886472267,0.7157928887572634,8.403325831964992,1,0.9536202549934387,0.9536202549934387,9.344487305207883
2,popmean,single-full,4,12,9,2.9334405911404295,2.9330242814325524,9.316478923104128,9.396409341987466,0.00986404032614135,0.009189870570064557,0.014376075633859802,0.47000555368007724,0.3743111725329621,0.12225328725689494,0.5034355402101429,0.49369988226683154,0.7191480283977554,8.999525069525415,0,0.9589589238166809,0.9589589238166809,9.933674983722161
2,popmean,single-full,4,12,9,2.9334405911404295,2.9330242814325524,9.316478923104128,9.396409341987466,0.00986404032614135,0.009189870570064557,0.014376075633859802,0.47000555368007724,0.3743111725329621,0.12225328725689494,0.5034355402101429,0.49369988226683154,0.7191480283977554,8.999525069525415,1,0.9572905898094177,0.9572905898094177,9.945666533466877
2,popmean,single-full,4,30,9,2.8901686638884763,3.002435281811809,9.344487305207883,9.418516765426427,0.0010415643673283782,0.005567088626607398,0.006949986967488963,0.5096258409048456,0.35027494311245194,0.12654057602127752,0.5231844808662703,0.48868072591066347,0.7187476814942679,9.03500965492219,0,0.9572905898094177,0.9572905898094177,9.958101387750524
2,popmean,single-full,4,30,9,2.8901686638884763,3.002435281811809,9.344487305207883,9.418516765426427,0.0010415643673283782,0.005567088626607398,0.006949986967488963,0.5096258409048456,0.35027494311245194,0.12654057602127752,0.5231844808662703,0.48868072591066347,0.7187476814942679,9.03500965492219,1,0.9568457007408142,0.9568457007408142,9.949945955044548
2,popmean,single-full,5,01,9,2.491494162731144,2.4921715835155305,9.933674983722161,9.945666533466877,0.0,0.006085427335187547,0.006638936028543275,0.45070780885331774,0.47760255792971823,0.05896526985323329,0.4634321722170486,0.9758350227088239,0.7159069476374291,9.916895519894528,0,0.9594038128852844,0.9594038128852844,10.762570726646693
2,popmean,single-full,5,01,9,2.491494162731144,2.4921715835155305,9.933674983722161,9.945666533466877,0.0,0.006085427335187547,0.006638936028543275,0.45070780885331774,0.47760255792971823,0.05896526985323329,0.4634321722170486,0.9758350227088239,0.7159069476374291,9.916895519894528,1,0.9645200967788696,0.9645200967788696,10.714129281521402
2,popmean,single-full,5,23,9,2.563720450906156,2.4807969141720405,9.958101387750524,9.949945955044548,5.648098557451427e-05,0.00936407036601157,0.0032542076620462154,0.4722713743677847,0.4566205378271604,0.05843332879142244,0.484946133381417,0.9728536980846354,0.7156902816429169,9.928558934347047,0,0.9642976522445679,0.9642976522445679,10.711578975869482
2,popmean,single-full,5,23,9,2.563720450906156,2.4807969141720405,9.958101387750524,9.949945955044548,5.648098557451427e-05,0.00936407036601157,0.0032542076620462154,0.4722713743677847,0.4566205378271604,0.05843332879142244,0.484946133381417,0.9728536980846354,0.7156902816429169,9.928558934347047,1,0.9631854295730591,0.9631854295730591,10.701558055347688
2,popmean,single-full,6,12,9,3.1134639365091594,3.1061569981387525,10.714129281521402,10.711578975869482,0.0002099726801186816,0.0030039995483203226,0.00688913924336261,0.45694859879705657,0.4020603654745168,0.13088792425662513,0.46705171026885817,0.534677553345831,0.7193527665537184,10.380122339471557,0,0.9645200967788696,0.9645200967788696,11.127687010194087
2,popmean,single-full,6,12,9,3.1134639365091594,3.1061569981387525,10.714129281521402,10.711578975869482,0.0002099726801186816,0.0030039995483203226,0.00688913924336261,0.45694859879705657,0.4020603654745168,0.13088792425662513,0.46705171026885817,0.534677553345831,0.7193527665537184,10.380122339471557,1,0.9615170359611511,0.9615170359611511,11.174519844198956
2,popmean,single-full,6,30,9,3.0909890382769487,3.1255105427018903,10.701558055347688,10.762570726646693,0.0013861643638241516,0.010354769223591478,0.014556123509050833,0.4371058834421931,0.41701805610103776,0.1195790033603027,0.46340294053865955,0.54670818042166,0.7189071865397035,10.419698456084687,0,0.96329665184021,0.96329665184021,11.198467738494978
2,popmean,single-full,6,30,9,3.0909890382769487,3.1255105427018903,10.701558055347688,10.762570726646693,0.0013861643638241516,0.010354769223591478,0.014556123509050833,0.4371058834421931,0.41701805610103776,0.1195790033603027,0.46340294053865955,0.54670818042166,0.7189071865397035,10.419698456084687,1,0.9578467011451721,0.9578467011451721,11.201901223401396
2,popmean,copyA,1,01,5,8.77998654099559,9.077015458429573,10.244811118636251,10.9345301830312,,,,,,,,,,10.244811118636251,0,0.9741194844245911,0.5567789673805237,12.08307299406316
2,popmean,copyA,1,01,5,8.77998654099559,9.077015458429573,10.244811118636251,10.9345301830312,,,,,,,,,,10.244811118636251,1,0.9698385000228882,0.5543320775032043,12.070391813644271
2,popmean,copyA,1,23,5,8.87332236794419,8.742335080813413,10.837860314309673,10.468910065810462,,,,,,,,,,10.837860314309673,0,0.9549027681350708,0.5134022831916809,12.399657599235768
2,popmean,copyA,1,23,5,8.87332236794419,8.742335080813413,10.837860314309673,10.468910065810462,,,,,,,,,,10.837860314309673,1,0.9571782946586609,0.5146257281303406,12.390230511651144
2,popmean,copyA,2,12,9,7.90765204799211,7.899428774575981,12.070391813644271,12.399657599235768,,,,,,,,,,12.070391813644271,0,0.894561231136322,0.894561231136322,13.650173205342037
2,popmean,copyA,2,12,9,7.90765204799211,7.899428774575981,12.070391813644271,12.399657599235768,,,,,,,,,,12.070391813644271,1,0.8831053376197815,0.8831053376197815,13.621401359327123
2,popmean,copyA,2,30,9,7.863423559301449,7.88835362895288,12.390230511651144,12.08307299406316,,,,,,,,,,12.390230511651144,0,0.9138026833534241,0.9138026833534241,13.93755991874337
2,popmean,copyA,2,30,9,7.863423559301449,7.88835362895288,12.390230511651144,12.08307299406316,,,,,,,,,,12.390230511651144,1,0.9168056845664978,0.9168056845664978,13.929871742902845
2,popmean,copyA,3,01,9,8.76148808779605,8.814432948964205,13.650173205342037,13.621401359327123,,,,,,,,,,13.650173205342037,0,0.9310421347618103,0.9310421347618103,14.106162733226967
2,popmean,copyA,3,01,9,8.76148808779605,8.814432948964205,13.650173205342037,13.621401359327123,,,,,,,,,,13.650173205342037,1,0.941385805606842,0.941385805606842,14.024400388843084
2,popmean,copyA,3,23,9,8.720327655265313,8.720701078395269,13.93755991874337,13.929871742902845,,,,,,,,,,13.93755991874337,0,0.946946918964386,0.946946918964386,14.385575859234317
2,popmean,copyA,3,23,9,8.720327655265313,8.720701078395269,13.93755991874337,13.929871742902845,,,,,,,,,,13.93755991874337,1,0.9483928084373474,0.9483928084373474,14.359601904016502
2,popmean,copyA,4,12,9,9.16168514830428,9.171822938070303,14.024400388843084,14.385575859234317,,,,,,,,,,14.024400388843084,0,0.9530641436576843,0.9530641436576843,14.528452833353885
2,popmean,copyA,4,12,9,9.16168514830428,9.171822938070303,14.024400388843084,14.385575859234317,,,,,,,,,,14.024400388843084,1,0.9408296942710876,0.9408296942710876,14.477358218329261
2,popmean,copyA,4,30,9,9.136316792190499,9.186941899960404,14.359601904016502,14.106162733226967,,,,,,,,,,14.359601904016502,0,0.9528416991233826,0.9528416991233826,14.811910032076554
2,popmean,copyA,4,30,9,9.136316792190499,9.186941899960404,14.359601904016502,14.106162733226967,,,,,,,,,,14.359601904016502,1,0.9505060315132141,0.9505060315132141,14.817027422167358
2,popmean,copyA,5,01,9,9.51142581992169,9.52330370428169,14.528452833353885,14.477358218329261,,,,,,,,,,14.528452833353885,0,0.9517294764518738,0.9517294764518738,15.027384179771284
2,popmean,copyA,5,01,9,9.51142581992169,9.52330370428169,14.528452833353885,14.477358218329261,,,,,,,,,,14.528452833353885,1,0.9566232562065125,0.9566232562065125,14.987448174361129
2,popmean,copyA,5,23,9,9.476602571705872,9.555881523961641,14.811910032076554,14.817027422167358,,,,,,,,,,14.811910032076554,0,0.9611833691596985,0.9611833691596985,15.231759891162636
2,popmean,copyA,5,23,9,9.476602571705872,9.555881523961641,14.811910032076554,14.817027422167358,,,,,,,,,,14.811910032076554,1,0.9638527631759644,0.9638527631759644,15.24625319939886
2,popmean,copyA,6,12,9,9.822871787581407,9.80478272105475,14.987448174361129,15.231759891162636,,,,,,,,,,14.987448174361129,0,0.95884770154953,0.95884770154953,15.46817058335342
2,popmean,copyA,6,12,9,9.822871787581407,9.80478272105475,14.987448174361129,15.231759891162636,,,,,,,,,,14.987448174361129,1,0.9621844291687012,0.9621844291687012,15.454189550298297
2,popmean,copyA,6,30,9,9.788732662696036,9.825504722737394,15.24625319939886,15.027384179771284,,,,,,,,,,15.24625319939886,0,0.9617394804954529,0.9617394804954529,15.697993883720665
2,popmean,copyA,6,30,9,9.788732662696036,9.825504722737394,15.24625319939886,15.027384179771284,,,,,,,,,,15.24625319939886,1,0.9596262574195862,0.9596262574195862,15.705588751514073
